{
  "@Redfish.WriteableProperties": [
    "LocationIndicatorActive",
    "AssetTag"
  ],
  "@odata.id": "/redfish/v1/Chassis/r001u11",
  "@odata.type": "#Chassis.v1_24_0.Chassis",
  "Assembly": {
    "@odata.id": "/redfish/v1/Chassis/r001u11/Assembly"
  },
  "AssetTag": "",
  "ChassisType": "RackMount",
  "Drives": {
    "@odata.id": "/redfish/v1/Chassis/r001u11/Drives"
  },
  "Id": "r001u11",
  "Links": {
    "ComputerSystems": [
      {
        "@odata.id": "/redfish/v1/Systems/Partition1"
      }
    ],
    "ManagedBy": [
      {
        "@odata.id": "/redfish/v1/Managers/RMC"
      }
    ],
    "ResourceBlocks": [
      {
        "@odata.id": "/redfish/v1/CompositionService/ResourceBlocks/r001u11"
      }
    ],
    "Switches": [
      {
        "@odata.id": "/redfish/v1/Fabrics/FlexGrid/Switches/r001u11_HARP0"
      },
      {
        "@odata.id": "/redfish/v1/Fabrics/FlexGrid/Switches/r001u11_HARP1"
      }
    ],
    "Switches@odata.count": 2
  },
  "Location": {
    "PartLocation": {
      "ServiceLabel": "rack1/chassis_u11"
    },
    "Placement": {
      "Rack": "1",
      "RackOffset": 11,
      "RackOffsetUnits": "EIA_310"
    }
  },
  "LocationIndicatorActive": false,
  "Manufacturer": "HPE",
  "Model": "Compute Scale-up Server 3200, 4S XNC Exp Chassis",
  "Name": "rack1/chassis_u11",
  "NetworkAdapters": {
    "@odata.id": "/redfish/v1/Chassis/r001u11/NetworkAdapters"
  },
  "Oem": {
    "Hpe": {
      "@odata.type": "#HpeH3Chassis.v1_1_0.HpeH3Chassis",
      "OemChassisType": "Expansion",
      "PhysicalLocationString": "rack1/chassis_u11",
      "Physloc": "FFFF01010BFFFF62",
      "ProcessorsCompatibilityKey": "PK8071305074901",
      "ProcessorsCompatible": true
    }
  },
  "PCIeDevices": {
    "@odata.id": "/redfish/v1/Chassis/r001u11/PCIeDevices"
  },
  "PCIeSlots": {
    "@odata.id": "/redfish/v1/Chassis/r001u11/PCIeSlots"
  },
  "PartNumber": "R9N72A",
  "PhysicalSecurity": {
    "IntrusionSensor": "Normal"
  },
  "PowerState": "Off",
  "PowerSubsystem": {
    "@odata.id": "/redfish/v1/Chassis/r001u11/PowerSubsystem"
  },
  "Processors": {
    "@odata.id": "/redfish/v1/Chassis/r001u11/Processors"
  },
  "Sensors": {
    "@odata.id": "/redfish/v1/Chassis/r001u11/Sensors"
  },
  "SerialNumber": "5UF2421110",
  "Status": {
    "Conditions": [
      {
        "MessageArgs": [
          "rack1/chassis_u11"
        ],
        "MessageId": "H3Alert.1.2.ResourceAcquitted",
        "Severity": "OK",
        "Timestamp": "2024-03-24T13:22:32Z"
      },
      {
        "MessageArgs": [
          "rack1/chassis_u11"
        ],
        "MessageId": "H3Alert.1.2.HasDcdInventory",
        "Severity": "OK",
        "Timestamp": "2024-03-04T09:45:42Z"
      },
      {
        "MessageArgs": [
          "rack1/chassis_u11"
        ],
        "MessageId": "H3Alert.1.2.PowerRedundancyOk",
        "Severity": "OK",
        "Timestamp": "2024-02-29T19:28:32Z"
      },
      {
        "MessageArgs": [
          "rack1/chassis_u11"
        ],
        "MessageId": "H3Alert.1.2.FirmwareMatched",
        "Severity": "OK",
        "Timestamp": "2024-04-04T09:54:57Z"
      },
      {
        "MessageArgs": [
          "rack1/chassis_u11"
        ],
        "MessageId": "H3Alert.1.2.SiliconRootOfTrustOk",
        "Severity": "OK",
        "Timestamp": "2024-02-29T19:28:32Z"
      },
      {
        "MessageArgs": [
          "rack1/chassis_u11"
        ],
        "MessageId": "H3Alert.1.2.RecoverySiloValidationOk",
        "Severity": "OK",
        "Timestamp": "2024-02-29T19:28:32Z"
      },
      {
        "MessageArgs": [
          "rack1/chassis_u11"
        ],
        "MessageId": "H3Alert.1.2.NotBlockedByOtherDisabled",
        "Severity": "OK",
        "Timestamp": "2024-02-29T19:28:32Z"
      },
      {
        "MessageArgs": [
          "rack1/chassis_u11"
        ],
        "MessageId": "H3Alert.1.2.MgmtNetworkOk",
        "Severity": "OK",
        "Timestamp": "2024-02-29T19:28:32Z"
      },
      {
        "MessageArgs": [
          "rack1/chassis_u11"
        ],
        "MessageId": "H3Alert.1.2.MemoryConfigurationOk",
        "Severity": "OK",
        "Timestamp": "2024-02-29T19:28:32Z"
      },
      {
        "MessageArgs": [
          "rack1/chassis_u11"
        ],
        "MessageId": "H3Alert.1.2.ChassisBiosReleaseOk",
        "Severity": "OK",
        "Timestamp": "2024-03-23T05:34:39Z"
      },
      {
        "MessageArgs": [
          "rack1/chassis_u11/top_cover"
        ],
        "MessageId": "H3Alert.1.2.ChassisSecure",
        "Severity": "OK",
        "Timestamp": "2024-02-29T19:28:32Z"
      },
      {
        "MessageArgs": [
          "rack1/chassis_u11/bottom_cover"
        ],
        "MessageId": "H3Alert.1.2.ChassisSecure",
        "Severity": "OK",
        "Timestamp": "2024-02-29T19:28:32Z"
      }
    ],
    "Health": "OK",
    "HealthRollup": "OK",
    "State": "Enabled"
  },
  "ThermalSubsystem": {
    "@odata.id": "/redfish/v1/Chassis/r001u11/ThermalSubsystem"
  },
  "TrustedComponents": {
    "@odata.id": "/redfish/v1/Chassis/r001u11/TrustedComponents"
  },
  "UUID": "51fc33f5-552e-59cd-b04d-1dc35f8673c4"
}
