{
  "@odata.id": "/redfish/v1/Chassis/r001u01/ThermalSubsystem/Fans/ChassisFan3",
  "@odata.type": "#Fan.v1_5_0.Fan",
  "Id": "ChassisFan3",
  "Location": {
    "PartLocation": {
      "ServiceLabel": "rack1/chassis_u1/chassis_fan3"
    },
    "Placement": {
      "Rack": "1",
      "RackOffset": 1,
      "RackOffsetUnits": "EIA_310"
    }
  },
  "Name": "rack1/chassis_u1/chassis_fan3",
  "Oem": {
    "Hpe": {
      "@odata.type": "#HpeH3Fan.v1_0_0.HpeH3Fan",
      "PhysicalLocationString": "rack1/chassis_u1/chassis_fan3",
      "Physloc": "FFFF030101FFFF63"
    }
  },
  "Status": {
    "Conditions": [
      {
        "MessageArgs": [
          "rack1/chassis_u1/chassis_fan3"
        ],
        "MessageId": "H3Alert.1.2.ResourceAcquitted",
        "Severity": "OK",
        "Timestamp": "2024-03-24T12:59:13Z"
      },
      {
        "MessageArgs": [
          "rack1/chassis_u1/chassis_fan3"
        ],
        "MessageId": "H3Alert.1.2.FanOk",
        "Severity": "OK",
        "Timestamp": "2024-02-29T19:28:31Z"
      }
    ],
    "Health": "OK",
    "HealthRollup": "OK",
    "State": "Enabled"
  }
}
