{
  "@odata.id": "/redfish/v1/Chassis/r001u01/NetworkAdapters/PCIeCard2/NetworkDeviceFunctions",
  "@odata.type": "#NetworkDeviceFunctionCollection.NetworkDeviceFunctionCollection",
  "Members": [
    {
      "@odata.id": "/redfish/v1/Chassis/r001u01/NetworkAdapters/PCIeCard2/NetworkDeviceFunctions/PCIeCard2Port1"
    },
    {
      "@odata.id": "/redfish/v1/Chassis/r001u01/NetworkAdapters/PCIeCard2/NetworkDeviceFunctions/PCIeCard2Port2"
    }
  ],
  "Members@odata.count": 2,
  "Name": "rack1/chassis_u1/cpu0/io_slot2 Network Device Function Collection"
}
