{
  "@odata.id": "/redfish/v1/Chassis/r001u01/Processors",
  "@odata.type": "#ProcessorCollection.ProcessorCollection",
  "Members": [
    {
      "@odata.id": "/redfish/v1/CompositionService/ResourceBlocks/r001u01/Systems/1/Processors/0"
    },
    {
      "@odata.id": "/redfish/v1/CompositionService/ResourceBlocks/r001u01/Systems/1/Processors/1"
    },
    {
      "@odata.id": "/redfish/v1/CompositionService/ResourceBlocks/r001u01/Systems/1/Processors/2"
    },
    {
      "@odata.id": "/redfish/v1/CompositionService/ResourceBlocks/r001u01/Systems/1/Processors/3"
    }
  ],
  "Members@odata.count": 4,
  "Name": "Chassis r001u01 CPU Socket Collection"
}
