{
  "@Redfish.WriteableProperties": [
    "AccountLockoutDuration",
    "MinPasswordLength"
  ],
  "@odata.id": "/redfish/v1/AccountService",
  "@odata.type": "#AccountService.v1_14_0.AccountService",
  "AccountLockoutDuration": 10,
  "AccountLockoutDuration@Redfish.AllowableNumbers": [
    "0:240"
  ],
  "AccountLockoutThreshold": 3,
  "Accounts": {
    "@odata.id": "/redfish/v1/AccountService/Accounts"
  },
  "Id": "AccountService",
  "LocalAccountAuth": "Enabled",
  "MinPasswordLength": 6,
  "MinPasswordLength@Redfish.AllowableNumbers": [
    "6:64"
  ],
  "Name": "Account Service",
  "Roles": {
    "@odata.id": "/redfish/v1/AccountService/Roles"
  },
  "ServiceEnabled": true,
  "Status": {
    "Health": "OK",
    "State": "Enabled"
  }
}
