{
  "@odata.id": "/redfish/v1/Chassis/r001u01/PCIeDevices/2/Assembly",
  "@odata.type": "#Assembly.v1_4_0.Assembly",
  "Assemblies": [
    {
      "@odata.id": "/redfish/v1/Chassis/r001u01/PCIeDevices/2/Assembly#/Assemblies/0",
      "BinaryDataURI": "/redfish/v1/RawFruData/r001u01/PCIE_SLOT2",
      "MemberId": "0",
      "Model": "A2051",
      "Name": "PCIeDevice rack1/chassis_u1/cpu0/io_slot2 Assembly",
      "PartNumber": "M1262026-001",
      "Producer": "Microsoft",
      "SKU": null,
      "SerialNumber": "P20263116018003A",
      "SparePartNumber": null
    }
  ],
  "Id": "Assembly",
  "Name": "PCIeDevice rack1/chassis_u1/cpu0/io_slot2 Assemblies"
}
