{
    "@odata.etag": "\"6024f54df9213f3d17de22100cdd0a4e\"",
    "@odata.id": "/redfish/v1/Chassis/r001u06/PCIeDevices/8",
    "@odata.type": "#PCIeDevice.v1_12_0.PCIeDevice",
    "Assembly": {
        "@odata.id": "/redfish/v1/Chassis/r001u06/PCIeDevices/8/Assembly"
    },
    "FirmwareVersion": null,
    "Id": "8",
    "Manufacturer": "Mellanox",
    "Model": "ConnectX-6 100GE 1P NIC",
    "Name": "PCIe Device rack1/chassis_u6/cpu3/io_slot8",
    "Oem": {
        "Hpe": {
            "@odata.type": "#HpeH3PcieDevice.v1_0_0.HpeH3PcieDevice",
            "PhysicalLocationString": "rack1/chassis_u6/cpu3/io_slot8",
            "Physloc": "0008000106010105"
        }
    },
    "PCIeFunctions": {
        "@odata.id": "/redfish/v1/Chassis/r001u06/PCIeDevices/8/PCIeFunctions"
    },
    "PartNumber": "P24251-001",
    "SKU": null,
    "SerialNumber": "1I024201R8",
    "Slot": {
        "Location": {
            "PartLocation": {
                "ServiceLabel": "rack1/chassis_u6/cpu3/io_slot8"
            },
            "Placement": {
                "Rack": "1",
                "RackOffset": 6,
                "RackOffsetUnits": "EIA_310"
            }
        }
    },
    "SparePartNumber": null,
    "Status": {
        "Conditions": [
            {
                "MessageArgs": [
                    "rack1/chassis_u6/cpu3/io_slot8"
                ],
                "MessageId": "H3Alert.1.2.ResourceReallocated",
                "Severity": "OK",
                "Timestamp": "2024-04-03T18:44:27Z"
            },
            {
                "MessageArgs": [
                    "rack1/chassis_u6/cpu3/io_slot8"
                ],
                "MessageId": "H3Alert.1.2.ResourceReconfigured",
                "Severity": "OK",
                "Timestamp": "2024-04-03T18:44:27Z"
            },
            {
                "MessageArgs": [
                    "rack1/chassis_u6/cpu3/io_slot8"
                ],
                "MessageId": "H3Alert.1.2.ResourceAcquitted",
                "Severity": "OK",
                "Timestamp": "2024-04-03T18:44:27Z"
            },
            {
                "MessageArgs": [
                    "rack1/chassis_u6/cpu3/io_slot8"
                ],
                "MessageId": "H3Alert.1.2.LinkUp",
                "Severity": "OK",
                "Timestamp": "2024-04-03T18:44:27Z"
            },
            {
                "MessageArgs": [
                    "rack1/chassis_u6/cpu3/io_slot8"
                ],
                "MessageId": "H3Alert.1.2.PcieErrorIsolationExited",
                "Severity": "OK",
                "Timestamp": "2024-04-03T18:44:27Z"
            },
            {
                "MessageArgs": [
                    "rack1/chassis_u6/cpu3/io_slot8"
                ],
                "MessageId": "H3Alert.1.2.PcieCardHasCpu",
                "Severity": "OK",
                "Timestamp": "2024-04-03T18:44:27Z"
            },
            {
                "MessageArgs": [
                    "rack1/chassis_u6/cpu3/io_slot8"
                ],
                "MessageId": "H3Alert.1.2.PciePerformanceOk",
                "Severity": "OK",
                "Timestamp": "2024-04-03T18:44:27Z"
            },
            {
                "MessageArgs": [
                    "rack1/chassis_u6/cpu3/io_slot8"
                ],
                "MessageId": "H3Alert.1.2.NotBlockedByOtherDisabled",
                "Severity": "OK",
                "Timestamp": "2024-04-03T18:44:27Z"
            },
            {
                "MessageArgs": [
                    "rack1/chassis_u6/cpu3/io_slot8"
                ],
                "MessageId": "H3Alert.1.2.PcieLinkTrainingOk",
                "Severity": "OK",
                "Timestamp": "2024-04-03T18:44:27Z"
            },
            {
                "MessageArgs": [
                    "rack1/chassis_u6/cpu3/io_slot8"
                ],
                "MessageId": "H3Alert.1.2.ABMCPowerOnSuccess",
                "Severity": "OK",
                "Timestamp": "2024-04-03T18:44:27Z"
            },
            {
                "MessageArgs": [
                    "rack1/chassis_u6/cpu3/io_slot8"
                ],
                "MessageId": "H3Alert.1.2.ABMCReady",
                "Severity": "OK",
                "Timestamp": "2024-04-03T18:44:27Z"
            }
        ],
        "Health": "OK",
        "HealthRollup": "OK",
        "State": "Enabled"
    }
}