{
  "@odata.id": "/redfish/v1/Chassis/r001u01/NetworkAdapters/Ocp/Ports",
  "@odata.type": "#PortCollection.PortCollection",
  "Members": [
    {
      "@odata.id": "/redfish/v1/Chassis/r001u01/NetworkAdapters/Ocp/Ports/OcpPort1"
    },
    {
      "@odata.id": "/redfish/v1/Chassis/r001u01/NetworkAdapters/Ocp/Ports/OcpPort2"
    },
    {
      "@odata.id": "/redfish/v1/Chassis/r001u01/NetworkAdapters/Ocp/Ports/OcpPort3"
    },
    {
      "@odata.id": "/redfish/v1/Chassis/r001u01/NetworkAdapters/Ocp/Ports/OcpPort4"
    }
  ],
  "Members@odata.count": 4,
  "Name": "rack1/chassis_u1/cpu0/ocp_slot1 Port Collection"
}
