{
  "@odata.id": "/redfish/v1/Chassis/r001u01/PCIeDevices/OCP",
  "@odata.type": "#PCIeDevice.v1_12_0.PCIeDevice",
  "Assembly": {
    "@odata.id": "/redfish/v1/Chassis/r001u01/PCIeDevices/OCP/Assembly"
  },
  "FirmwareVersion": null,
  "Id": "OCP",
  "Manufacturer": "Intel Corporation",
  "Model": "INT I350 1GbE 4p BASE-T OCP3 Adptr",
  "Name": "PCIe Device rack1/chassis_u1/cpu0/ocp_slot1",
  "Oem": {
    "Hpe": {
      "@odata.type": "#HpeH3PcieDevice.v1_0_0.HpeH3PcieDevice",
      "PhysicalLocationString": "rack1/chassis_u1/cpu0/ocp_slot1",
      "Physloc": "000001010100000A"
    }
  },
  "PCIeFunctions": {
    "@odata.id": "/redfish/v1/Chassis/r001u01/PCIeDevices/OCP/PCIeFunctions"
  },
  "PartNumber": "P14487-001",
  "SKU": "P08449-B21",
  "SerialNumber": "6805CAEB4706",
  "Slot": {
    "Location": {
      "PartLocation": {
        "ServiceLabel": "rack1/chassis_u1/cpu0/ocp_slot1"
      },
      "Placement": {
        "Rack": "1",
        "RackOffset": 1,
        "RackOffsetUnits": "EIA_310"
      }
    }
  },
  "SparePartNumber": "P14487-001",
  "Status": {
    "Conditions": [
      {
        "MessageArgs": [
          "rack1/chassis_u1/cpu0/ocp_slot1"
        ],
        "MessageId": "H3Alert.1.2.ResourceReallocated",
        "Severity": "OK",
        "Timestamp": "2024-02-29T19:28:31Z"
      },
      {
        "MessageArgs": [
          "rack1/chassis_u1/cpu0/ocp_slot1"
        ],
        "MessageId": "H3Alert.1.2.ResourceReconfigured",
        "Severity": "OK",
        "Timestamp": "2024-02-29T19:28:31Z"
      },
      {
        "MessageArgs": [
          "rack1/chassis_u1/cpu0/ocp_slot1"
        ],
        "MessageId": "H3Alert.1.2.ResourceAcquitted",
        "Severity": "OK",
        "Timestamp": "2024-03-24T13:01:51Z"
      },
      {
        "MessageArgs": [
          "rack1/chassis_u1/cpu0/ocp_slot1"
        ],
        "MessageId": "H3Alert.1.2.LinkUp",
        "Severity": "OK",
        "Timestamp": "2024-02-29T19:28:31Z"
      },
      {
        "MessageArgs": [
          "rack1/chassis_u1/cpu0/ocp_slot1"
        ],
        "MessageId": "H3Alert.1.2.PcieErrorIsolationExited",
        "Severity": "OK",
        "Timestamp": "2024-02-29T19:28:31Z"
      },
      {
        "MessageArgs": [
          "rack1/chassis_u1/cpu0/ocp_slot1"
        ],
        "MessageId": "H3Alert.1.2.PciePerformanceOk",
        "Severity": "OK",
        "Timestamp": "2024-02-29T19:28:31Z"
      },
      {
        "MessageArgs": [
          "rack1/chassis_u1/cpu0/ocp_slot1"
        ],
        "MessageId": "H3Alert.1.2.NotBlockedByOtherDisabled",
        "Severity": "OK",
        "Timestamp": "2024-02-29T19:28:31Z"
      }
    ],
    "Health": "OK",
    "HealthRollup": "OK",
    "State": "Enabled"
  }
}
