{
    "@odata.etag": "\"5c9346d2bbf5bebe8f3a9543a3d7e16d\"",
    "@odata.id": "/redfish/v1/Chassis/r001u06/PCIeDevices/10",
    "@odata.type": "#PCIeDevice.v1_12_0.PCIeDevice",
    "Assembly": {
        "@odata.id": "/redfish/v1/Chassis/r001u06/PCIeDevices/10/Assembly"
    },
    "FirmwareVersion": "14.2.589.15, sli-4:6:d",
    "Id": "10",
    "Manufacturer": "Hewlett Packard Enterprise",
    "Model": "HPE SN1700E 64Gb 1P HBA",
    "Name": "PCIe Device rack1/chassis_u6/cpu3/io_slot10",
    "Oem": {
        "Hpe": {
            "@odata.type": "#HpeH3PcieDevice.v1_0_0.HpeH3PcieDevice",
            "PhysicalLocationString": "rack1/chassis_u6/cpu3/io_slot10",
            "Physloc": "000A000106010105"
        }
    },
    "PCIeFunctions": {
        "@odata.id": "/redfish/v1/Chassis/r001u06/PCIeDevices/10/PCIeFunctions"
    },
    "PartNumber": "P43135-001",
    "SKU": "R7N77A",
    "SerialNumber": "MYT217RM7N",
    "Slot": {
        "Location": {
            "PartLocation": {
                "ServiceLabel": "rack1/chassis_u6/cpu3/io_slot10"
            },
            "Placement": {
                "Rack": "1",
                "RackOffset": 6,
                "RackOffsetUnits": "EIA_310"
            }
        }
    },
    "SparePartNumber": "P43135-001",
    "Status": {
        "Conditions": [
            {
                "MessageArgs": [
                    "rack1/chassis_u6/cpu3/io_slot10"
                ],
                "MessageId": "H3Alert.1.2.ResourceReallocated",
                "Severity": "OK",
                "Timestamp": "2024-04-03T18:44:27Z"
            },
            {
                "MessageArgs": [
                    "rack1/chassis_u6/cpu3/io_slot10"
                ],
                "MessageId": "H3Alert.1.2.ResourceReconfigured",
                "Severity": "OK",
                "Timestamp": "2024-04-03T18:44:27Z"
            },
            {
                "MessageArgs": [
                    "rack1/chassis_u6/cpu3/io_slot10"
                ],
                "MessageId": "H3Alert.1.2.ResourceAcquitted",
                "Severity": "OK",
                "Timestamp": "2024-04-03T18:44:27Z"
            },
            {
                "MessageArgs": [
                    "rack1/chassis_u6/cpu3/io_slot10"
                ],
                "MessageId": "H3Alert.1.2.LinkUp",
                "Severity": "OK",
                "Timestamp": "2024-04-08T14:47:48Z"
            },
            {
                "MessageArgs": [
                    "rack1/chassis_u6/cpu3/io_slot10"
                ],
                "MessageId": "H3Alert.1.2.PcieErrorIsolationExited",
                "Severity": "OK",
                "Timestamp": "2024-04-03T18:44:27Z"
            },
            {
                "MessageArgs": [
                    "rack1/chassis_u6/cpu3/io_slot10"
                ],
                "MessageId": "H3Alert.1.2.PcieCardHasCpu",
                "Severity": "OK",
                "Timestamp": "2024-04-03T18:44:27Z"
            },
            {
                "MessageArgs": [
                    "rack1/chassis_u6/cpu3/io_slot10"
                ],
                "MessageId": "H3Alert.1.2.PciePerformanceOk",
                "Severity": "OK",
                "Timestamp": "2024-04-08T10:10:26Z"
            },
            {
                "MessageArgs": [
                    "rack1/chassis_u6/cpu3/io_slot10"
                ],
                "MessageId": "H3Alert.1.2.NotBlockedByOtherDisabled",
                "Severity": "OK",
                "Timestamp": "2024-04-03T18:44:27Z"
            },
            {
                "MessageArgs": [
                    "rack1/chassis_u6/cpu3/io_slot10"
                ],
                "MessageId": "H3Alert.1.2.PcieLinkTrainingOk",
                "Severity": "OK",
                "Timestamp": "2024-04-03T18:44:27Z"
            },
            {
                "MessageArgs": [
                    "rack1/chassis_u6/cpu3/io_slot10"
                ],
                "MessageId": "H3Alert.1.2.ABMCPowerOnSuccess",
                "Severity": "OK",
                "Timestamp": "2024-04-03T18:44:27Z"
            },
            {
                "MessageArgs": [
                    "rack1/chassis_u6/cpu3/io_slot10"
                ],
                "MessageId": "H3Alert.1.2.ABMCReady",
                "Severity": "OK",
                "Timestamp": "2024-04-03T18:44:27Z"
            }
        ],
        "Health": "OK",
        "HealthRollup": "OK",
        "State": "Enabled"
    }
}