{
    "@odata.etag": "\"965de870f595089129ad2052826bf88b\"",
    "@odata.id": "/redfish/v1/Chassis/r001u11/Sensors",
    "@odata.type": "#SensorCollection.SensorCollection",
    "Members": [
        {
            "@odata.etag": "\"e0f5e0123fec35d0410e23f944cec66d\"",
            "@odata.id": "/redfish/v1/Chassis/r001u11/Sensors/P0_TEMP",
            "@odata.type": "#Sensor.v1_8_0.Sensor",
            "Id": "P0_TEMP",
            "Name": "P0_TEMP",
            "PhysicalContext": "CPU",
            "Reading": null,
            "ReadingTime": "2024-04-10T05:38:34Z",
            "ReadingType": "Temperature",
            "ReadingUnits": "Cel",
            "RelatedItem": [
                {
                    "@odata.id": "/redfish/v1/CompositionService/ResourceBlocks/r001u11/Systems/1/Processors/0"
                }
            ],
            "SensingInterval": "PT10S"
        },
        {
            "@odata.etag": "\"a1e52914883be6f9809c81cb41d7072a\"",
            "@odata.id": "/redfish/v1/Chassis/r001u11/Sensors/P1_TEMP",
            "@odata.type": "#Sensor.v1_8_0.Sensor",
            "Id": "P1_TEMP",
            "Name": "P1_TEMP",
            "PhysicalContext": "CPU",
            "Reading": null,
            "ReadingTime": "2024-04-10T05:38:34Z",
            "ReadingType": "Temperature",
            "ReadingUnits": "Cel",
            "RelatedItem": [
                {
                    "@odata.id": "/redfish/v1/CompositionService/ResourceBlocks/r001u11/Systems/1/Processors/1"
                }
            ],
            "SensingInterval": "PT10S"
        },
        {
            "@odata.etag": "\"be0163b513b076d9d67041f200e84b0a\"",
            "@odata.id": "/redfish/v1/Chassis/r001u11/Sensors/P2_TEMP",
            "@odata.type": "#Sensor.v1_8_0.Sensor",
            "Id": "P2_TEMP",
            "Name": "P2_TEMP",
            "PhysicalContext": "CPU",
            "Reading": null,
            "ReadingTime": "2024-04-10T05:38:34Z",
            "ReadingType": "Temperature",
            "ReadingUnits": "Cel",
            "RelatedItem": [
                {
                    "@odata.id": "/redfish/v1/CompositionService/ResourceBlocks/r001u11/Systems/1/Processors/2"
                }
            ],
            "SensingInterval": "PT10S"
        },
        {
            "@odata.etag": "\"b9918336d47174c1d3467b3a38388769\"",
            "@odata.id": "/redfish/v1/Chassis/r001u11/Sensors/P3_TEMP",
            "@odata.type": "#Sensor.v1_8_0.Sensor",
            "Id": "P3_TEMP",
            "Name": "P3_TEMP",
            "PhysicalContext": "CPU",
            "Reading": null,
            "ReadingTime": "2024-04-10T05:38:34Z",
            "ReadingType": "Temperature",
            "ReadingUnits": "Cel",
            "RelatedItem": [
                {
                    "@odata.id": "/redfish/v1/CompositionService/ResourceBlocks/r001u11/Systems/1/Processors/3"
                }
            ],
            "SensingInterval": "PT10S"
        },
        {
            "@odata.etag": "\"38495b5913e39863519f8ba86ba9bfb2\"",
            "@odata.id": "/redfish/v1/Chassis/r001u11/Sensors/P0_THROT_OFFSET",
            "@odata.type": "#Sensor.v1_8_0.Sensor",
            "Id": "P0_THROT_OFFSET",
            "Name": "P0_THROT_OFFSET",
            "PhysicalContext": "CPU",
            "Reading": null,
            "ReadingTime": "2024-04-10T05:38:34Z",
            "ReadingType": "Temperature",
            "ReadingUnits": "Cel",
            "RelatedItem": [
                {
                    "@odata.id": "/redfish/v1/CompositionService/ResourceBlocks/r001u11/Systems/1/Processors/0"
                }
            ],
            "SensingInterval": "PT10S"
        },
        {
            "@odata.etag": "\"fe474bb061c7b1741d93aba6206763fb\"",
            "@odata.id": "/redfish/v1/Chassis/r001u11/Sensors/P1_THROT_OFFSET",
            "@odata.type": "#Sensor.v1_8_0.Sensor",
            "Id": "P1_THROT_OFFSET",
            "Name": "P1_THROT_OFFSET",
            "PhysicalContext": "CPU",
            "Reading": null,
            "ReadingTime": "2024-04-10T05:38:34Z",
            "ReadingType": "Temperature",
            "ReadingUnits": "Cel",
            "RelatedItem": [
                {
                    "@odata.id": "/redfish/v1/CompositionService/ResourceBlocks/r001u11/Systems/1/Processors/1"
                }
            ],
            "SensingInterval": "PT10S"
        },
        {
            "@odata.etag": "\"b70afa5e4ada7dbaba6cccecf00d5c35\"",
            "@odata.id": "/redfish/v1/Chassis/r001u11/Sensors/P2_THROT_OFFSET",
            "@odata.type": "#Sensor.v1_8_0.Sensor",
            "Id": "P2_THROT_OFFSET",
            "Name": "P2_THROT_OFFSET",
            "PhysicalContext": "CPU",
            "Reading": null,
            "ReadingTime": "2024-04-10T05:38:34Z",
            "ReadingType": "Temperature",
            "ReadingUnits": "Cel",
            "RelatedItem": [
                {
                    "@odata.id": "/redfish/v1/CompositionService/ResourceBlocks/r001u11/Systems/1/Processors/2"
                }
            ],
            "SensingInterval": "PT10S"
        },
        {
            "@odata.etag": "\"ac4c1c906ac803156820afe373945e7e\"",
            "@odata.id": "/redfish/v1/Chassis/r001u11/Sensors/P3_THROT_OFFSET",
            "@odata.type": "#Sensor.v1_8_0.Sensor",
            "Id": "P3_THROT_OFFSET",
            "Name": "P3_THROT_OFFSET",
            "PhysicalContext": "CPU",
            "Reading": null,
            "ReadingTime": "2024-04-10T05:38:34Z",
            "ReadingType": "Temperature",
            "ReadingUnits": "Cel",
            "RelatedItem": [
                {
                    "@odata.id": "/redfish/v1/CompositionService/ResourceBlocks/r001u11/Systems/1/Processors/3"
                }
            ],
            "SensingInterval": "PT10S"
        },
        {
            "@odata.etag": "\"00a6979d7509991f2c01639285e5009d\"",
            "@odata.id": "/redfish/v1/Chassis/r001u11/Sensors/HARP0_TEMP0",
            "@odata.type": "#Sensor.v1_8_0.Sensor",
            "Id": "HARP0_TEMP0",
            "Name": "HARP0_TEMP0",
            "PhysicalContext": "ASIC",
            "Reading": null,
            "ReadingTime": "2024-04-10T05:38:34Z",
            "ReadingType": "Temperature",
            "ReadingUnits": "Cel",
            "RelatedItem": [
                {
                    "@odata.id": "/redfish/v1/Fabrics/FlexGrid/Switches/r001u11_HARP0"
                }
            ],
            "SensingInterval": "PT10S"
        },
        {
            "@odata.etag": "\"650541fac56b2f2e1d2b06d1adfa920b\"",
            "@odata.id": "/redfish/v1/Chassis/r001u11/Sensors/HARP0_TEMP1",
            "@odata.type": "#Sensor.v1_8_0.Sensor",
            "Id": "HARP0_TEMP1",
            "Name": "HARP0_TEMP1",
            "PhysicalContext": "ASIC",
            "Reading": null,
            "ReadingTime": "2024-04-10T05:38:34Z",
            "ReadingType": "Temperature",
            "ReadingUnits": "Cel",
            "RelatedItem": [
                {
                    "@odata.id": "/redfish/v1/Fabrics/FlexGrid/Switches/r001u11_HARP0"
                }
            ],
            "SensingInterval": "PT10S"
        },
        {
            "@odata.etag": "\"e5046dbe3886a9d0c1914fe6128db1b7\"",
            "@odata.id": "/redfish/v1/Chassis/r001u11/Sensors/HARP1_TEMP0",
            "@odata.type": "#Sensor.v1_8_0.Sensor",
            "Id": "HARP1_TEMP0",
            "Name": "HARP1_TEMP0",
            "PhysicalContext": "ASIC",
            "Reading": null,
            "ReadingTime": "2024-04-10T05:38:34Z",
            "ReadingType": "Temperature",
            "ReadingUnits": "Cel",
            "RelatedItem": [
                {
                    "@odata.id": "/redfish/v1/Fabrics/FlexGrid/Switches/r001u11_HARP1"
                }
            ],
            "SensingInterval": "PT10S"
        },
        {
            "@odata.etag": "\"5d5303a3394598fb341d1f618da658a5\"",
            "@odata.id": "/redfish/v1/Chassis/r001u11/Sensors/HARP1_TEMP1",
            "@odata.type": "#Sensor.v1_8_0.Sensor",
            "Id": "HARP1_TEMP1",
            "Name": "HARP1_TEMP1",
            "PhysicalContext": "ASIC",
            "Reading": null,
            "ReadingTime": "2024-04-10T05:38:34Z",
            "ReadingType": "Temperature",
            "ReadingUnits": "Cel",
            "RelatedItem": [
                {
                    "@odata.id": "/redfish/v1/Fabrics/FlexGrid/Switches/r001u11_HARP1"
                }
            ],
            "SensingInterval": "PT10S"
        },
        {
            "@odata.etag": "\"1a8c07ae45e36e39b81d94456d548b1a\"",
            "@odata.id": "/redfish/v1/Chassis/r001u11/Sensors/BASEIO_TEMP1",
            "@odata.type": "#Sensor.v1_8_0.Sensor",
            "Id": "BASEIO_TEMP1",
            "Name": "BASEIO_TEMP1",
            "PhysicalContext": "Board",
            "Reading": 35.875,
            "ReadingTime": "2024-04-10T05:38:34Z",
            "ReadingType": "Temperature",
            "ReadingUnits": "Cel",
            "RelatedItem": [
                {
                    "@odata.id": "/redfish/v1/Chassis/r001u11/Assembly#/Assemblies/2"
                }
            ],
            "SensingInterval": "PT10S"
        },
        {
            "@odata.etag": "\"adeb45d84b5290f4b871bdc66d2bd473\"",
            "@odata.id": "/redfish/v1/Chassis/r001u11/Sensors/BASEIO_TEMP2",
            "@odata.type": "#Sensor.v1_8_0.Sensor",
            "Id": "BASEIO_TEMP2",
            "Name": "BASEIO_TEMP2",
            "PhysicalContext": "Board",
            "Reading": 37.375,
            "ReadingTime": "2024-04-10T05:38:34Z",
            "ReadingType": "Temperature",
            "ReadingUnits": "Cel",
            "RelatedItem": [
                {
                    "@odata.id": "/redfish/v1/Chassis/r001u11/Assembly#/Assemblies/2"
                }
            ],
            "SensingInterval": "PT10S"
        },
        {
            "@odata.etag": "\"22b343845fd059e7024660deac189094\"",
            "@odata.id": "/redfish/v1/Chassis/r001u11/Sensors/FP_INLET",
            "@odata.type": "#Sensor.v1_8_0.Sensor",
            "Id": "FP_INLET",
            "Name": "FP_INLET",
            "PhysicalContext": "Front",
            "Reading": 22.0,
            "ReadingTime": "2024-04-10T05:38:34Z",
            "ReadingType": "Temperature",
            "ReadingUnits": "Cel",
            "SensingInterval": "PT10S"
        },
        {
            "@odata.etag": "\"609999031f24b503e556cf3aa3b6d607\"",
            "@odata.id": "/redfish/v1/Chassis/r001u11/Sensors/MLB_INLET",
            "@odata.type": "#Sensor.v1_8_0.Sensor",
            "Id": "MLB_INLET",
            "Name": "MLB_INLET",
            "PhysicalContext": "Board",
            "Reading": 23.625,
            "ReadingTime": "2024-04-10T05:38:34Z",
            "ReadingType": "Temperature",
            "ReadingUnits": "Cel",
            "RelatedItem": [
                {
                    "@odata.id": "/redfish/v1/Chassis/r001u11/Assembly#/Assemblies/0"
                }
            ],
            "SensingInterval": "PT10S"
        },
        {
            "@odata.etag": "\"e04896b319573cb8c11b6612818c2322\"",
            "@odata.id": "/redfish/v1/Chassis/r001u11/Sensors/MLB_OUTLET",
            "@odata.type": "#Sensor.v1_8_0.Sensor",
            "Id": "MLB_OUTLET",
            "Name": "MLB_OUTLET",
            "PhysicalContext": "Board",
            "Reading": 29.9375,
            "ReadingTime": "2024-04-10T05:38:34Z",
            "ReadingType": "Temperature",
            "ReadingUnits": "Cel",
            "RelatedItem": [
                {
                    "@odata.id": "/redfish/v1/Chassis/r001u11/Assembly#/Assemblies/0"
                }
            ],
            "SensingInterval": "PT10S"
        },
        {
            "@odata.etag": "\"fe25d745bedce1107743a461fcf10bdf\"",
            "@odata.id": "/redfish/v1/Chassis/r001u11/Sensors/CPU0_INLET",
            "@odata.type": "#Sensor.v1_8_0.Sensor",
            "Id": "CPU0_INLET",
            "Name": "CPU0_INLET",
            "PhysicalContext": "Board",
            "Reading": 25.625,
            "ReadingTime": "2024-04-10T05:38:34Z",
            "ReadingType": "Temperature",
            "ReadingUnits": "Cel",
            "RelatedItem": [
                {
                    "@odata.id": "/redfish/v1/Chassis/r001u11/Assembly#/Assemblies/0"
                }
            ],
            "SensingInterval": "PT10S"
        },
        {
            "@odata.etag": "\"b17300c6c5b954f677f3934cedc27e59\"",
            "@odata.id": "/redfish/v1/Chassis/r001u11/Sensors/CPU2_INLET",
            "@odata.type": "#Sensor.v1_8_0.Sensor",
            "Id": "CPU2_INLET",
            "Name": "CPU2_INLET",
            "PhysicalContext": "Board",
            "Reading": 25.625,
            "ReadingTime": "2024-04-10T05:38:34Z",
            "ReadingType": "Temperature",
            "ReadingUnits": "Cel",
            "RelatedItem": [
                {
                    "@odata.id": "/redfish/v1/Chassis/r001u11/Assembly#/Assemblies/0"
                }
            ],
            "SensingInterval": "PT10S"
        },
        {
            "@odata.etag": "\"b5696930d58156eed53da134acd7c4c5\"",
            "@odata.id": "/redfish/v1/Chassis/r001u11/Sensors/HARP0_INLET",
            "@odata.type": "#Sensor.v1_8_0.Sensor",
            "Id": "HARP0_INLET",
            "Name": "HARP0_INLET",
            "PhysicalContext": "ASIC",
            "Reading": 25.375,
            "ReadingTime": "2024-04-10T05:38:34Z",
            "ReadingType": "Temperature",
            "ReadingUnits": "Cel",
            "RelatedItem": [
                {
                    "@odata.id": "/redfish/v1/Fabrics/FlexGrid/Switches/r001u11_HARP0"
                }
            ],
            "SensingInterval": "PT10S"
        },
        {
            "@odata.etag": "\"855b113161dad67a045a3e45b70561e3\"",
            "@odata.id": "/redfish/v1/Chassis/r001u11/Sensors/HARP0_OUTLET",
            "@odata.type": "#Sensor.v1_8_0.Sensor",
            "Id": "HARP0_OUTLET",
            "Name": "HARP0_OUTLET",
            "PhysicalContext": "ASIC",
            "Reading": 25.375,
            "ReadingTime": "2024-04-10T05:38:34Z",
            "ReadingType": "Temperature",
            "ReadingUnits": "Cel",
            "RelatedItem": [
                {
                    "@odata.id": "/redfish/v1/Fabrics/FlexGrid/Switches/r001u11_HARP0"
                }
            ],
            "SensingInterval": "PT10S"
        },
        {
            "@odata.etag": "\"53f7ac15b0b637f836317be3aaeecb9b\"",
            "@odata.id": "/redfish/v1/Chassis/r001u11/Sensors/HARP1_INLET",
            "@odata.type": "#Sensor.v1_8_0.Sensor",
            "Id": "HARP1_INLET",
            "Name": "HARP1_INLET",
            "PhysicalContext": "ASIC",
            "Reading": 24.625,
            "ReadingTime": "2024-04-10T05:38:34Z",
            "ReadingType": "Temperature",
            "ReadingUnits": "Cel",
            "RelatedItem": [
                {
                    "@odata.id": "/redfish/v1/Fabrics/FlexGrid/Switches/r001u11_HARP1"
                }
            ],
            "SensingInterval": "PT10S"
        },
        {
            "@odata.etag": "\"e045e8d4eb99dfc3920fc7c2cafcee2b\"",
            "@odata.id": "/redfish/v1/Chassis/r001u11/Sensors/HARP1_OUTLET",
            "@odata.type": "#Sensor.v1_8_0.Sensor",
            "Id": "HARP1_OUTLET",
            "Name": "HARP1_OUTLET",
            "PhysicalContext": "ASIC",
            "Reading": 24.625,
            "ReadingTime": "2024-04-10T05:38:34Z",
            "ReadingType": "Temperature",
            "ReadingUnits": "Cel",
            "RelatedItem": [
                {
                    "@odata.id": "/redfish/v1/Fabrics/FlexGrid/Switches/r001u11_HARP1"
                }
            ],
            "SensingInterval": "PT10S"
        },
        {
            "@odata.etag": "\"c802eaf4007b94ea58c7fdfce56616a2\"",
            "@odata.id": "/redfish/v1/Chassis/r001u11/Sensors/PWRB_TEMP1",
            "@odata.type": "#Sensor.v1_8_0.Sensor",
            "Id": "PWRB_TEMP1",
            "Name": "PWRB_TEMP1",
            "PhysicalContext": "Board",
            "Reading": 27.5625,
            "ReadingTime": "2024-04-10T05:38:34Z",
            "ReadingType": "Temperature",
            "ReadingUnits": "Cel",
            "RelatedItem": [
                {
                    "@odata.id": "/redfish/v1/Chassis/r001u11/Assembly#/Assemblies/1"
                }
            ],
            "SensingInterval": "PT10S"
        },
        {
            "@odata.etag": "\"3d958742ca6730ce79c8223443c6d454\"",
            "@odata.id": "/redfish/v1/Chassis/r001u11/Sensors/PWRB_TEMP2",
            "@odata.type": "#Sensor.v1_8_0.Sensor",
            "Id": "PWRB_TEMP2",
            "Name": "PWRB_TEMP2",
            "PhysicalContext": "Board",
            "Reading": 26.8125,
            "ReadingTime": "2024-04-10T05:38:34Z",
            "ReadingType": "Temperature",
            "ReadingUnits": "Cel",
            "RelatedItem": [
                {
                    "@odata.id": "/redfish/v1/Chassis/r001u11/Assembly#/Assemblies/1"
                }
            ],
            "SensingInterval": "PT10S"
        },
        {
            "@odata.etag": "\"3a49c1773c90c499c400e57129e383d8\"",
            "@odata.id": "/redfish/v1/Chassis/r001u11/Sensors/PWRB_TEMP3",
            "@odata.type": "#Sensor.v1_8_0.Sensor",
            "Id": "PWRB_TEMP3",
            "Name": "PWRB_TEMP3",
            "PhysicalContext": "Board",
            "Reading": 25.125,
            "ReadingTime": "2024-04-10T05:38:34Z",
            "ReadingType": "Temperature",
            "ReadingUnits": "Cel",
            "RelatedItem": [
                {
                    "@odata.id": "/redfish/v1/Chassis/r001u11/Assembly#/Assemblies/1"
                }
            ],
            "SensingInterval": "PT10S"
        },
        {
            "@odata.etag": "\"712ce2f674b8d220f7a9f593a6f01428\"",
            "@odata.id": "/redfish/v1/Chassis/r001u11/Sensors/PWRB_TEMP4",
            "@odata.type": "#Sensor.v1_8_0.Sensor",
            "Id": "PWRB_TEMP4",
            "Name": "PWRB_TEMP4",
            "PhysicalContext": "Board",
            "Reading": 24.5,
            "ReadingTime": "2024-04-10T05:38:34Z",
            "ReadingType": "Temperature",
            "ReadingUnits": "Cel",
            "RelatedItem": [
                {
                    "@odata.id": "/redfish/v1/Chassis/r001u11/Assembly#/Assemblies/1"
                }
            ],
            "SensingInterval": "PT10S"
        },
        {
            "@odata.etag": "\"fc35d4aeee39027c28ac41e7c8c730c5\"",
            "@odata.id": "/redfish/v1/Chassis/r001u11/Sensors/P0-DIMMA0",
            "@odata.type": "#Sensor.v1_8_0.Sensor",
            "Id": "P0-DIMMA0",
            "Name": "P0-DIMMA0",
            "PhysicalContext": "Memory",
            "Reading": null,
            "ReadingTime": "2024-04-10T05:38:34Z",
            "ReadingType": "Temperature",
            "ReadingUnits": "Cel",
            "RelatedItem": [
                {
                    "@odata.id": "/redfish/v1/CompositionService/ResourceBlocks/r001u11/Systems/1/Memory/000000010B000074"
                }
            ],
            "SensingInterval": "PT10S"
        },
        {
            "@odata.etag": "\"8046ec0d716f14d8cbfd0bd1daadfcfb\"",
            "@odata.id": "/redfish/v1/Chassis/r001u11/Sensors/P0-DIMMA1",
            "@odata.type": "#Sensor.v1_8_0.Sensor",
            "Id": "P0-DIMMA1",
            "Name": "P0-DIMMA1",
            "PhysicalContext": "Memory",
            "Reading": null,
            "ReadingTime": "2024-04-10T05:38:34Z",
            "ReadingType": "Temperature",
            "ReadingUnits": "Cel",
            "RelatedItem": [
                {
                    "@odata.id": "/redfish/v1/CompositionService/ResourceBlocks/r001u11/Systems/1/Memory/010000010B000074"
                }
            ],
            "SensingInterval": "PT10S"
        },
        {
            "@odata.etag": "\"c4e16271c3429e625381c1bfb9dffddd\"",
            "@odata.id": "/redfish/v1/Chassis/r001u11/Sensors/P0-DIMMB0",
            "@odata.type": "#Sensor.v1_8_0.Sensor",
            "Id": "P0-DIMMB0",
            "Name": "P0-DIMMB0",
            "PhysicalContext": "Memory",
            "Reading": null,
            "ReadingTime": "2024-04-10T05:38:34Z",
            "ReadingType": "Temperature",
            "ReadingUnits": "Cel",
            "RelatedItem": [
                {
                    "@odata.id": "/redfish/v1/CompositionService/ResourceBlocks/r001u11/Systems/1/Memory/000100010B000074"
                }
            ],
            "SensingInterval": "PT10S"
        },
        {
            "@odata.etag": "\"4d63e61479968e9af4a9708e1b422097\"",
            "@odata.id": "/redfish/v1/Chassis/r001u11/Sensors/P0-DIMMB1",
            "@odata.type": "#Sensor.v1_8_0.Sensor",
            "Id": "P0-DIMMB1",
            "Name": "P0-DIMMB1",
            "PhysicalContext": "Memory",
            "Reading": null,
            "ReadingTime": "2024-04-10T05:38:34Z",
            "ReadingType": "Temperature",
            "ReadingUnits": "Cel",
            "RelatedItem": [
                {
                    "@odata.id": "/redfish/v1/CompositionService/ResourceBlocks/r001u11/Systems/1/Memory/010100010B000074"
                }
            ],
            "SensingInterval": "PT10S"
        },
        {
            "@odata.etag": "\"518405532503f7959e75c85c8362a9a0\"",
            "@odata.id": "/redfish/v1/Chassis/r001u11/Sensors/P0-DIMMC0",
            "@odata.type": "#Sensor.v1_8_0.Sensor",
            "Id": "P0-DIMMC0",
            "Name": "P0-DIMMC0",
            "PhysicalContext": "Memory",
            "Reading": null,
            "ReadingTime": "2024-04-10T05:38:34Z",
            "ReadingType": "Temperature",
            "ReadingUnits": "Cel",
            "RelatedItem": [
                {
                    "@odata.id": "/redfish/v1/CompositionService/ResourceBlocks/r001u11/Systems/1/Memory/000201010B000074"
                }
            ],
            "SensingInterval": "PT10S"
        },
        {
            "@odata.etag": "\"9963446e8f46fd7e165b4266f031c44f\"",
            "@odata.id": "/redfish/v1/Chassis/r001u11/Sensors/P0-DIMMC1",
            "@odata.type": "#Sensor.v1_8_0.Sensor",
            "Id": "P0-DIMMC1",
            "Name": "P0-DIMMC1",
            "PhysicalContext": "Memory",
            "Reading": null,
            "ReadingTime": "2024-04-10T05:38:34Z",
            "ReadingType": "Temperature",
            "ReadingUnits": "Cel",
            "RelatedItem": [
                {
                    "@odata.id": "/redfish/v1/CompositionService/ResourceBlocks/r001u11/Systems/1/Memory/010201010B000074"
                }
            ],
            "SensingInterval": "PT10S"
        },
        {
            "@odata.etag": "\"3f0f8a2f8e647d2e1dbedb46fb87356e\"",
            "@odata.id": "/redfish/v1/Chassis/r001u11/Sensors/P0-DIMMD0",
            "@odata.type": "#Sensor.v1_8_0.Sensor",
            "Id": "P0-DIMMD0",
            "Name": "P0-DIMMD0",
            "PhysicalContext": "Memory",
            "Reading": null,
            "ReadingTime": "2024-04-10T05:38:34Z",
            "ReadingType": "Temperature",
            "ReadingUnits": "Cel",
            "RelatedItem": [
                {
                    "@odata.id": "/redfish/v1/CompositionService/ResourceBlocks/r001u11/Systems/1/Memory/000301010B000074"
                }
            ],
            "SensingInterval": "PT10S"
        },
        {
            "@odata.etag": "\"d32301176a1ae1fcff83b5d57ea83d29\"",
            "@odata.id": "/redfish/v1/Chassis/r001u11/Sensors/P0-DIMMD1",
            "@odata.type": "#Sensor.v1_8_0.Sensor",
            "Id": "P0-DIMMD1",
            "Name": "P0-DIMMD1",
            "PhysicalContext": "Memory",
            "Reading": null,
            "ReadingTime": "2024-04-10T05:38:34Z",
            "ReadingType": "Temperature",
            "ReadingUnits": "Cel",
            "RelatedItem": [
                {
                    "@odata.id": "/redfish/v1/CompositionService/ResourceBlocks/r001u11/Systems/1/Memory/010301010B000074"
                }
            ],
            "SensingInterval": "PT10S"
        },
        {
            "@odata.etag": "\"631dd16ee04c434d59324a495f23c8be\"",
            "@odata.id": "/redfish/v1/Chassis/r001u11/Sensors/P0-DIMME0",
            "@odata.type": "#Sensor.v1_8_0.Sensor",
            "Id": "P0-DIMME0",
            "Name": "P0-DIMME0",
            "PhysicalContext": "Memory",
            "Reading": null,
            "ReadingTime": "2024-04-10T05:38:34Z",
            "ReadingType": "Temperature",
            "ReadingUnits": "Cel",
            "RelatedItem": [
                {
                    "@odata.id": "/redfish/v1/CompositionService/ResourceBlocks/r001u11/Systems/1/Memory/000402010B000074"
                }
            ],
            "SensingInterval": "PT10S"
        },
        {
            "@odata.etag": "\"d1ccb619ed01b68723d865b7116571d0\"",
            "@odata.id": "/redfish/v1/Chassis/r001u11/Sensors/P0-DIMME1",
            "@odata.type": "#Sensor.v1_8_0.Sensor",
            "Id": "P0-DIMME1",
            "Name": "P0-DIMME1",
            "PhysicalContext": "Memory",
            "Reading": null,
            "ReadingTime": "2024-04-10T05:38:34Z",
            "ReadingType": "Temperature",
            "ReadingUnits": "Cel",
            "RelatedItem": [
                {
                    "@odata.id": "/redfish/v1/CompositionService/ResourceBlocks/r001u11/Systems/1/Memory/010402010B000074"
                }
            ],
            "SensingInterval": "PT10S"
        },
        {
            "@odata.etag": "\"76a6f7f83fd7382677e02cd2a34893d0\"",
            "@odata.id": "/redfish/v1/Chassis/r001u11/Sensors/P0-DIMMF0",
            "@odata.type": "#Sensor.v1_8_0.Sensor",
            "Id": "P0-DIMMF0",
            "Name": "P0-DIMMF0",
            "PhysicalContext": "Memory",
            "Reading": null,
            "ReadingTime": "2024-04-10T05:38:34Z",
            "ReadingType": "Temperature",
            "ReadingUnits": "Cel",
            "RelatedItem": [
                {
                    "@odata.id": "/redfish/v1/CompositionService/ResourceBlocks/r001u11/Systems/1/Memory/000502010B000074"
                }
            ],
            "SensingInterval": "PT10S"
        },
        {
            "@odata.etag": "\"fff1afc07c9042204d2f0851f7ce8644\"",
            "@odata.id": "/redfish/v1/Chassis/r001u11/Sensors/P0-DIMMF1",
            "@odata.type": "#Sensor.v1_8_0.Sensor",
            "Id": "P0-DIMMF1",
            "Name": "P0-DIMMF1",
            "PhysicalContext": "Memory",
            "Reading": null,
            "ReadingTime": "2024-04-10T05:38:34Z",
            "ReadingType": "Temperature",
            "ReadingUnits": "Cel",
            "RelatedItem": [
                {
                    "@odata.id": "/redfish/v1/CompositionService/ResourceBlocks/r001u11/Systems/1/Memory/010502010B000074"
                }
            ],
            "SensingInterval": "PT10S"
        },
        {
            "@odata.etag": "\"aedf5c5696178d1c58c2cbde4cc1d28b\"",
            "@odata.id": "/redfish/v1/Chassis/r001u11/Sensors/P0-DIMMG0",
            "@odata.type": "#Sensor.v1_8_0.Sensor",
            "Id": "P0-DIMMG0",
            "Name": "P0-DIMMG0",
            "PhysicalContext": "Memory",
            "Reading": null,
            "ReadingTime": "2024-04-10T05:38:34Z",
            "ReadingType": "Temperature",
            "ReadingUnits": "Cel",
            "RelatedItem": [
                {
                    "@odata.id": "/redfish/v1/CompositionService/ResourceBlocks/r001u11/Systems/1/Memory/000603010B000074"
                }
            ],
            "SensingInterval": "PT10S"
        },
        {
            "@odata.etag": "\"071a9b620985bc0362f0eeafdf90ecb1\"",
            "@odata.id": "/redfish/v1/Chassis/r001u11/Sensors/P0-DIMMG1",
            "@odata.type": "#Sensor.v1_8_0.Sensor",
            "Id": "P0-DIMMG1",
            "Name": "P0-DIMMG1",
            "PhysicalContext": "Memory",
            "Reading": null,
            "ReadingTime": "2024-04-10T05:38:34Z",
            "ReadingType": "Temperature",
            "ReadingUnits": "Cel",
            "RelatedItem": [
                {
                    "@odata.id": "/redfish/v1/CompositionService/ResourceBlocks/r001u11/Systems/1/Memory/010603010B000074"
                }
            ],
            "SensingInterval": "PT10S"
        },
        {
            "@odata.etag": "\"f97f9d2f14e80b79d0e285850b958b22\"",
            "@odata.id": "/redfish/v1/Chassis/r001u11/Sensors/P0-DIMMH0",
            "@odata.type": "#Sensor.v1_8_0.Sensor",
            "Id": "P0-DIMMH0",
            "Name": "P0-DIMMH0",
            "PhysicalContext": "Memory",
            "Reading": null,
            "ReadingTime": "2024-04-10T05:38:34Z",
            "ReadingType": "Temperature",
            "ReadingUnits": "Cel",
            "RelatedItem": [
                {
                    "@odata.id": "/redfish/v1/CompositionService/ResourceBlocks/r001u11/Systems/1/Memory/000703010B000074"
                }
            ],
            "SensingInterval": "PT10S"
        },
        {
            "@odata.etag": "\"4365ec6c7f35cdea32c3dab08b8fd5a7\"",
            "@odata.id": "/redfish/v1/Chassis/r001u11/Sensors/P0-DIMMH1",
            "@odata.type": "#Sensor.v1_8_0.Sensor",
            "Id": "P0-DIMMH1",
            "Name": "P0-DIMMH1",
            "PhysicalContext": "Memory",
            "Reading": null,
            "ReadingTime": "2024-04-10T05:38:34Z",
            "ReadingType": "Temperature",
            "ReadingUnits": "Cel",
            "RelatedItem": [
                {
                    "@odata.id": "/redfish/v1/CompositionService/ResourceBlocks/r001u11/Systems/1/Memory/010703010B000074"
                }
            ],
            "SensingInterval": "PT10S"
        },
        {
            "@odata.etag": "\"69ddf5268d0b3cb1357ec3b8573f78ce\"",
            "@odata.id": "/redfish/v1/Chassis/r001u11/Sensors/P1-DIMMA0",
            "@odata.type": "#Sensor.v1_8_0.Sensor",
            "Id": "P1-DIMMA0",
            "Name": "P1-DIMMA0",
            "PhysicalContext": "Memory",
            "Reading": null,
            "ReadingTime": "2024-04-10T05:38:34Z",
            "ReadingType": "Temperature",
            "ReadingUnits": "Cel",
            "RelatedItem": [
                {
                    "@odata.id": "/redfish/v1/CompositionService/ResourceBlocks/r001u11/Systems/1/Memory/000000010B010074"
                }
            ],
            "SensingInterval": "PT10S"
        },
        {
            "@odata.etag": "\"d3e3c3836458637014e587526b9dc225\"",
            "@odata.id": "/redfish/v1/Chassis/r001u11/Sensors/P1-DIMMA1",
            "@odata.type": "#Sensor.v1_8_0.Sensor",
            "Id": "P1-DIMMA1",
            "Name": "P1-DIMMA1",
            "PhysicalContext": "Memory",
            "Reading": null,
            "ReadingTime": "2024-04-10T05:38:34Z",
            "ReadingType": "Temperature",
            "ReadingUnits": "Cel",
            "RelatedItem": [
                {
                    "@odata.id": "/redfish/v1/CompositionService/ResourceBlocks/r001u11/Systems/1/Memory/010000010B010074"
                }
            ],
            "SensingInterval": "PT10S"
        },
        {
            "@odata.etag": "\"9ba38dd273e4c2da017444a318dd5fd3\"",
            "@odata.id": "/redfish/v1/Chassis/r001u11/Sensors/P1-DIMMB0",
            "@odata.type": "#Sensor.v1_8_0.Sensor",
            "Id": "P1-DIMMB0",
            "Name": "P1-DIMMB0",
            "PhysicalContext": "Memory",
            "Reading": null,
            "ReadingTime": "2024-04-10T05:38:34Z",
            "ReadingType": "Temperature",
            "ReadingUnits": "Cel",
            "RelatedItem": [
                {
                    "@odata.id": "/redfish/v1/CompositionService/ResourceBlocks/r001u11/Systems/1/Memory/000100010B010074"
                }
            ],
            "SensingInterval": "PT10S"
        },
        {
            "@odata.etag": "\"cb9b0614cd434d77b1b9a52960553a26\"",
            "@odata.id": "/redfish/v1/Chassis/r001u11/Sensors/P1-DIMMB1",
            "@odata.type": "#Sensor.v1_8_0.Sensor",
            "Id": "P1-DIMMB1",
            "Name": "P1-DIMMB1",
            "PhysicalContext": "Memory",
            "Reading": null,
            "ReadingTime": "2024-04-10T05:38:34Z",
            "ReadingType": "Temperature",
            "ReadingUnits": "Cel",
            "RelatedItem": [
                {
                    "@odata.id": "/redfish/v1/CompositionService/ResourceBlocks/r001u11/Systems/1/Memory/010100010B010074"
                }
            ],
            "SensingInterval": "PT10S"
        },
        {
            "@odata.etag": "\"c23966f37546339f30f2ab804101d5be\"",
            "@odata.id": "/redfish/v1/Chassis/r001u11/Sensors/P1-DIMMC0",
            "@odata.type": "#Sensor.v1_8_0.Sensor",
            "Id": "P1-DIMMC0",
            "Name": "P1-DIMMC0",
            "PhysicalContext": "Memory",
            "Reading": null,
            "ReadingTime": "2024-04-10T05:38:34Z",
            "ReadingType": "Temperature",
            "ReadingUnits": "Cel",
            "RelatedItem": [
                {
                    "@odata.id": "/redfish/v1/CompositionService/ResourceBlocks/r001u11/Systems/1/Memory/000201010B010074"
                }
            ],
            "SensingInterval": "PT10S"
        },
        {
            "@odata.etag": "\"18d46a2f04ad6ce4b723f76085495ac2\"",
            "@odata.id": "/redfish/v1/Chassis/r001u11/Sensors/P1-DIMMC1",
            "@odata.type": "#Sensor.v1_8_0.Sensor",
            "Id": "P1-DIMMC1",
            "Name": "P1-DIMMC1",
            "PhysicalContext": "Memory",
            "Reading": null,
            "ReadingTime": "2024-04-10T05:38:34Z",
            "ReadingType": "Temperature",
            "ReadingUnits": "Cel",
            "RelatedItem": [
                {
                    "@odata.id": "/redfish/v1/CompositionService/ResourceBlocks/r001u11/Systems/1/Memory/010201010B010074"
                }
            ],
            "SensingInterval": "PT10S"
        },
        {
            "@odata.etag": "\"d60d0d85e4eba2b6f5d180a86a2ebba6\"",
            "@odata.id": "/redfish/v1/Chassis/r001u11/Sensors/P1-DIMMD0",
            "@odata.type": "#Sensor.v1_8_0.Sensor",
            "Id": "P1-DIMMD0",
            "Name": "P1-DIMMD0",
            "PhysicalContext": "Memory",
            "Reading": null,
            "ReadingTime": "2024-04-10T05:38:34Z",
            "ReadingType": "Temperature",
            "ReadingUnits": "Cel",
            "RelatedItem": [
                {
                    "@odata.id": "/redfish/v1/CompositionService/ResourceBlocks/r001u11/Systems/1/Memory/000301010B010074"
                }
            ],
            "SensingInterval": "PT10S"
        },
        {
            "@odata.etag": "\"f7de2dea3b12f4a4e407d385b7c54af8\"",
            "@odata.id": "/redfish/v1/Chassis/r001u11/Sensors/P1-DIMMD1",
            "@odata.type": "#Sensor.v1_8_0.Sensor",
            "Id": "P1-DIMMD1",
            "Name": "P1-DIMMD1",
            "PhysicalContext": "Memory",
            "Reading": null,
            "ReadingTime": "2024-04-10T05:38:34Z",
            "ReadingType": "Temperature",
            "ReadingUnits": "Cel",
            "RelatedItem": [
                {
                    "@odata.id": "/redfish/v1/CompositionService/ResourceBlocks/r001u11/Systems/1/Memory/010301010B010074"
                }
            ],
            "SensingInterval": "PT10S"
        },
        {
            "@odata.etag": "\"528c7b92d5eef73df71a89a8d06dfe3e\"",
            "@odata.id": "/redfish/v1/Chassis/r001u11/Sensors/P1-DIMME0",
            "@odata.type": "#Sensor.v1_8_0.Sensor",
            "Id": "P1-DIMME0",
            "Name": "P1-DIMME0",
            "PhysicalContext": "Memory",
            "Reading": null,
            "ReadingTime": "2024-04-10T05:38:34Z",
            "ReadingType": "Temperature",
            "ReadingUnits": "Cel",
            "RelatedItem": [
                {
                    "@odata.id": "/redfish/v1/CompositionService/ResourceBlocks/r001u11/Systems/1/Memory/000402010B010074"
                }
            ],
            "SensingInterval": "PT10S"
        },
        {
            "@odata.etag": "\"cd607008d9e3b29e661c36596b9a2781\"",
            "@odata.id": "/redfish/v1/Chassis/r001u11/Sensors/P1-DIMME1",
            "@odata.type": "#Sensor.v1_8_0.Sensor",
            "Id": "P1-DIMME1",
            "Name": "P1-DIMME1",
            "PhysicalContext": "Memory",
            "Reading": null,
            "ReadingTime": "2024-04-10T05:38:34Z",
            "ReadingType": "Temperature",
            "ReadingUnits": "Cel",
            "RelatedItem": [
                {
                    "@odata.id": "/redfish/v1/CompositionService/ResourceBlocks/r001u11/Systems/1/Memory/010402010B010074"
                }
            ],
            "SensingInterval": "PT10S"
        },
        {
            "@odata.etag": "\"44776346b3dbd6937005e909472077b8\"",
            "@odata.id": "/redfish/v1/Chassis/r001u11/Sensors/P1-DIMMF0",
            "@odata.type": "#Sensor.v1_8_0.Sensor",
            "Id": "P1-DIMMF0",
            "Name": "P1-DIMMF0",
            "PhysicalContext": "Memory",
            "Reading": null,
            "ReadingTime": "2024-04-10T05:38:34Z",
            "ReadingType": "Temperature",
            "ReadingUnits": "Cel",
            "RelatedItem": [
                {
                    "@odata.id": "/redfish/v1/CompositionService/ResourceBlocks/r001u11/Systems/1/Memory/000502010B010074"
                }
            ],
            "SensingInterval": "PT10S"
        },
        {
            "@odata.etag": "\"43a4c5e34c21f170e66a4f11e6840418\"",
            "@odata.id": "/redfish/v1/Chassis/r001u11/Sensors/P1-DIMMF1",
            "@odata.type": "#Sensor.v1_8_0.Sensor",
            "Id": "P1-DIMMF1",
            "Name": "P1-DIMMF1",
            "PhysicalContext": "Memory",
            "Reading": null,
            "ReadingTime": "2024-04-10T05:38:34Z",
            "ReadingType": "Temperature",
            "ReadingUnits": "Cel",
            "RelatedItem": [
                {
                    "@odata.id": "/redfish/v1/CompositionService/ResourceBlocks/r001u11/Systems/1/Memory/010502010B010074"
                }
            ],
            "SensingInterval": "PT10S"
        },
        {
            "@odata.etag": "\"2b021c420c013acdf66c066ac3ea673b\"",
            "@odata.id": "/redfish/v1/Chassis/r001u11/Sensors/P1-DIMMG0",
            "@odata.type": "#Sensor.v1_8_0.Sensor",
            "Id": "P1-DIMMG0",
            "Name": "P1-DIMMG0",
            "PhysicalContext": "Memory",
            "Reading": null,
            "ReadingTime": "2024-04-10T05:38:34Z",
            "ReadingType": "Temperature",
            "ReadingUnits": "Cel",
            "RelatedItem": [
                {
                    "@odata.id": "/redfish/v1/CompositionService/ResourceBlocks/r001u11/Systems/1/Memory/000603010B010074"
                }
            ],
            "SensingInterval": "PT10S"
        },
        {
            "@odata.etag": "\"70c502c01290938a8ff5563ac0f4fee3\"",
            "@odata.id": "/redfish/v1/Chassis/r001u11/Sensors/P1-DIMMG1",
            "@odata.type": "#Sensor.v1_8_0.Sensor",
            "Id": "P1-DIMMG1",
            "Name": "P1-DIMMG1",
            "PhysicalContext": "Memory",
            "Reading": null,
            "ReadingTime": "2024-04-10T05:38:34Z",
            "ReadingType": "Temperature",
            "ReadingUnits": "Cel",
            "RelatedItem": [
                {
                    "@odata.id": "/redfish/v1/CompositionService/ResourceBlocks/r001u11/Systems/1/Memory/010603010B010074"
                }
            ],
            "SensingInterval": "PT10S"
        },
        {
            "@odata.etag": "\"3326d0e44c1e6e521d871e709d68d999\"",
            "@odata.id": "/redfish/v1/Chassis/r001u11/Sensors/P1-DIMMH0",
            "@odata.type": "#Sensor.v1_8_0.Sensor",
            "Id": "P1-DIMMH0",
            "Name": "P1-DIMMH0",
            "PhysicalContext": "Memory",
            "Reading": null,
            "ReadingTime": "2024-04-10T05:38:34Z",
            "ReadingType": "Temperature",
            "ReadingUnits": "Cel",
            "RelatedItem": [
                {
                    "@odata.id": "/redfish/v1/CompositionService/ResourceBlocks/r001u11/Systems/1/Memory/000703010B010074"
                }
            ],
            "SensingInterval": "PT10S"
        },
        {
            "@odata.etag": "\"77ad0937c962f018edaa2ccfce4b4f47\"",
            "@odata.id": "/redfish/v1/Chassis/r001u11/Sensors/P1-DIMMH1",
            "@odata.type": "#Sensor.v1_8_0.Sensor",
            "Id": "P1-DIMMH1",
            "Name": "P1-DIMMH1",
            "PhysicalContext": "Memory",
            "Reading": null,
            "ReadingTime": "2024-04-10T05:38:34Z",
            "ReadingType": "Temperature",
            "ReadingUnits": "Cel",
            "RelatedItem": [
                {
                    "@odata.id": "/redfish/v1/CompositionService/ResourceBlocks/r001u11/Systems/1/Memory/010703010B010074"
                }
            ],
            "SensingInterval": "PT10S"
        },
        {
            "@odata.etag": "\"9f4ad0c991c557768ee90bb4c05ed1bd\"",
            "@odata.id": "/redfish/v1/Chassis/r001u11/Sensors/P2-DIMMA0",
            "@odata.type": "#Sensor.v1_8_0.Sensor",
            "Id": "P2-DIMMA0",
            "Name": "P2-DIMMA0",
            "PhysicalContext": "Memory",
            "Reading": null,
            "ReadingTime": "2024-04-10T05:38:34Z",
            "ReadingType": "Temperature",
            "ReadingUnits": "Cel",
            "RelatedItem": [
                {
                    "@odata.id": "/redfish/v1/CompositionService/ResourceBlocks/r001u11/Systems/1/Memory/000000010B000174"
                }
            ],
            "SensingInterval": "PT10S"
        },
        {
            "@odata.etag": "\"c403b1c02f9e78a440b3841f39773530\"",
            "@odata.id": "/redfish/v1/Chassis/r001u11/Sensors/P2-DIMMA1",
            "@odata.type": "#Sensor.v1_8_0.Sensor",
            "Id": "P2-DIMMA1",
            "Name": "P2-DIMMA1",
            "PhysicalContext": "Memory",
            "Reading": null,
            "ReadingTime": "2024-04-10T05:38:34Z",
            "ReadingType": "Temperature",
            "ReadingUnits": "Cel",
            "RelatedItem": [
                {
                    "@odata.id": "/redfish/v1/CompositionService/ResourceBlocks/r001u11/Systems/1/Memory/010000010B000174"
                }
            ],
            "SensingInterval": "PT10S"
        },
        {
            "@odata.etag": "\"16d36b3105f2a0965d02463c8d6979e2\"",
            "@odata.id": "/redfish/v1/Chassis/r001u11/Sensors/P2-DIMMB0",
            "@odata.type": "#Sensor.v1_8_0.Sensor",
            "Id": "P2-DIMMB0",
            "Name": "P2-DIMMB0",
            "PhysicalContext": "Memory",
            "Reading": null,
            "ReadingTime": "2024-04-10T05:38:34Z",
            "ReadingType": "Temperature",
            "ReadingUnits": "Cel",
            "RelatedItem": [
                {
                    "@odata.id": "/redfish/v1/CompositionService/ResourceBlocks/r001u11/Systems/1/Memory/000100010B000174"
                }
            ],
            "SensingInterval": "PT10S"
        },
        {
            "@odata.etag": "\"87aec8d9671b259e156e5328d1efee28\"",
            "@odata.id": "/redfish/v1/Chassis/r001u11/Sensors/P2-DIMMB1",
            "@odata.type": "#Sensor.v1_8_0.Sensor",
            "Id": "P2-DIMMB1",
            "Name": "P2-DIMMB1",
            "PhysicalContext": "Memory",
            "Reading": null,
            "ReadingTime": "2024-04-10T05:38:34Z",
            "ReadingType": "Temperature",
            "ReadingUnits": "Cel",
            "RelatedItem": [
                {
                    "@odata.id": "/redfish/v1/CompositionService/ResourceBlocks/r001u11/Systems/1/Memory/010100010B000174"
                }
            ],
            "SensingInterval": "PT10S"
        },
        {
            "@odata.etag": "\"8bdc58681c3f52984a3ff79fb10ed114\"",
            "@odata.id": "/redfish/v1/Chassis/r001u11/Sensors/P2-DIMMC0",
            "@odata.type": "#Sensor.v1_8_0.Sensor",
            "Id": "P2-DIMMC0",
            "Name": "P2-DIMMC0",
            "PhysicalContext": "Memory",
            "Reading": null,
            "ReadingTime": "2024-04-10T05:38:34Z",
            "ReadingType": "Temperature",
            "ReadingUnits": "Cel",
            "RelatedItem": [
                {
                    "@odata.id": "/redfish/v1/CompositionService/ResourceBlocks/r001u11/Systems/1/Memory/000201010B000174"
                }
            ],
            "SensingInterval": "PT10S"
        },
        {
            "@odata.etag": "\"1e93bdf701f8014ff82736aeb3921321\"",
            "@odata.id": "/redfish/v1/Chassis/r001u11/Sensors/P2-DIMMC1",
            "@odata.type": "#Sensor.v1_8_0.Sensor",
            "Id": "P2-DIMMC1",
            "Name": "P2-DIMMC1",
            "PhysicalContext": "Memory",
            "Reading": null,
            "ReadingTime": "2024-04-10T05:38:34Z",
            "ReadingType": "Temperature",
            "ReadingUnits": "Cel",
            "RelatedItem": [
                {
                    "@odata.id": "/redfish/v1/CompositionService/ResourceBlocks/r001u11/Systems/1/Memory/010201010B000174"
                }
            ],
            "SensingInterval": "PT10S"
        },
        {
            "@odata.etag": "\"3cacaf99e41a132bc3a9223dbbaefe38\"",
            "@odata.id": "/redfish/v1/Chassis/r001u11/Sensors/P2-DIMMD0",
            "@odata.type": "#Sensor.v1_8_0.Sensor",
            "Id": "P2-DIMMD0",
            "Name": "P2-DIMMD0",
            "PhysicalContext": "Memory",
            "Reading": null,
            "ReadingTime": "2024-04-10T05:38:34Z",
            "ReadingType": "Temperature",
            "ReadingUnits": "Cel",
            "RelatedItem": [
                {
                    "@odata.id": "/redfish/v1/CompositionService/ResourceBlocks/r001u11/Systems/1/Memory/000301010B000174"
                }
            ],
            "SensingInterval": "PT10S"
        },
        {
            "@odata.etag": "\"7556ed0b6c4cf3f287f99bbec90cd81e\"",
            "@odata.id": "/redfish/v1/Chassis/r001u11/Sensors/P2-DIMMD1",
            "@odata.type": "#Sensor.v1_8_0.Sensor",
            "Id": "P2-DIMMD1",
            "Name": "P2-DIMMD1",
            "PhysicalContext": "Memory",
            "Reading": null,
            "ReadingTime": "2024-04-10T05:38:34Z",
            "ReadingType": "Temperature",
            "ReadingUnits": "Cel",
            "RelatedItem": [
                {
                    "@odata.id": "/redfish/v1/CompositionService/ResourceBlocks/r001u11/Systems/1/Memory/010301010B000174"
                }
            ],
            "SensingInterval": "PT10S"
        },
        {
            "@odata.etag": "\"c86173fc644a25bcba45db73f056958b\"",
            "@odata.id": "/redfish/v1/Chassis/r001u11/Sensors/P2-DIMME0",
            "@odata.type": "#Sensor.v1_8_0.Sensor",
            "Id": "P2-DIMME0",
            "Name": "P2-DIMME0",
            "PhysicalContext": "Memory",
            "Reading": null,
            "ReadingTime": "2024-04-10T05:38:34Z",
            "ReadingType": "Temperature",
            "ReadingUnits": "Cel",
            "RelatedItem": [
                {
                    "@odata.id": "/redfish/v1/CompositionService/ResourceBlocks/r001u11/Systems/1/Memory/000402010B000174"
                }
            ],
            "SensingInterval": "PT10S"
        },
        {
            "@odata.etag": "\"2375d23e163c4008f7609404d30169ce\"",
            "@odata.id": "/redfish/v1/Chassis/r001u11/Sensors/P2-DIMME1",
            "@odata.type": "#Sensor.v1_8_0.Sensor",
            "Id": "P2-DIMME1",
            "Name": "P2-DIMME1",
            "PhysicalContext": "Memory",
            "Reading": null,
            "ReadingTime": "2024-04-10T05:38:34Z",
            "ReadingType": "Temperature",
            "ReadingUnits": "Cel",
            "RelatedItem": [
                {
                    "@odata.id": "/redfish/v1/CompositionService/ResourceBlocks/r001u11/Systems/1/Memory/010402010B000174"
                }
            ],
            "SensingInterval": "PT10S"
        },
        {
            "@odata.etag": "\"c2892940b0472e13d46da5f777a2afbd\"",
            "@odata.id": "/redfish/v1/Chassis/r001u11/Sensors/P2-DIMMF0",
            "@odata.type": "#Sensor.v1_8_0.Sensor",
            "Id": "P2-DIMMF0",
            "Name": "P2-DIMMF0",
            "PhysicalContext": "Memory",
            "Reading": null,
            "ReadingTime": "2024-04-10T05:38:34Z",
            "ReadingType": "Temperature",
            "ReadingUnits": "Cel",
            "RelatedItem": [
                {
                    "@odata.id": "/redfish/v1/CompositionService/ResourceBlocks/r001u11/Systems/1/Memory/000502010B000174"
                }
            ],
            "SensingInterval": "PT10S"
        },
        {
            "@odata.etag": "\"7c3d18f99d0ce3bb1b0f11c1dc00faae\"",
            "@odata.id": "/redfish/v1/Chassis/r001u11/Sensors/P2-DIMMF1",
            "@odata.type": "#Sensor.v1_8_0.Sensor",
            "Id": "P2-DIMMF1",
            "Name": "P2-DIMMF1",
            "PhysicalContext": "Memory",
            "Reading": null,
            "ReadingTime": "2024-04-10T05:38:34Z",
            "ReadingType": "Temperature",
            "ReadingUnits": "Cel",
            "RelatedItem": [
                {
                    "@odata.id": "/redfish/v1/CompositionService/ResourceBlocks/r001u11/Systems/1/Memory/010502010B000174"
                }
            ],
            "SensingInterval": "PT10S"
        },
        {
            "@odata.etag": "\"b194858413436cb920cac2ea8bb01718\"",
            "@odata.id": "/redfish/v1/Chassis/r001u11/Sensors/P2-DIMMG0",
            "@odata.type": "#Sensor.v1_8_0.Sensor",
            "Id": "P2-DIMMG0",
            "Name": "P2-DIMMG0",
            "PhysicalContext": "Memory",
            "Reading": null,
            "ReadingTime": "2024-04-10T05:38:34Z",
            "ReadingType": "Temperature",
            "ReadingUnits": "Cel",
            "RelatedItem": [
                {
                    "@odata.id": "/redfish/v1/CompositionService/ResourceBlocks/r001u11/Systems/1/Memory/000603010B000174"
                }
            ],
            "SensingInterval": "PT10S"
        },
        {
            "@odata.etag": "\"70a39be82bb2e4dfe17f13b01e1bb423\"",
            "@odata.id": "/redfish/v1/Chassis/r001u11/Sensors/P2-DIMMG1",
            "@odata.type": "#Sensor.v1_8_0.Sensor",
            "Id": "P2-DIMMG1",
            "Name": "P2-DIMMG1",
            "PhysicalContext": "Memory",
            "Reading": null,
            "ReadingTime": "2024-04-10T05:38:34Z",
            "ReadingType": "Temperature",
            "ReadingUnits": "Cel",
            "RelatedItem": [
                {
                    "@odata.id": "/redfish/v1/CompositionService/ResourceBlocks/r001u11/Systems/1/Memory/010603010B000174"
                }
            ],
            "SensingInterval": "PT10S"
        },
        {
            "@odata.etag": "\"9309c9665f4325f5cb52f34baf2e49f7\"",
            "@odata.id": "/redfish/v1/Chassis/r001u11/Sensors/P2-DIMMH0",
            "@odata.type": "#Sensor.v1_8_0.Sensor",
            "Id": "P2-DIMMH0",
            "Name": "P2-DIMMH0",
            "PhysicalContext": "Memory",
            "Reading": null,
            "ReadingTime": "2024-04-10T05:38:34Z",
            "ReadingType": "Temperature",
            "ReadingUnits": "Cel",
            "RelatedItem": [
                {
                    "@odata.id": "/redfish/v1/CompositionService/ResourceBlocks/r001u11/Systems/1/Memory/000703010B000174"
                }
            ],
            "SensingInterval": "PT10S"
        },
        {
            "@odata.etag": "\"0e530e26b7a6e724380a88e5a498a893\"",
            "@odata.id": "/redfish/v1/Chassis/r001u11/Sensors/P2-DIMMH1",
            "@odata.type": "#Sensor.v1_8_0.Sensor",
            "Id": "P2-DIMMH1",
            "Name": "P2-DIMMH1",
            "PhysicalContext": "Memory",
            "Reading": null,
            "ReadingTime": "2024-04-10T05:38:34Z",
            "ReadingType": "Temperature",
            "ReadingUnits": "Cel",
            "RelatedItem": [
                {
                    "@odata.id": "/redfish/v1/CompositionService/ResourceBlocks/r001u11/Systems/1/Memory/010703010B000174"
                }
            ],
            "SensingInterval": "PT10S"
        },
        {
            "@odata.etag": "\"dd51fd9d4f878b7aa88263586eddbd8a\"",
            "@odata.id": "/redfish/v1/Chassis/r001u11/Sensors/P3-DIMMA0",
            "@odata.type": "#Sensor.v1_8_0.Sensor",
            "Id": "P3-DIMMA0",
            "Name": "P3-DIMMA0",
            "PhysicalContext": "Memory",
            "Reading": null,
            "ReadingTime": "2024-04-10T05:38:34Z",
            "ReadingType": "Temperature",
            "ReadingUnits": "Cel",
            "RelatedItem": [
                {
                    "@odata.id": "/redfish/v1/CompositionService/ResourceBlocks/r001u11/Systems/1/Memory/000000010B010174"
                }
            ],
            "SensingInterval": "PT10S"
        },
        {
            "@odata.etag": "\"fa4deabaf5b99997efcf760a0a4d2283\"",
            "@odata.id": "/redfish/v1/Chassis/r001u11/Sensors/P3-DIMMA1",
            "@odata.type": "#Sensor.v1_8_0.Sensor",
            "Id": "P3-DIMMA1",
            "Name": "P3-DIMMA1",
            "PhysicalContext": "Memory",
            "Reading": null,
            "ReadingTime": "2024-04-10T05:38:34Z",
            "ReadingType": "Temperature",
            "ReadingUnits": "Cel",
            "RelatedItem": [
                {
                    "@odata.id": "/redfish/v1/CompositionService/ResourceBlocks/r001u11/Systems/1/Memory/010000010B010174"
                }
            ],
            "SensingInterval": "PT10S"
        },
        {
            "@odata.etag": "\"f0fc7dec0e83128d47b4555250485307\"",
            "@odata.id": "/redfish/v1/Chassis/r001u11/Sensors/P3-DIMMB0",
            "@odata.type": "#Sensor.v1_8_0.Sensor",
            "Id": "P3-DIMMB0",
            "Name": "P3-DIMMB0",
            "PhysicalContext": "Memory",
            "Reading": null,
            "ReadingTime": "2024-04-10T05:38:34Z",
            "ReadingType": "Temperature",
            "ReadingUnits": "Cel",
            "RelatedItem": [
                {
                    "@odata.id": "/redfish/v1/CompositionService/ResourceBlocks/r001u11/Systems/1/Memory/000100010B010174"
                }
            ],
            "SensingInterval": "PT10S"
        },
        {
            "@odata.etag": "\"48a93495159b3c20ee75ad5f5bde22df\"",
            "@odata.id": "/redfish/v1/Chassis/r001u11/Sensors/P3-DIMMB1",
            "@odata.type": "#Sensor.v1_8_0.Sensor",
            "Id": "P3-DIMMB1",
            "Name": "P3-DIMMB1",
            "PhysicalContext": "Memory",
            "Reading": null,
            "ReadingTime": "2024-04-10T05:38:34Z",
            "ReadingType": "Temperature",
            "ReadingUnits": "Cel",
            "RelatedItem": [
                {
                    "@odata.id": "/redfish/v1/CompositionService/ResourceBlocks/r001u11/Systems/1/Memory/010100010B010174"
                }
            ],
            "SensingInterval": "PT10S"
        },
        {
            "@odata.etag": "\"f4df9a2c11f8a4cad9eeace232b44b75\"",
            "@odata.id": "/redfish/v1/Chassis/r001u11/Sensors/P3-DIMMC0",
            "@odata.type": "#Sensor.v1_8_0.Sensor",
            "Id": "P3-DIMMC0",
            "Name": "P3-DIMMC0",
            "PhysicalContext": "Memory",
            "Reading": null,
            "ReadingTime": "2024-04-10T05:38:34Z",
            "ReadingType": "Temperature",
            "ReadingUnits": "Cel",
            "RelatedItem": [
                {
                    "@odata.id": "/redfish/v1/CompositionService/ResourceBlocks/r001u11/Systems/1/Memory/000201010B010174"
                }
            ],
            "SensingInterval": "PT10S"
        },
        {
            "@odata.etag": "\"c63c5f091cf187b44abe2bd08a24954a\"",
            "@odata.id": "/redfish/v1/Chassis/r001u11/Sensors/P3-DIMMC1",
            "@odata.type": "#Sensor.v1_8_0.Sensor",
            "Id": "P3-DIMMC1",
            "Name": "P3-DIMMC1",
            "PhysicalContext": "Memory",
            "Reading": null,
            "ReadingTime": "2024-04-10T05:38:34Z",
            "ReadingType": "Temperature",
            "ReadingUnits": "Cel",
            "RelatedItem": [
                {
                    "@odata.id": "/redfish/v1/CompositionService/ResourceBlocks/r001u11/Systems/1/Memory/010201010B010174"
                }
            ],
            "SensingInterval": "PT10S"
        },
        {
            "@odata.etag": "\"99f111a8d4c835e706c13ecf212c148f\"",
            "@odata.id": "/redfish/v1/Chassis/r001u11/Sensors/P3-DIMMD0",
            "@odata.type": "#Sensor.v1_8_0.Sensor",
            "Id": "P3-DIMMD0",
            "Name": "P3-DIMMD0",
            "PhysicalContext": "Memory",
            "Reading": null,
            "ReadingTime": "2024-04-10T05:38:34Z",
            "ReadingType": "Temperature",
            "ReadingUnits": "Cel",
            "RelatedItem": [
                {
                    "@odata.id": "/redfish/v1/CompositionService/ResourceBlocks/r001u11/Systems/1/Memory/000301010B010174"
                }
            ],
            "SensingInterval": "PT10S"
        },
        {
            "@odata.etag": "\"c487d89f59b10b7c88b449e260a4b15e\"",
            "@odata.id": "/redfish/v1/Chassis/r001u11/Sensors/P3-DIMMD1",
            "@odata.type": "#Sensor.v1_8_0.Sensor",
            "Id": "P3-DIMMD1",
            "Name": "P3-DIMMD1",
            "PhysicalContext": "Memory",
            "Reading": null,
            "ReadingTime": "2024-04-10T05:38:34Z",
            "ReadingType": "Temperature",
            "ReadingUnits": "Cel",
            "RelatedItem": [
                {
                    "@odata.id": "/redfish/v1/CompositionService/ResourceBlocks/r001u11/Systems/1/Memory/010301010B010174"
                }
            ],
            "SensingInterval": "PT10S"
        },
        {
            "@odata.etag": "\"d7c533faee3d40402c7002d32ea08a47\"",
            "@odata.id": "/redfish/v1/Chassis/r001u11/Sensors/P3-DIMME0",
            "@odata.type": "#Sensor.v1_8_0.Sensor",
            "Id": "P3-DIMME0",
            "Name": "P3-DIMME0",
            "PhysicalContext": "Memory",
            "Reading": null,
            "ReadingTime": "2024-04-10T05:38:34Z",
            "ReadingType": "Temperature",
            "ReadingUnits": "Cel",
            "RelatedItem": [
                {
                    "@odata.id": "/redfish/v1/CompositionService/ResourceBlocks/r001u11/Systems/1/Memory/000402010B010174"
                }
            ],
            "SensingInterval": "PT10S"
        },
        {
            "@odata.etag": "\"79de294b6560fd97eab2cde4b03f876e\"",
            "@odata.id": "/redfish/v1/Chassis/r001u11/Sensors/P3-DIMME1",
            "@odata.type": "#Sensor.v1_8_0.Sensor",
            "Id": "P3-DIMME1",
            "Name": "P3-DIMME1",
            "PhysicalContext": "Memory",
            "Reading": null,
            "ReadingTime": "2024-04-10T05:38:34Z",
            "ReadingType": "Temperature",
            "ReadingUnits": "Cel",
            "RelatedItem": [
                {
                    "@odata.id": "/redfish/v1/CompositionService/ResourceBlocks/r001u11/Systems/1/Memory/010402010B010174"
                }
            ],
            "SensingInterval": "PT10S"
        },
        {
            "@odata.etag": "\"310d371ee3ffcb8476d856f7202dbb23\"",
            "@odata.id": "/redfish/v1/Chassis/r001u11/Sensors/P3-DIMMF0",
            "@odata.type": "#Sensor.v1_8_0.Sensor",
            "Id": "P3-DIMMF0",
            "Name": "P3-DIMMF0",
            "PhysicalContext": "Memory",
            "Reading": null,
            "ReadingTime": "2024-04-10T05:38:34Z",
            "ReadingType": "Temperature",
            "ReadingUnits": "Cel",
            "RelatedItem": [
                {
                    "@odata.id": "/redfish/v1/CompositionService/ResourceBlocks/r001u11/Systems/1/Memory/000502010B010174"
                }
            ],
            "SensingInterval": "PT10S"
        },
        {
            "@odata.etag": "\"d2313e1a639adacced9976ec63088e31\"",
            "@odata.id": "/redfish/v1/Chassis/r001u11/Sensors/P3-DIMMF1",
            "@odata.type": "#Sensor.v1_8_0.Sensor",
            "Id": "P3-DIMMF1",
            "Name": "P3-DIMMF1",
            "PhysicalContext": "Memory",
            "Reading": null,
            "ReadingTime": "2024-04-10T05:38:34Z",
            "ReadingType": "Temperature",
            "ReadingUnits": "Cel",
            "RelatedItem": [
                {
                    "@odata.id": "/redfish/v1/CompositionService/ResourceBlocks/r001u11/Systems/1/Memory/010502010B010174"
                }
            ],
            "SensingInterval": "PT10S"
        },
        {
            "@odata.etag": "\"e7bc6118daae6ee1cc9fa588490aa61e\"",
            "@odata.id": "/redfish/v1/Chassis/r001u11/Sensors/P3-DIMMG0",
            "@odata.type": "#Sensor.v1_8_0.Sensor",
            "Id": "P3-DIMMG0",
            "Name": "P3-DIMMG0",
            "PhysicalContext": "Memory",
            "Reading": null,
            "ReadingTime": "2024-04-10T05:38:34Z",
            "ReadingType": "Temperature",
            "ReadingUnits": "Cel",
            "RelatedItem": [
                {
                    "@odata.id": "/redfish/v1/CompositionService/ResourceBlocks/r001u11/Systems/1/Memory/000603010B010174"
                }
            ],
            "SensingInterval": "PT10S"
        },
        {
            "@odata.etag": "\"4c058058d9d8f686774fc21306f71969\"",
            "@odata.id": "/redfish/v1/Chassis/r001u11/Sensors/P3-DIMMG1",
            "@odata.type": "#Sensor.v1_8_0.Sensor",
            "Id": "P3-DIMMG1",
            "Name": "P3-DIMMG1",
            "PhysicalContext": "Memory",
            "Reading": null,
            "ReadingTime": "2024-04-10T05:38:34Z",
            "ReadingType": "Temperature",
            "ReadingUnits": "Cel",
            "RelatedItem": [
                {
                    "@odata.id": "/redfish/v1/CompositionService/ResourceBlocks/r001u11/Systems/1/Memory/010603010B010174"
                }
            ],
            "SensingInterval": "PT10S"
        },
        {
            "@odata.etag": "\"4dd14135df672468786afc915732c21d\"",
            "@odata.id": "/redfish/v1/Chassis/r001u11/Sensors/P3-DIMMH0",
            "@odata.type": "#Sensor.v1_8_0.Sensor",
            "Id": "P3-DIMMH0",
            "Name": "P3-DIMMH0",
            "PhysicalContext": "Memory",
            "Reading": null,
            "ReadingTime": "2024-04-10T05:38:34Z",
            "ReadingType": "Temperature",
            "ReadingUnits": "Cel",
            "RelatedItem": [
                {
                    "@odata.id": "/redfish/v1/CompositionService/ResourceBlocks/r001u11/Systems/1/Memory/000703010B010174"
                }
            ],
            "SensingInterval": "PT10S"
        },
        {
            "@odata.etag": "\"d853665b3482d9a84e494b36f75fceea\"",
            "@odata.id": "/redfish/v1/Chassis/r001u11/Sensors/P3-DIMMH1",
            "@odata.type": "#Sensor.v1_8_0.Sensor",
            "Id": "P3-DIMMH1",
            "Name": "P3-DIMMH1",
            "PhysicalContext": "Memory",
            "Reading": null,
            "ReadingTime": "2024-04-10T05:38:34Z",
            "ReadingType": "Temperature",
            "ReadingUnits": "Cel",
            "RelatedItem": [
                {
                    "@odata.id": "/redfish/v1/CompositionService/ResourceBlocks/r001u11/Systems/1/Memory/010703010B010174"
                }
            ],
            "SensingInterval": "PT10S"
        },
        {
            "@odata.etag": "\"6801f6ac0593f79707acbea52c312990\"",
            "@odata.id": "/redfish/v1/Chassis/r001u11/Sensors/PSU0_POUT",
            "@odata.type": "#Sensor.v1_8_0.Sensor",
            "Id": "PSU0_POUT",
            "Name": "PSU0_POUT",
            "PhysicalContext": "PowerSupply",
            "Reading": 0.0,
            "ReadingTime": "2024-04-10T05:38:34Z",
            "ReadingType": "Power",
            "ReadingUnits": "W",
            "RelatedItem": [
                {
                    "@odata.id": "/redfish/v1/Chassis/r001u11/PowerSubsystem/PowerSupplies/0"
                }
            ],
            "SensingInterval": "PT10S"
        },
        {
            "@odata.etag": "\"ffd1ca9a1bafe470e48e6df96489b81e\"",
            "@odata.id": "/redfish/v1/Chassis/r001u11/Sensors/PSU1_POUT",
            "@odata.type": "#Sensor.v1_8_0.Sensor",
            "Id": "PSU1_POUT",
            "Name": "PSU1_POUT",
            "PhysicalContext": "PowerSupply",
            "Reading": 0.0,
            "ReadingTime": "2024-04-10T05:38:34Z",
            "ReadingType": "Power",
            "ReadingUnits": "W",
            "RelatedItem": [
                {
                    "@odata.id": "/redfish/v1/Chassis/r001u11/PowerSubsystem/PowerSupplies/1"
                }
            ],
            "SensingInterval": "PT10S"
        },
        {
            "@odata.etag": "\"e9dc0b746758644f1485d2f1a75a9e0c\"",
            "@odata.id": "/redfish/v1/Chassis/r001u11/Sensors/PSU2_POUT",
            "@odata.type": "#Sensor.v1_8_0.Sensor",
            "Id": "PSU2_POUT",
            "Name": "PSU2_POUT",
            "PhysicalContext": "PowerSupply",
            "Reading": 0.0,
            "ReadingTime": "2024-04-10T05:38:34Z",
            "ReadingType": "Power",
            "ReadingUnits": "W",
            "RelatedItem": [
                {
                    "@odata.id": "/redfish/v1/Chassis/r001u11/PowerSubsystem/PowerSupplies/2"
                }
            ],
            "SensingInterval": "PT10S"
        },
        {
            "@odata.etag": "\"0b97c7477bacee0eecf3d44f8be06280\"",
            "@odata.id": "/redfish/v1/Chassis/r001u11/Sensors/PSU3_POUT",
            "@odata.type": "#Sensor.v1_8_0.Sensor",
            "Id": "PSU3_POUT",
            "Name": "PSU3_POUT",
            "PhysicalContext": "PowerSupply",
            "Reading": 0.0,
            "ReadingTime": "2024-04-10T05:38:34Z",
            "ReadingType": "Power",
            "ReadingUnits": "W",
            "RelatedItem": [
                {
                    "@odata.id": "/redfish/v1/Chassis/r001u11/PowerSubsystem/PowerSupplies/3"
                }
            ],
            "SensingInterval": "PT10S"
        },
        {
            "@odata.etag": "\"d5103c43e38d5b0a256bde91a22672fb\"",
            "@odata.id": "/redfish/v1/Chassis/r001u11/Sensors/PSU0_PIN",
            "@odata.type": "#Sensor.v1_8_0.Sensor",
            "Id": "PSU0_PIN",
            "Name": "PSU0_PIN",
            "PhysicalContext": "PowerSupply",
            "Reading": 9.25,
            "ReadingTime": "2024-04-10T05:38:34Z",
            "ReadingType": "Power",
            "ReadingUnits": "W",
            "RelatedItem": [
                {
                    "@odata.id": "/redfish/v1/Chassis/r001u11/PowerSubsystem/PowerSupplies/0"
                }
            ],
            "SensingInterval": "PT10S"
        },
        {
            "@odata.etag": "\"b58849e06f0244a740a429ff64c81f30\"",
            "@odata.id": "/redfish/v1/Chassis/r001u11/Sensors/PSU1_PIN",
            "@odata.type": "#Sensor.v1_8_0.Sensor",
            "Id": "PSU1_PIN",
            "Name": "PSU1_PIN",
            "PhysicalContext": "PowerSupply",
            "Reading": 12.9844,
            "ReadingTime": "2024-04-10T05:38:34Z",
            "ReadingType": "Power",
            "ReadingUnits": "W",
            "RelatedItem": [
                {
                    "@odata.id": "/redfish/v1/Chassis/r001u11/PowerSubsystem/PowerSupplies/1"
                }
            ],
            "SensingInterval": "PT10S"
        },
        {
            "@odata.etag": "\"906b7ed35a3eb1cc0d4016a6ad5d836f\"",
            "@odata.id": "/redfish/v1/Chassis/r001u11/Sensors/PSU2_PIN",
            "@odata.type": "#Sensor.v1_8_0.Sensor",
            "Id": "PSU2_PIN",
            "Name": "PSU2_PIN",
            "PhysicalContext": "PowerSupply",
            "Reading": 19.2188,
            "ReadingTime": "2024-04-10T05:38:34Z",
            "ReadingType": "Power",
            "ReadingUnits": "W",
            "RelatedItem": [
                {
                    "@odata.id": "/redfish/v1/Chassis/r001u11/PowerSubsystem/PowerSupplies/2"
                }
            ],
            "SensingInterval": "PT10S"
        },
        {
            "@odata.etag": "\"95129e8c02e8838c3b9c146e2a2b02cd\"",
            "@odata.id": "/redfish/v1/Chassis/r001u11/Sensors/PSU3_PIN",
            "@odata.type": "#Sensor.v1_8_0.Sensor",
            "Id": "PSU3_PIN",
            "Name": "PSU3_PIN",
            "PhysicalContext": "PowerSupply",
            "Reading": 4.9609,
            "ReadingTime": "2024-04-10T05:38:34Z",
            "ReadingType": "Power",
            "ReadingUnits": "W",
            "RelatedItem": [
                {
                    "@odata.id": "/redfish/v1/Chassis/r001u11/PowerSubsystem/PowerSupplies/3"
                }
            ],
            "SensingInterval": "PT10S"
        },
        {
            "@odata.etag": "\"f51771957e72c7cdc7522ffc4484011e\"",
            "@odata.id": "/redfish/v1/Chassis/r001u11/Sensors/SMC_VBATT",
            "@odata.type": "#Sensor.v1_8_0.Sensor",
            "Id": "SMC_VBATT",
            "Name": "SMC_VBATT",
            "PhysicalContext": "Battery",
            "Reading": 3.0156,
            "ReadingTime": "2024-04-10T05:38:34Z",
            "ReadingType": "Voltage",
            "ReadingUnits": "V",
            "SensingInterval": "PT10S"
        },
        {
            "@odata.etag": "\"6b455e28f6237d8672fdfec6c3c85f1d\"",
            "@odata.id": "/redfish/v1/Chassis/r001u11/Sensors/CHASSIS_FAN0",
            "@odata.type": "#Sensor.v1_8_0.Sensor",
            "Id": "CHASSIS_FAN0",
            "Name": "CHASSIS_FAN0",
            "PhysicalContext": "Fan",
            "Reading": null,
            "ReadingTime": "2024-04-10T05:38:34Z",
            "ReadingType": "Rotational",
            "ReadingUnits": "RPM",
            "RelatedItem": [
                {
                    "@odata.id": "/redfish/v1/Chassis/r001u11/ThermalSubsystem/Fans/ChassisFan0"
                }
            ],
            "SensingInterval": "PT10S"
        },
        {
            "@odata.etag": "\"9674528f8b33ff13d38fc7a597dffca4\"",
            "@odata.id": "/redfish/v1/Chassis/r001u11/Sensors/CHASSIS_FAN1",
            "@odata.type": "#Sensor.v1_8_0.Sensor",
            "Id": "CHASSIS_FAN1",
            "Name": "CHASSIS_FAN1",
            "PhysicalContext": "Fan",
            "Reading": null,
            "ReadingTime": "2024-04-10T05:38:34Z",
            "ReadingType": "Rotational",
            "ReadingUnits": "RPM",
            "RelatedItem": [
                {
                    "@odata.id": "/redfish/v1/Chassis/r001u11/ThermalSubsystem/Fans/ChassisFan1"
                }
            ],
            "SensingInterval": "PT10S"
        },
        {
            "@odata.etag": "\"55fdfc12ce7b8e00c5964c556956149c\"",
            "@odata.id": "/redfish/v1/Chassis/r001u11/Sensors/CHASSIS_FAN2",
            "@odata.type": "#Sensor.v1_8_0.Sensor",
            "Id": "CHASSIS_FAN2",
            "Name": "CHASSIS_FAN2",
            "PhysicalContext": "Fan",
            "Reading": null,
            "ReadingTime": "2024-04-10T05:38:34Z",
            "ReadingType": "Rotational",
            "ReadingUnits": "RPM",
            "RelatedItem": [
                {
                    "@odata.id": "/redfish/v1/Chassis/r001u11/ThermalSubsystem/Fans/ChassisFan2"
                }
            ],
            "SensingInterval": "PT10S"
        },
        {
            "@odata.etag": "\"f63a33c6268fbdb6bf0441902d9f7704\"",
            "@odata.id": "/redfish/v1/Chassis/r001u11/Sensors/CHASSIS_FAN3",
            "@odata.type": "#Sensor.v1_8_0.Sensor",
            "Id": "CHASSIS_FAN3",
            "Name": "CHASSIS_FAN3",
            "PhysicalContext": "Fan",
            "Reading": null,
            "ReadingTime": "2024-04-10T05:38:34Z",
            "ReadingType": "Rotational",
            "ReadingUnits": "RPM",
            "RelatedItem": [
                {
                    "@odata.id": "/redfish/v1/Chassis/r001u11/ThermalSubsystem/Fans/ChassisFan3"
                }
            ],
            "SensingInterval": "PT10S"
        },
        {
            "@odata.etag": "\"acf9ac9448a2fe4aad0fd7ad05abfe09\"",
            "@odata.id": "/redfish/v1/Chassis/r001u11/Sensors/CHASSIS_FAN4",
            "@odata.type": "#Sensor.v1_8_0.Sensor",
            "Id": "CHASSIS_FAN4",
            "Name": "CHASSIS_FAN4",
            "PhysicalContext": "Fan",
            "Reading": null,
            "ReadingTime": "2024-04-10T05:38:34Z",
            "ReadingType": "Rotational",
            "ReadingUnits": "RPM",
            "RelatedItem": [
                {
                    "@odata.id": "/redfish/v1/Chassis/r001u11/ThermalSubsystem/Fans/ChassisFan4"
                }
            ],
            "SensingInterval": "PT10S"
        },
        {
            "@odata.etag": "\"fc0a2a54a1e77fe9d83107fe36f681ab\"",
            "@odata.id": "/redfish/v1/Chassis/r001u11/Sensors/CHASSIS_FAN5",
            "@odata.type": "#Sensor.v1_8_0.Sensor",
            "Id": "CHASSIS_FAN5",
            "Name": "CHASSIS_FAN5",
            "PhysicalContext": "Fan",
            "Reading": null,
            "ReadingTime": "2024-04-10T05:38:34Z",
            "ReadingType": "Rotational",
            "ReadingUnits": "RPM",
            "RelatedItem": [
                {
                    "@odata.id": "/redfish/v1/Chassis/r001u11/ThermalSubsystem/Fans/ChassisFan5"
                }
            ],
            "SensingInterval": "PT10S"
        },
        {
            "@odata.etag": "\"4fe311f15001f33aba93d5ec956779b5\"",
            "@odata.id": "/redfish/v1/Chassis/r001u11/Sensors/CHASSIS_FAN6",
            "@odata.type": "#Sensor.v1_8_0.Sensor",
            "Id": "CHASSIS_FAN6",
            "Name": "CHASSIS_FAN6",
            "PhysicalContext": "Fan",
            "Reading": null,
            "ReadingTime": "2024-04-10T05:38:34Z",
            "ReadingType": "Rotational",
            "ReadingUnits": "RPM",
            "RelatedItem": [
                {
                    "@odata.id": "/redfish/v1/Chassis/r001u11/ThermalSubsystem/Fans/ChassisFan6"
                }
            ],
            "SensingInterval": "PT10S"
        },
        {
            "@odata.etag": "\"dc308fd6461f7daf2f11225249cf2a01\"",
            "@odata.id": "/redfish/v1/Chassis/r001u11/Sensors/CHASSIS_FAN7",
            "@odata.type": "#Sensor.v1_8_0.Sensor",
            "Id": "CHASSIS_FAN7",
            "Name": "CHASSIS_FAN7",
            "PhysicalContext": "Fan",
            "Reading": null,
            "ReadingTime": "2024-04-10T05:38:34Z",
            "ReadingType": "Rotational",
            "ReadingUnits": "RPM",
            "RelatedItem": [
                {
                    "@odata.id": "/redfish/v1/Chassis/r001u11/ThermalSubsystem/Fans/ChassisFan7"
                }
            ],
            "SensingInterval": "PT10S"
        },
        {
            "@odata.etag": "\"8dbb0de7abdcd9579fefaa2e5a3b52fe\"",
            "@odata.id": "/redfish/v1/Chassis/r001u11/Sensors/HARP_FAN0",
            "@odata.type": "#Sensor.v1_8_0.Sensor",
            "Id": "HARP_FAN0",
            "Name": "HARP_FAN0",
            "PhysicalContext": "Fan",
            "Reading": null,
            "ReadingTime": "2024-04-10T05:38:34Z",
            "ReadingType": "Rotational",
            "ReadingUnits": "RPM",
            "RelatedItem": [
                {
                    "@odata.id": "/redfish/v1/Chassis/r001u11/ThermalSubsystem/Fans/HarpFan0"
                }
            ],
            "SensingInterval": "PT10S"
        },
        {
            "@odata.etag": "\"32e3e1a33e7630d5a8884da3f8b1940b\"",
            "@odata.id": "/redfish/v1/Chassis/r001u11/Sensors/HARP_FAN1",
            "@odata.type": "#Sensor.v1_8_0.Sensor",
            "Id": "HARP_FAN1",
            "Name": "HARP_FAN1",
            "PhysicalContext": "Fan",
            "Reading": null,
            "ReadingTime": "2024-04-10T05:38:34Z",
            "ReadingType": "Rotational",
            "ReadingUnits": "RPM",
            "RelatedItem": [
                {
                    "@odata.id": "/redfish/v1/Chassis/r001u11/ThermalSubsystem/Fans/HarpFan1"
                }
            ],
            "SensingInterval": "PT10S"
        },
        {
            "@odata.etag": "\"61bb63247cb78bcee07a2e95d6ddb9de\"",
            "@odata.id": "/redfish/v1/Chassis/r001u11/Sensors/PSU0_FAN0",
            "@odata.type": "#Sensor.v1_8_0.Sensor",
            "Id": "PSU0_FAN0",
            "Name": "PSU0_FAN0",
            "PhysicalContext": "PowerSupply",
            "Reading": 2824.0,
            "ReadingTime": "2024-04-10T05:38:34Z",
            "ReadingType": "Rotational",
            "ReadingUnits": "RPM",
            "RelatedItem": [
                {
                    "@odata.id": "/redfish/v1/Chassis/r001u11/PowerSubsystem/PowerSupplies/0"
                }
            ],
            "SensingInterval": "PT10S"
        },
        {
            "@odata.etag": "\"dfc4317e17ab115b62404cd12043dc81\"",
            "@odata.id": "/redfish/v1/Chassis/r001u11/Sensors/PSU1_FAN0",
            "@odata.type": "#Sensor.v1_8_0.Sensor",
            "Id": "PSU1_FAN0",
            "Name": "PSU1_FAN0",
            "PhysicalContext": "PowerSupply",
            "Reading": 2944.0,
            "ReadingTime": "2024-04-10T05:38:34Z",
            "ReadingType": "Rotational",
            "ReadingUnits": "RPM",
            "RelatedItem": [
                {
                    "@odata.id": "/redfish/v1/Chassis/r001u11/PowerSubsystem/PowerSupplies/1"
                }
            ],
            "SensingInterval": "PT10S"
        },
        {
            "@odata.etag": "\"e503030ad0b73234a7d46cc69890e12c\"",
            "@odata.id": "/redfish/v1/Chassis/r001u11/Sensors/PSU2_FAN0",
            "@odata.type": "#Sensor.v1_8_0.Sensor",
            "Id": "PSU2_FAN0",
            "Name": "PSU2_FAN0",
            "PhysicalContext": "PowerSupply",
            "Reading": 2888.0,
            "ReadingTime": "2024-04-10T05:38:34Z",
            "ReadingType": "Rotational",
            "ReadingUnits": "RPM",
            "RelatedItem": [
                {
                    "@odata.id": "/redfish/v1/Chassis/r001u11/PowerSubsystem/PowerSupplies/2"
                }
            ],
            "SensingInterval": "PT10S"
        },
        {
            "@odata.etag": "\"31d5f031073d4b636913b5ed344b0bca\"",
            "@odata.id": "/redfish/v1/Chassis/r001u11/Sensors/PSU3_FAN0",
            "@odata.type": "#Sensor.v1_8_0.Sensor",
            "Id": "PSU3_FAN0",
            "Name": "PSU3_FAN0",
            "PhysicalContext": "PowerSupply",
            "Reading": 2896.0,
            "ReadingTime": "2024-04-10T05:38:34Z",
            "ReadingType": "Rotational",
            "ReadingUnits": "RPM",
            "RelatedItem": [
                {
                    "@odata.id": "/redfish/v1/Chassis/r001u11/PowerSubsystem/PowerSupplies/3"
                }
            ],
            "SensingInterval": "PT10S"
        },
        {
            "@odata.etag": "\"453b230b96a229d23126570f53cf298a\"",
            "@odata.id": "/redfish/v1/Chassis/r001u11/Sensors/AUTOFAN_ZONE_1",
            "@odata.type": "#Sensor.v1_8_0.Sensor",
            "Id": "AUTOFAN_ZONE_1",
            "Name": "AUTOFAN_ZONE_1",
            "PhysicalContext": "CoolingSubsystem",
            "Reading": 47.8431,
            "ReadingTime": "2024-04-10T05:38:34Z",
            "ReadingType": "Percent",
            "ReadingUnits": "%",
            "SensingInterval": "PT10S"
        },
        {
            "@odata.etag": "\"27a23f8a2f2664952d10b384b93e9f44\"",
            "@odata.id": "/redfish/v1/Chassis/r001u11/Sensors/AUTOFAN_ZONE_2",
            "@odata.type": "#Sensor.v1_8_0.Sensor",
            "Id": "AUTOFAN_ZONE_2",
            "Name": "AUTOFAN_ZONE_2",
            "PhysicalContext": "CoolingSubsystem",
            "Reading": 60.0,
            "ReadingTime": "2024-04-10T05:38:34Z",
            "ReadingType": "Percent",
            "ReadingUnits": "%",
            "SensingInterval": "PT10S"
        }
    ],
    "Members@odata.count": 116,
    "Name": "Chassis r001u11 Sensor Collection"
}