{
  "@odata.id": "/redfish/v1/Chassis/r001u01/NetworkAdapters/PCIeCard2",
  "@odata.type": "#NetworkAdapter.v1_9_0.NetworkAdapter",
  "Controllers": [
    {
      "Links": {
        "PCIeDevices": [
          {
            "@odata.id": "/redfish/v1/Chassis/r001u01/PCIeDevices/2"
          }
        ]
      }
    }
  ],
  "Id": "PCIeCard2",
  "Manufacturer": "Microsoft",
  "Model": "A2051",
  "Name": "rack1/chassis_u1/cpu0/io_slot2 Network Adapter",
  "NetworkDeviceFunctions": {
    "@odata.id": "/redfish/v1/Chassis/r001u01/NetworkAdapters/PCIeCard2/NetworkDeviceFunctions"
  },
  "PartNumber": "M1262026-001",
  "Ports": {
    "@odata.id": "/redfish/v1/Chassis/r001u01/NetworkAdapters/PCIeCard2/Ports"
  },
  "SerialNumber": "P20263116018003A"
}
