{
  "@odata.id": "/redfish/v1/CompositionService/ResourceBlocks/r001u01/Systems/1/Processors/1",
  "@odata.type": "#Processor.v1_18_0.Processor",
  "BaseSpeedMHz": 1900,
  "Id": "1",
  "InstructionSet": "x86-64",
  "Location": {
    "PartLocation": {
      "ServiceLabel": "rack1/chassis_u1/cpu1"
    },
    "Placement": {
      "Rack": "1",
      "RackOffset": 1,
      "RackOffsetUnits": "EIA_310"
    }
  },
  "Manufacturer": "Intel(R) Corporation",
  "MaxSpeedMHz": 3500,
  "Model": "Intel(R) Xeon(R) Platinum 8490H CPU",
  "Name": "rack1/chassis_u1/cpu1",
  "Oem": {
    "Hpe": {
      "@odata.type": "#HpeH3CpuSocket.v1_0_0.HpeH3CpuSocket",
      "L3CacheSize": "112.50 MB",
      "PhysicalLocationString": "rack1/chassis_u1/cpu1",
      "Physloc": "0000010101010007",
      "ProductCode": "PK8071305074901",
      "SKUNumber": "05074901",
      "SSpecQDF": "Q17G"
    }
  },
  "PartNumber": "PK80713",
  "Ports": {
    "@odata.id": "/redfish/v1/CompositionService/ResourceBlocks/r001u01/Systems/1/Processors/1/Ports"
  },
  "ProcessorArchitecture": "x86",
  "ProcessorId": {
    "EffectiveFamily": "0x06",
    "EffectiveModel": "0x0F",
    "ProtectedIdentificationNumber": "0x4737C41FF590F828",
    "Step": "0x06",
    "VendorId": "GenuineIntel"
  },
  "ProcessorType": "CPU",
  "SerialNumber": "0x4737C41FF590F828",
  "Status": {
    "Conditions": [
      {
        "MessageArgs": [
          "rack1/chassis_u1/cpu1"
        ],
        "MessageId": "H3Alert.1.2.ResourceReconfigured",
        "Severity": "OK",
        "Timestamp": "2024-02-29T19:28:30Z"
      },
      {
        "MessageArgs": [
          "rack1/chassis_u1/cpu1"
        ],
        "MessageId": "H3Alert.1.2.ResourceAcquitted",
        "Severity": "OK",
        "Timestamp": "2024-03-24T13:02:00Z"
      },
      {
        "MessageArgs": [
          "rack1/chassis_u1/cpu1"
        ],
        "MessageId": "H3Alert.1.2.NotBlockedByOtherDisabled",
        "Severity": "OK",
        "Timestamp": "2024-02-29T19:28:30Z"
      }
    ],
    "Health": "OK",
    "HealthRollup": "OK",
    "State": "Enabled"
  },
  "SubProcessors": {
    "@odata.id": "/redfish/v1/CompositionService/ResourceBlocks/r001u01/Systems/1/Processors/1/SubProcessors"
  },
  "TotalCores": 60,
  "TotalThreads": 120
}
