{
  "@odata.id": "/redfish/v1/CompositionService/ResourceBlocks/r001u01/Systems/1/NetworkInterfaces",
  "@odata.type": "#NetworkInterfaceCollection.NetworkInterfaceCollection",
  "Members": [
    {
      "@odata.id": "/redfish/v1/CompositionService/ResourceBlocks/r001u01/Systems/1/NetworkInterfaces/NetworkIfOcp"
    },
    {
      "@odata.id": "/redfish/v1/CompositionService/ResourceBlocks/r001u01/Systems/1/NetworkInterfaces/NetworkIfPCIeCard2"
    }
  ],
  "Members@odata.count": 2,
  "Name": "Chassis r001u01 Network Interface Collection"
}
