{
  "@odata.id": "/redfish/v1/CompositionService/ResourceBlocks/r001u01/Systems/1/Processors/0/SubProcessors",
  "@odata.type": "#ProcessorCollection.ProcessorCollection",
  "Members": [
    {
      "@odata.id": "/redfish/v1/CompositionService/ResourceBlocks/r001u01/Systems/1/Processors/0/SubProcessors/0"
    },
    {
      "@odata.id": "/redfish/v1/CompositionService/ResourceBlocks/r001u01/Systems/1/Processors/0/SubProcessors/1"
    },
    {
      "@odata.id": "/redfish/v1/CompositionService/ResourceBlocks/r001u01/Systems/1/Processors/0/SubProcessors/2"
    },
    {
      "@odata.id": "/redfish/v1/CompositionService/ResourceBlocks/r001u01/Systems/1/Processors/0/SubProcessors/3"
    },
    {
      "@odata.id": "/redfish/v1/CompositionService/ResourceBlocks/r001u01/Systems/1/Processors/0/SubProcessors/4"
    },
    {
      "@odata.id": "/redfish/v1/CompositionService/ResourceBlocks/r001u01/Systems/1/Processors/0/SubProcessors/5"
    },
    {
      "@odata.id": "/redfish/v1/CompositionService/ResourceBlocks/r001u01/Systems/1/Processors/0/SubProcessors/6"
    },
    {
      "@odata.id": "/redfish/v1/CompositionService/ResourceBlocks/r001u01/Systems/1/Processors/0/SubProcessors/7"
    },
    {
      "@odata.id": "/redfish/v1/CompositionService/ResourceBlocks/r001u01/Systems/1/Processors/0/SubProcessors/8"
    },
    {
      "@odata.id": "/redfish/v1/CompositionService/ResourceBlocks/r001u01/Systems/1/Processors/0/SubProcessors/9"
    },
    {
      "@odata.id": "/redfish/v1/CompositionService/ResourceBlocks/r001u01/Systems/1/Processors/0/SubProcessors/10"
    },
    {
      "@odata.id": "/redfish/v1/CompositionService/ResourceBlocks/r001u01/Systems/1/Processors/0/SubProcessors/11"
    },
    {
      "@odata.id": "/redfish/v1/CompositionService/ResourceBlocks/r001u01/Systems/1/Processors/0/SubProcessors/12"
    },
    {
      "@odata.id": "/redfish/v1/CompositionService/ResourceBlocks/r001u01/Systems/1/Processors/0/SubProcessors/13"
    },
    {
      "@odata.id": "/redfish/v1/CompositionService/ResourceBlocks/r001u01/Systems/1/Processors/0/SubProcessors/14"
    },
    {
      "@odata.id": "/redfish/v1/CompositionService/ResourceBlocks/r001u01/Systems/1/Processors/0/SubProcessors/15"
    },
    {
      "@odata.id": "/redfish/v1/CompositionService/ResourceBlocks/r001u01/Systems/1/Processors/0/SubProcessors/16"
    },
    {
      "@odata.id": "/redfish/v1/CompositionService/ResourceBlocks/r001u01/Systems/1/Processors/0/SubProcessors/17"
    },
    {
      "@odata.id": "/redfish/v1/CompositionService/ResourceBlocks/r001u01/Systems/1/Processors/0/SubProcessors/18"
    },
    {
      "@odata.id": "/redfish/v1/CompositionService/ResourceBlocks/r001u01/Systems/1/Processors/0/SubProcessors/19"
    },
    {
      "@odata.id": "/redfish/v1/CompositionService/ResourceBlocks/r001u01/Systems/1/Processors/0/SubProcessors/20"
    },
    {
      "@odata.id": "/redfish/v1/CompositionService/ResourceBlocks/r001u01/Systems/1/Processors/0/SubProcessors/21"
    },
    {
      "@odata.id": "/redfish/v1/CompositionService/ResourceBlocks/r001u01/Systems/1/Processors/0/SubProcessors/22"
    },
    {
      "@odata.id": "/redfish/v1/CompositionService/ResourceBlocks/r001u01/Systems/1/Processors/0/SubProcessors/23"
    },
    {
      "@odata.id": "/redfish/v1/CompositionService/ResourceBlocks/r001u01/Systems/1/Processors/0/SubProcessors/24"
    },
    {
      "@odata.id": "/redfish/v1/CompositionService/ResourceBlocks/r001u01/Systems/1/Processors/0/SubProcessors/25"
    },
    {
      "@odata.id": "/redfish/v1/CompositionService/ResourceBlocks/r001u01/Systems/1/Processors/0/SubProcessors/26"
    },
    {
      "@odata.id": "/redfish/v1/CompositionService/ResourceBlocks/r001u01/Systems/1/Processors/0/SubProcessors/27"
    },
    {
      "@odata.id": "/redfish/v1/CompositionService/ResourceBlocks/r001u01/Systems/1/Processors/0/SubProcessors/28"
    },
    {
      "@odata.id": "/redfish/v1/CompositionService/ResourceBlocks/r001u01/Systems/1/Processors/0/SubProcessors/29"
    },
    {
      "@odata.id": "/redfish/v1/CompositionService/ResourceBlocks/r001u01/Systems/1/Processors/0/SubProcessors/30"
    },
    {
      "@odata.id": "/redfish/v1/CompositionService/ResourceBlocks/r001u01/Systems/1/Processors/0/SubProcessors/31"
    },
    {
      "@odata.id": "/redfish/v1/CompositionService/ResourceBlocks/r001u01/Systems/1/Processors/0/SubProcessors/32"
    },
    {
      "@odata.id": "/redfish/v1/CompositionService/ResourceBlocks/r001u01/Systems/1/Processors/0/SubProcessors/33"
    },
    {
      "@odata.id": "/redfish/v1/CompositionService/ResourceBlocks/r001u01/Systems/1/Processors/0/SubProcessors/34"
    },
    {
      "@odata.id": "/redfish/v1/CompositionService/ResourceBlocks/r001u01/Systems/1/Processors/0/SubProcessors/35"
    },
    {
      "@odata.id": "/redfish/v1/CompositionService/ResourceBlocks/r001u01/Systems/1/Processors/0/SubProcessors/36"
    },
    {
      "@odata.id": "/redfish/v1/CompositionService/ResourceBlocks/r001u01/Systems/1/Processors/0/SubProcessors/37"
    },
    {
      "@odata.id": "/redfish/v1/CompositionService/ResourceBlocks/r001u01/Systems/1/Processors/0/SubProcessors/38"
    },
    {
      "@odata.id": "/redfish/v1/CompositionService/ResourceBlocks/r001u01/Systems/1/Processors/0/SubProcessors/39"
    },
    {
      "@odata.id": "/redfish/v1/CompositionService/ResourceBlocks/r001u01/Systems/1/Processors/0/SubProcessors/40"
    },
    {
      "@odata.id": "/redfish/v1/CompositionService/ResourceBlocks/r001u01/Systems/1/Processors/0/SubProcessors/41"
    },
    {
      "@odata.id": "/redfish/v1/CompositionService/ResourceBlocks/r001u01/Systems/1/Processors/0/SubProcessors/42"
    },
    {
      "@odata.id": "/redfish/v1/CompositionService/ResourceBlocks/r001u01/Systems/1/Processors/0/SubProcessors/43"
    },
    {
      "@odata.id": "/redfish/v1/CompositionService/ResourceBlocks/r001u01/Systems/1/Processors/0/SubProcessors/44"
    },
    {
      "@odata.id": "/redfish/v1/CompositionService/ResourceBlocks/r001u01/Systems/1/Processors/0/SubProcessors/45"
    },
    {
      "@odata.id": "/redfish/v1/CompositionService/ResourceBlocks/r001u01/Systems/1/Processors/0/SubProcessors/46"
    },
    {
      "@odata.id": "/redfish/v1/CompositionService/ResourceBlocks/r001u01/Systems/1/Processors/0/SubProcessors/47"
    },
    {
      "@odata.id": "/redfish/v1/CompositionService/ResourceBlocks/r001u01/Systems/1/Processors/0/SubProcessors/48"
    },
    {
      "@odata.id": "/redfish/v1/CompositionService/ResourceBlocks/r001u01/Systems/1/Processors/0/SubProcessors/49"
    },
    {
      "@odata.id": "/redfish/v1/CompositionService/ResourceBlocks/r001u01/Systems/1/Processors/0/SubProcessors/50"
    },
    {
      "@odata.id": "/redfish/v1/CompositionService/ResourceBlocks/r001u01/Systems/1/Processors/0/SubProcessors/51"
    },
    {
      "@odata.id": "/redfish/v1/CompositionService/ResourceBlocks/r001u01/Systems/1/Processors/0/SubProcessors/52"
    },
    {
      "@odata.id": "/redfish/v1/CompositionService/ResourceBlocks/r001u01/Systems/1/Processors/0/SubProcessors/53"
    },
    {
      "@odata.id": "/redfish/v1/CompositionService/ResourceBlocks/r001u01/Systems/1/Processors/0/SubProcessors/54"
    },
    {
      "@odata.id": "/redfish/v1/CompositionService/ResourceBlocks/r001u01/Systems/1/Processors/0/SubProcessors/55"
    },
    {
      "@odata.id": "/redfish/v1/CompositionService/ResourceBlocks/r001u01/Systems/1/Processors/0/SubProcessors/56"
    },
    {
      "@odata.id": "/redfish/v1/CompositionService/ResourceBlocks/r001u01/Systems/1/Processors/0/SubProcessors/57"
    },
    {
      "@odata.id": "/redfish/v1/CompositionService/ResourceBlocks/r001u01/Systems/1/Processors/0/SubProcessors/58"
    },
    {
      "@odata.id": "/redfish/v1/CompositionService/ResourceBlocks/r001u01/Systems/1/Processors/0/SubProcessors/59"
    }
  ],
  "Members@odata.count": 60,
  "Name": "CPU r001u01 Core Collection"
}
