{
  "@odata.id": "/redfish/v1/CertificateService/ReplaceCertificateActionInfo",
  "@odata.type": "#ActionInfo.v1_4_0.ActionInfo",
  "Id": "ReplaceCertificateActionInfo",
  "Name": "Replace Certificate Action Info",
  "Parameters": [
    {
      "DataType": "String",
      "Name": "CertificateString",
      "Required": true
    },
    {
      "AllowableValues": [
        "PEM"
      ],
      "DataType": "String",
      "Name": "CertificateType",
      "Required": true
    },
    {
      "DataType": "Object",
      "Name": "CertificateUri",
      "ObjectDataType": "@odata.id",
      "Required": true
    }
  ]
}
