{
  "@odata.id": "/redfish/v1/CompositionService/ResourceBlocks/r001u01/Systems/1/Processors/0/SubProcessors/15",
  "@odata.type": "#Processor.v1_18_0.Processor",
  "Id": "15",
  "Location": {
    "PartLocation": {
      "ServiceLabel": "rack1/chassis_u1/cpu0/core15"
    },
    "Placement": {
      "Rack": "1",
      "RackOffset": 1,
      "RackOffsetUnits": "EIA_310"
    }
  },
  "Name": "rack1/chassis_u1/cpu0/core15",
  "Oem": {
    "Hpe": {
      "@odata.type": "#HpeH3CpuCore.v1_0_0.HpeH3CpuCore",
      "PhysicalLocationString": "rack1/chassis_u1/cpu0/core15",
      "Physloc": "000F000101000008"
    }
  },
  "ProcessorType": "Core",
  "Status": {
    "Conditions": [
      {
        "MessageArgs": [
          "rack1/chassis_u1/cpu0/core15"
        ],
        "MessageId": "H3Alert.1.2.ResourceReconfigured",
        "Severity": "OK",
        "Timestamp": "2024-02-29T19:43:15Z"
      },
      {
        "MessageArgs": [
          "rack1/chassis_u1/cpu0/core15"
        ],
        "MessageId": "H3Alert.1.2.ResourceAcquitted",
        "Severity": "OK",
        "Timestamp": "2024-03-24T12:59:37Z"
      },
      {
        "MessageArgs": [
          "rack1/chassis_u1/cpu0/core15"
        ],
        "MessageId": "H3Alert.1.2.NotBlockedByOtherDisabled",
        "Severity": "OK",
        "Timestamp": "2024-02-29T19:43:15Z"
      }
    ],
    "Health": "OK",
    "HealthRollup": "OK",
    "State": "Enabled"
  }
}
