{
    "@odata.etag": "\"1b4e05f8ef85d1f060de7a98066ff082\"",
    "@odata.id": "/redfish/v1/Chassis/r001u16/PCIeDevices/3",
    "@odata.type": "#PCIeDevice.v1_12_0.PCIeDevice",
    "Assembly": {
        "@odata.id": "/redfish/v1/Chassis/r001u16/PCIeDevices/3/Assembly"
    },
    "FirmwareVersion": "9.12.01 (d0d5)",
    "Id": "3",
    "Manufacturer": "Hewlett Packard Enterprise",
    "Model": "HPE SN1610Q 32Gb 2p FC HBA",
    "Name": "PCIe Device rack1/chassis_u16/cpu0/io_slot3",
    "Oem": {
        "Hpe": {
            "@odata.type": "#HpeH3PcieDevice.v1_0_0.HpeH3PcieDevice",
            "PhysicalLocationString": "rack1/chassis_u16/cpu0/io_slot3",
            "Physloc": "0003000110000005"
        }
    },
    "PCIeFunctions": {
        "@odata.id": "/redfish/v1/Chassis/r001u16/PCIeDevices/3/PCIeFunctions"
    },
    "PartNumber": "P14420-001",
    "SKU": "R2E09A",
    "SerialNumber": "MY5233204F",
    "Slot": {
        "Location": {
            "PartLocation": {
                "ServiceLabel": "rack1/chassis_u16/cpu0/io_slot3"
            },
            "Placement": {
                "Rack": "1",
                "RackOffset": 16,
                "RackOffsetUnits": "EIA_310"
            }
        }
    },
    "SparePartNumber": "P14420-001",
    "Status": {
        "Conditions": [
            {
                "MessageArgs": [
                    "rack1/chassis_u16/cpu0/io_slot3"
                ],
                "MessageId": "H3Alert.1.2.ResourceReallocated",
                "Severity": "OK",
                "Timestamp": "2024-01-09T00:27:00Z"
            },
            {
                "MessageArgs": [
                    "rack1/chassis_u16/cpu0/io_slot3"
                ],
                "MessageId": "H3Alert.1.2.ResourceReconfigured",
                "Severity": "OK",
                "Timestamp": "2024-02-10T08:58:15Z"
            },
            {
                "MessageArgs": [
                    "rack1/chassis_u16/cpu0/io_slot3"
                ],
                "MessageId": "H3Alert.1.2.ResourceAcquitted",
                "Severity": "OK",
                "Timestamp": "2024-02-10T08:55:58Z"
            },
            {
                "MessageArgs": [
                    "rack1/chassis_u16/cpu0/io_slot3"
                ],
                "MessageId": "H3Alert.1.2.LinkUp",
                "Severity": "OK",
                "Timestamp": "2024-01-09T00:27:00Z"
            },
            {
                "MessageArgs": [
                    "rack1/chassis_u16/cpu0/io_slot3"
                ],
                "MessageId": "H3Alert.1.2.PcieErrorIsolationExited",
                "Severity": "OK",
                "Timestamp": "2024-01-09T00:27:00Z"
            },
            {
                "MessageArgs": [
                    "rack1/chassis_u16/cpu0/io_slot3"
                ],
                "MessageId": "H3Alert.1.2.PcieCardHasCpu",
                "Severity": "OK",
                "Timestamp": "2024-01-09T00:27:00Z"
            },
            {
                "MessageArgs": [
                    "rack1/chassis_u16/cpu0/io_slot3"
                ],
                "MessageId": "H3Alert.1.2.PciePerformanceOk",
                "Severity": "OK",
                "Timestamp": "2024-01-09T00:27:00Z"
            },
            {
                "MessageArgs": [
                    "rack1/chassis_u16/cpu0/io_slot3"
                ],
                "MessageId": "H3Alert.1.2.NotBlockedByOtherDisabled",
                "Severity": "OK",
                "Timestamp": "2024-01-09T00:27:00Z"
            },
            {
                "MessageArgs": [
                    "rack1/chassis_u16/cpu0/io_slot3"
                ],
                "MessageId": "H3Alert.1.2.PcieLinkTrainingOk",
                "Severity": "OK",
                "Timestamp": "2024-02-15T10:43:49Z"
            },
            {
                "MessageArgs": [
                    "rack1/chassis_u16/cpu0/io_slot3"
                ],
                "MessageId": "H3Alert.1.2.ABMCPowerOnSuccess",
                "Severity": "OK",
                "Timestamp": "2024-02-15T10:43:49Z"
            },
            {
                "MessageArgs": [
                    "rack1/chassis_u16/cpu0/io_slot3"
                ],
                "MessageId": "H3Alert.1.2.ABMCReady",
                "Severity": "OK",
                "Timestamp": "2024-02-15T10:43:49Z"
            }
        ],
        "Health": "OK",
        "HealthRollup": "OK",
        "State": "Enabled"
    }
}