{
    "@odata.etag": "\"1d08249ae44aac63281995cd78377fa4\"",
    "@odata.id": "/redfish/v1/Chassis/r001u06/Drives/DriveSlot1InUBM1",
    "@odata.type": "#Drive.v1_17_1.Drive",
    "CapacityBytes": 480103981056,
    "Id": "DriveSlot1InUBM1",
    "Manufacturer": "HPE",
    "MediaType": "SSD",
    "Model": "MK000480GWSSC",
    "Name": "Drive rack1/chassis_u6/cpu0/io_slot0/box1/drive_bay1",
    "Oem": {
        "Hpe": {
            "@odata.type": "#HpeH3Drive.v1_0_0.HpeH3Drive",
            "PhysicalLocationString": "rack1/chassis_u6/cpu0/io_slot0/box1/drive_bay1",
            "Physloc": "0100010106000086"
        }
    },
    "PartNumber": "P41527-001",
    "PhysicalLocation": {
        "PartLocation": {
            "ServiceLabel": "rack1/chassis_u6/cpu0/io_slot0/box1/drive_bay1"
        },
        "Placement": {
            "Rack": "1",
            "RackOffset": 6,
            "RackOffsetUnits": "EIA_310"
        }
    },
    "Protocol": "SATA",
    "Revision": "HPG3",
    "SKU": "P40502-H21",
    "SerialNumber": "S521NA0R915904",
    "Status": {
        "Conditions": [
            {
                "MessageArgs": [
                    "rack1/chassis_u6/cpu0/io_slot0/box1/drive_bay1"
                ],
                "MessageId": "H3Alert.1.2.ResourceAcquitted",
                "Severity": "OK",
                "Timestamp": "2024-03-28T09:12:54Z"
            }
        ],
        "Health": "OK",
        "HealthRollup": "OK",
        "State": "Enabled"
    }
}