{
  "@odata.id": "/redfish/v1/Chassis/r001u01/NetworkAdapters/Ocp/NetworkDeviceFunctions/OcpPort2",
  "@odata.type": "#NetworkDeviceFunction.v1_9_0.NetworkDeviceFunction",
  "Ethernet": {
    "MACAddress": "68:05:CA:EB:47:07",
    "PermanentMACAddress": "68:05:CA:EB:47:07"
  },
  "Id": "OcpPort2",
  "Links": {
    "PCIeFunction": {
      "@odata.id": "/redfish/v1/Chassis/r001u01/PCIeDevices/OCP/PCIeFunctions/NetworkDevice"
    }
  },
  "Name": "rack1/chassis_u1/cpu0/ocp_slot1 Port 2 Network Device Function",
  "NetDevFuncCapabilities": [
    "Ethernet"
  ]
}
