{
  "@odata.id": "/redfish/v1/CompositionService/ResourceBlocks/r001u01/Systems/1/NetworkInterfaces/NetworkIfOcp/Ports",
  "@odata.type": "#PortCollection.PortCollection",
  "Members": [
    {
      "@odata.id": "/redfish/v1/Chassis/r001u01/NetworkAdapters/Ocp/Ports/OcpPort1"
    },
    {
      "@odata.id": "/redfish/v1/Chassis/r001u01/NetworkAdapters/Ocp/Ports/OcpPort2"
    },
    {
      "@odata.id": "/redfish/v1/Chassis/r001u01/NetworkAdapters/Ocp/Ports/OcpPort3"
    },
    {
      "@odata.id": "/redfish/v1/Chassis/r001u01/NetworkAdapters/Ocp/Ports/OcpPort4"
    }
  ],
  "Members@odata.count": 4,
  "Name": "Chassis r001u01 NetworkIfOcp Port Collection"
}
