{
  "@odata.id": "/redfish/v1/Chassis/r001u11/PowerSubsystem",
  "@odata.type": "#PowerSubsystem.v1_1_0.PowerSubsystem",
  "Id": "PowerSubsystem",
  "Name": "r001u11 Power Subsystem",
  "PowerSupplies": {
    "@odata.id": "/redfish/v1/Chassis/r001u11/PowerSubsystem/PowerSupplies"
  },
  "PowerSupplyRedundancy": [
    {
      "@odata.id": "/redfish/v1/Chassis/r001u11/PowerSubsystem#/PowerSupplyRedundancy/0",
      "MaxSupportedInGroup": 4,
      "MinNeededInGroup": 2,
      "RedundancyGroup": [
        {
          "@odata.id": "/redfish/v1/Chassis/r001u11/PowerSubsystem/PowerSupplies/0"
        },
        {
          "@odata.id": "/redfish/v1/Chassis/r001u11/PowerSubsystem/PowerSupplies/1"
        },
        {
          "@odata.id": "/redfish/v1/Chassis/r001u11/PowerSubsystem/PowerSupplies/2"
        },
        {
          "@odata.id": "/redfish/v1/Chassis/r001u11/PowerSubsystem/PowerSupplies/3"
        }
      ],
      "RedundancyGroup@odata.count": 4,
      "RedundancyType": "NPlusM",
      "Status": {
        "Health": "OK",
        "State": "Enabled"
      }
    }
  ],
  "Status": {
    "Health": "OK",
    "HealthRollup": "OK",
    "State": "Enabled"
  }
}
