{
  "@odata.id": "/redfish/v1/Chassis/r001u16/PCIeSlots",
  "@odata.type": "#PCIeSlots.v1_6_0.PCIeSlots",
  "Id": "PCIeSlots",
  "Name": "r001u16 PCIeSlots",
  "Slots": [
    {
      "@odata.id": "/redfish/v1/Chassis/r001u16/PCIeSlots#/Slots/0",
      "Links": {
        "PCIeDevice": []
      },
      "Location": {
        "PartLocation": {
          "ServiceLabel": "rack1/chassis_u16/pcie_riser0"
        },
        "Placement": {
          "Rack": "1",
          "RackOffset": 16,
          "RackOffsetUnits": "EIA_310"
        }
      },
      "Oem": {
        "Hpe": {
          "@odata.type": "#HpeH3PCIeRiser.v1_0_0.HpeH3PCIeRiser",
          "PhysicalLocationString": "rack1/chassis_u16/pcie_riser0",
          "Physloc": "FFFF000110FFFF84"
        }
      },
      "Status": {
        "Health": "OK",
        "State": "Absent"
      }
    },
    {
      "@odata.id": "/redfish/v1/Chassis/r001u16/PCIeSlots#/Slots/1",
      "Links": {
        "PCIeDevice": []
      },
      "Location": {
        "PartLocation": {
          "ServiceLabel": "rack1/chassis_u16/pcie_riser1"
        },
        "Placement": {
          "Rack": "1",
          "RackOffset": 16,
          "RackOffsetUnits": "EIA_310"
        }
      },
      "Oem": {
        "Hpe": {
          "@odata.type": "#HpeH3PCIeRiser.v1_0_0.HpeH3PCIeRiser",
          "PhysicalLocationString": "rack1/chassis_u16/pcie_riser1",
          "Physloc": "FFFF010110FFFF84"
        }
      },
      "Status": {
        "Health": "OK",
        "State": "Absent"
      }
    },
    {
      "@odata.id": "/redfish/v1/Chassis/r001u16/PCIeSlots#/Slots/2",
      "Links": {
        "PCIeDevice": []
      },
      "Location": {
        "PartLocation": {
          "ServiceLabel": "rack1/chassis_u16/pcie_riser2"
        },
        "Placement": {
          "Rack": "1",
          "RackOffset": 16,
          "RackOffsetUnits": "EIA_310"
        }
      },
      "Oem": {
        "Hpe": {
          "@odata.type": "#HpeH3PCIeRiser.v1_0_0.HpeH3PCIeRiser",
          "PhysicalLocationString": "rack1/chassis_u16/pcie_riser2",
          "Physloc": "FFFF020110FFFF84"
        }
      },
      "Status": {
        "Health": "OK",
        "State": "Absent"
      }
    },
    {
      "@odata.id": "/redfish/v1/Chassis/r001u16/PCIeSlots#/Slots/3",
      "Links": {
        "PCIeDevice": []
      },
      "Location": {
        "PartLocation": {
          "ServiceLabel": "rack1/chassis_u16/pcie_riser3"
        },
        "Placement": {
          "Rack": "1",
          "RackOffset": 16,
          "RackOffsetUnits": "EIA_310"
        }
      },
      "Oem": {
        "Hpe": {
          "@odata.type": "#HpeH3PCIeRiser.v1_0_0.HpeH3PCIeRiser",
          "PhysicalLocationString": "rack1/chassis_u16/pcie_riser3",
          "Physloc": "FFFF030110FFFF84"
        }
      },
      "Status": {
        "Health": "OK",
        "State": "Absent"
      }
    }
  ]
}
