{
  "@odata.id": "/redfish/v1/CompositionService/ResourceBlocks/r001u01/Systems/1/Processors/1/Ports/UpiPort2",
  "@odata.type": "#Port.v1_10_0.Port",
  "Id": "UpiPort2",
  "Location": {
    "PartLocation": {
      "ServiceLabel": "rack1/chassis_u1/cpu1/upi2"
    },
    "Placement": {
      "Rack": "1",
      "RackOffset": 1,
      "RackOffsetUnits": "EIA_310"
    }
  },
  "Name": "CPU Port rack1/chassis_u1/cpu1/upi2",
  "Oem": {
    "Hpe": {
      "@odata.type": "#HpeH3CpuUpiPort.v1_0_0.HpeH3CpuUpiPort",
      "PhysicalLocationString": "rack1/chassis_u1/cpu1/upi2",
      "Physloc": "FF00020101010014"
    }
  },
  "Status": {
    "Conditions": [
      {
        "MessageArgs": [
          "rack1/chassis_u1/cpu1/upi2"
        ],
        "MessageId": "H3Alert.1.2.ResourceReconfigured",
        "Severity": "OK",
        "Timestamp": "2024-02-29T19:28:30Z"
      },
      {
        "MessageArgs": [
          "rack1/chassis_u1/cpu1/upi2"
        ],
        "MessageId": "H3Alert.1.2.ResourceAcquitted",
        "Severity": "OK",
        "Timestamp": "2024-03-24T20:37:02Z"
      },
      {
        "MessageArgs": [
          "rack1/chassis_u1/cpu1/upi2"
        ],
        "MessageId": "H3Alert.1.2.UpiPerformanceOk",
        "Severity": "OK",
        "Timestamp": "2024-02-29T19:28:30Z"
      }
    ],
    "Health": "OK",
    "HealthRollup": "OK",
    "State": "Enabled"
  }
}
