{
  "@odata.id": "/redfish/v1/Chassis/r001u16/PowerSubsystem/PowerSupplies",
  "@odata.type": "#PowerSupplyCollection.PowerSupplyCollection",
  "Members": [
    {
      "@odata.id": "/redfish/v1/Chassis/r001u16/PowerSubsystem/PowerSupplies/0"
    },
    {
      "@odata.id": "/redfish/v1/Chassis/r001u16/PowerSubsystem/PowerSupplies/1"
    },
    {
      "@odata.id": "/redfish/v1/Chassis/r001u16/PowerSubsystem/PowerSupplies/2"
    },
    {
      "@odata.id": "/redfish/v1/Chassis/r001u16/PowerSubsystem/PowerSupplies/3"
    }
  ],
  "Members@odata.count": 4,
  "Name": "r001u16 Power Supply Collection"
}
