{
  "@odata.id": "/redfish/v1/Chassis/r001u01/PCIeDevices/OCP/Assembly",
  "@odata.type": "#Assembly.v1_4_0.Assembly",
  "Assemblies": [
    {
      "@odata.id": "/redfish/v1/Chassis/r001u01/PCIeDevices/OCP/Assembly#/Assemblies/0",
      "BinaryDataURI": "/redfish/v1/RawFruData/r001u01/OCP_SLOT",
      "MemberId": "0",
      "Model": "INT I350 1GbE 4p BASE-T OCP3 Adptr",
      "Name": "PCIeDevice rack1/chassis_u1/cpu0/ocp_slot1 Assembly",
      "PartNumber": "P14487-001",
      "Producer": "Intel Corporation",
      "SKU": "P08449-B21",
      "SerialNumber": "6805CAEB4706",
      "SparePartNumber": "P14487-001"
    }
  ],
  "Id": "Assembly",
  "Name": "PCIeDevice rack1/chassis_u1/cpu0/ocp_slot1 Assemblies"
}
