{
  "@odata.id": "/redfish/v1/Chassis",
  "@odata.type": "#ChassisCollection.ChassisCollection",
  "Members": [
    {
      "@odata.id": "/redfish/v1/Chassis/RackGroup"
    },
    {
      "@odata.id": "/redfish/v1/Chassis/Rack1"
    },
    {
      "@odata.id": "/redfish/v1/Chassis/r001u01"
    },
    {
      "@odata.id": "/redfish/v1/Chassis/r001u06"
    },
    {
      "@odata.id": "/redfish/v1/Chassis/r001u11"
    },
    {
      "@odata.id": "/redfish/v1/Chassis/r001u16"
    }
  ],
  "Members@odata.count": 6,
  "Name": "Chassis Collection"
}
