{
  "@odata.id": "/redfish/v1/Chassis/r001u01/Drives/DriveSlot1InUBM1",
  "@odata.type": "#Drive.v1_17_1.Drive",
  "CapacityBytes": 800166076416,
  "Id": "DriveSlot1InUBM1",
  "Manufacturer": "HPE",
  "MediaType": "SSD",
  "Model": "MO000800KXAVN",
  "Name": "Drive rack1/chassis_u1/cpu1/box1/drive_bay1",
  "Oem": {
    "Hpe": {
      "@odata.type": "#HpeH3Drive.v1_0_0.HpeH3Drive",
      "PhysicalLocationString": "rack1/chassis_u1/cpu1/box1/drive_bay1",
      "Physloc": "01FF010101010086"
    }
  },
  "PartNumber": "P48216-001",
  "PhysicalLocation": {
    "PartLocation": {
      "ServiceLabel": "rack1/chassis_u1/cpu1/box1/drive_bay1"
    },
    "Placement": {
      "Rack": "1",
      "RackOffset": 1,
      "RackOffsetUnits": "EIA_310"
    }
  },
  "Protocol": "NVMe",
  "Revision": "HPK5",
  "SKU": "P47837-H21",
  "SerialNumber": "SSA7N5044I0207E05",
  "Status": {
    "Conditions": [
      {
        "MessageArgs": [
          "rack1/chassis_u1/cpu1/box1/drive_bay1"
        ],
        "MessageId": "H3Alert.1.2.ResourceReconfigured",
        "Severity": "OK",
        "Timestamp": "2024-02-29T19:43:13Z"
      },
      {
        "MessageArgs": [
          "rack1/chassis_u1/cpu1/box1/drive_bay1"
        ],
        "MessageId": "H3Alert.1.2.ResourceAcquitted",
        "Severity": "OK",
        "Timestamp": "2024-03-24T13:02:02Z"
      }
    ],
    "Health": "OK",
    "HealthRollup": "OK",
    "State": "Enabled"
  }
}
