{
  "@odata.id": "/redfish/v1/CompositionService/ResourceBlocks/r001u01/Systems/1/Processors/0/Ports",
  "@odata.type": "#PortCollection.PortCollection",
  "Members": [
    {
      "@odata.id": "/redfish/v1/CompositionService/ResourceBlocks/r001u01/Systems/1/Processors/0/Ports/UpiPort0"
    },
    {
      "@odata.id": "/redfish/v1/CompositionService/ResourceBlocks/r001u01/Systems/1/Processors/0/Ports/UpiPort1"
    },
    {
      "@odata.id": "/redfish/v1/CompositionService/ResourceBlocks/r001u01/Systems/1/Processors/0/Ports/UpiPort2"
    },
    {
      "@odata.id": "/redfish/v1/CompositionService/ResourceBlocks/r001u01/Systems/1/Processors/0/Ports/UpiPort3"
    }
  ],
  "Members@odata.count": 4,
  "Name": "CPU r001u01 Port Collection"
}
