{
  "@odata.id": "/redfish/v1/Chassis/Rack1",
  "@odata.type": "#Chassis.v1_24_0.Chassis",
  "ChassisType": "Rack",
  "Id": "Rack1",
  "Links": {
    "ContainedBy": {
      "@odata.id": "/redfish/v1/Chassis/RackGroup"
    },
    "Contains": [
      {
        "@odata.id": "/redfish/v1/Chassis/r001u01"
      },
      {
        "@odata.id": "/redfish/v1/Chassis/r001u06"
      },
      {
        "@odata.id": "/redfish/v1/Chassis/r001u11"
      },
      {
        "@odata.id": "/redfish/v1/Chassis/r001u16"
      }
    ],
    "Contains@odata.count": 4,
    "ManagedBy": [
      {
        "@odata.id": "/redfish/v1/Managers/RMC"
      }
    ]
  },
  "Location": {
    "PartLocation": {
      "ServiceLabel": "rack1"
    },
    "Placement": {
      "Rack": "1"
    }
  },
  "Name": "rack1",
  "Status": {
    "Health": "OK",
    "HealthRollup": "Critical",
    "State": "Enabled"
  }
}
