{
  "@odata.id": "/redfish/v1/CompositionService/ResourceBlocks/r001u01/Systems/1/Processors/0/Ports/UpiPort1",
  "@odata.type": "#Port.v1_10_0.Port",
  "Id": "UpiPort1",
  "Location": {
    "PartLocation": {
      "ServiceLabel": "rack1/chassis_u1/cpu0/upi1"
    },
    "Placement": {
      "Rack": "1",
      "RackOffset": 1,
      "RackOffsetUnits": "EIA_310"
    }
  },
  "Name": "CPU Port rack1/chassis_u1/cpu0/upi1",
  "Oem": {
    "Hpe": {
      "@odata.type": "#HpeH3CpuUpiPort.v1_0_0.HpeH3CpuUpiPort",
      "PhysicalLocationString": "rack1/chassis_u1/cpu0/upi1",
      "Physloc": "FF00010101000014"
    }
  },
  "Status": {
    "Conditions": [
      {
        "MessageArgs": [
          "rack1/chassis_u1/cpu0/upi1"
        ],
        "MessageId": "H3Alert.1.2.ResourceReconfigured",
        "Severity": "OK",
        "Timestamp": "2024-02-29T19:28:30Z"
      },
      {
        "MessageArgs": [
          "rack1/chassis_u1/cpu0/upi1"
        ],
        "MessageId": "H3Alert.1.2.ResourceAcquitted",
        "Severity": "OK",
        "Timestamp": "2024-03-24T20:36:57Z"
      },
      {
        "MessageArgs": [
          "rack1/chassis_u1/cpu0/upi1"
        ],
        "MessageId": "H3Alert.1.2.UpiPerformanceOk",
        "Severity": "OK",
        "Timestamp": "2024-02-29T19:28:30Z"
      }
    ],
    "Health": "OK",
    "HealthRollup": "OK",
    "State": "Enabled"
  }
}
