{
  "@odata.id": "/redfish/v1/Chassis/r001u11/Assembly",
  "@odata.type": "#Assembly.v1_4_0.Assembly",
  "Assemblies": [
    {
      "@odata.id": "/redfish/v1/Chassis/r001u11/Assembly#/Assemblies/0",
      "Location": {
        "PartLocation": {
          "ServiceLabel": "rack1/chassis_u11/motherboard"
        },
        "Placement": {
          "Rack": "1",
          "RackOffset": 11,
          "RackOffsetUnits": "EIA_310"
        }
      },
      "MemberId": "0",
      "Model": "H3_MLB",
      "Name": "rack1/chassis_u11/motherboard",
      "Oem": {
        "Hpe": {
          "@odata.type": "#HpeH3Assembly.v1_0_0.HpeH3Assembly",
          "PhysicalLocationString": "rack1/chassis_u11/motherboard",
          "Physloc": "FFFF01010BFFFF69"
        }
      },
      "PartNumber": "P25508_005",
      "PhysicalContext": "Board",
      "Producer": "HPE_PRMO",
      "SerialNumber": "PR12418MJW",
      "SparePartNumber": "P64793_001",
      "Status": {
        "Conditions": [
          {
            "MessageArgs": [
              "rack1/chassis_u11/motherboard"
            ],
            "MessageId": "H3Alert.1.2.ResourceAcquitted",
            "Severity": "OK",
            "Timestamp": "2024-03-24T13:33:20Z"
          }
        ],
        "Health": "OK",
        "HealthRollup": "OK",
        "State": "Enabled"
      },
      "Version": "_0A"
    },
    {
      "@odata.id": "/redfish/v1/Chassis/r001u11/Assembly#/Assemblies/1",
      "Location": {
        "PartLocation": {
          "ServiceLabel": "rack1/chassis_u11/power_board"
        },
        "Placement": {
          "Rack": "1",
          "RackOffset": 11,
          "RackOffsetUnits": "EIA_310"
        }
      },
      "MemberId": "1",
      "Model": "H3_POWER",
      "Name": "rack1/chassis_u11/power_board",
      "Oem": {
        "Hpe": {
          "@odata.type": "#HpeH3Assembly.v1_0_0.HpeH3Assembly",
          "PhysicalLocationString": "rack1/chassis_u11/power_board",
          "Physloc": "FFFF02010BFFFF69"
        }
      },
      "PartNumber": "P44809_005",
      "PhysicalContext": "Board",
      "Producer": "HPE_PRMO",
      "SerialNumber": "PR12418MD7",
      "SparePartNumber": "P64757_001",
      "Status": {
        "Conditions": [
          {
            "MessageArgs": [
              "rack1/chassis_u11/power_board"
            ],
            "MessageId": "H3Alert.1.2.ResourceAcquitted",
            "Severity": "OK",
            "Timestamp": "2024-03-24T13:33:21Z"
          }
        ],
        "Health": "OK",
        "HealthRollup": "OK",
        "State": "Enabled"
      },
      "Version": "_0A"
    },
    {
      "@odata.id": "/redfish/v1/Chassis/r001u11/Assembly#/Assemblies/2",
      "Location": {
        "PartLocation": {
          "ServiceLabel": "rack1/chassis_u11/base_io"
        },
        "Placement": {
          "Rack": "1",
          "RackOffset": 11,
          "RackOffsetUnits": "EIA_310"
        }
      },
      "MemberId": "2",
      "Model": "H3_BASEIO",
      "Name": "rack1/chassis_u11/base_io",
      "Oem": {
        "Hpe": {
          "@odata.type": "#HpeH3Assembly.v1_0_0.HpeH3Assembly",
          "PhysicalLocationString": "rack1/chassis_u11/base_io",
          "Physloc": "FFFF04010BFFFF69"
        }
      },
      "PartNumber": "P43392_006",
      "PhysicalContext": "Board",
      "Producer": "HPE_PRMO",
      "SerialNumber": "PR12458Y76",
      "SparePartNumber": "P64770_001",
      "Status": {
        "Conditions": [
          {
            "MessageArgs": [
              "rack1/chassis_u11/base_io"
            ],
            "MessageId": "H3Alert.1.2.ResourceAcquitted",
            "Severity": "OK",
            "Timestamp": "2024-03-24T13:22:33Z"
          }
        ],
        "Health": "OK",
        "HealthRollup": "OK",
        "State": "Enabled"
      },
      "Version": "_0B"
    },
    {
      "@odata.id": "/redfish/v1/Chassis/r001u11/Assembly#/Assemblies/3",
      "Location": {
        "PartLocation": {
          "ServiceLabel": "rack1/chassis_u11/rtc_battery"
        },
        "Placement": {
          "Rack": "1",
          "RackOffset": 11,
          "RackOffsetUnits": "EIA_310"
        }
      },
      "MemberId": "3",
      "Model": null,
      "Name": "rack1/chassis_u11/rtc_battery",
      "Oem": {
        "Hpe": {
          "@odata.type": "#HpeH3Assembly.v1_0_0.HpeH3Assembly",
          "PhysicalLocationString": "rack1/chassis_u11/rtc_battery",
          "Physloc": "FFFFFF010BFFFF6B"
        }
      },
      "PartNumber": null,
      "PhysicalContext": "Battery",
      "Producer": null,
      "SerialNumber": null,
      "SparePartNumber": null,
      "Status": {
        "Conditions": [
          {
            "MessageArgs": [
              "rack1/chassis_u11/rtc_battery"
            ],
            "MessageId": "H3Alert.1.2.ResourceAcquitted",
            "Severity": "OK",
            "Timestamp": "2024-03-24T13:33:31Z"
          }
        ],
        "Health": "OK",
        "HealthRollup": "OK",
        "State": "Enabled"
      },
      "Version": null
    },
    {
      "@odata.id": "/redfish/v1/Chassis/r001u11/Assembly#/Assemblies/4",
      "Location": {
        "PartLocation": {
          "ServiceLabel": "rack1/chassis_u11/harp_board"
        },
        "Placement": {
          "Rack": "1",
          "RackOffset": 11,
          "RackOffsetUnits": "EIA_310"
        }
      },
      "MemberId": "4",
      "Model": "H3_HARP4",
      "Name": "rack1/chassis_u11/harp_board",
      "Oem": {
        "Hpe": {
          "@odata.type": "#HpeH3Assembly.v1_0_0.HpeH3Assembly",
          "PhysicalLocationString": "rack1/chassis_u11/harp_board",
          "Physloc": "FFFF00010BFFFF69"
        }
      },
      "PartNumber": "P25510_005",
      "PhysicalContext": "Board",
      "Producer": "HPE_PRMO",
      "SerialNumber": "PR12418MQZ",
      "SparePartNumber": "P64786_001",
      "Status": {
        "Conditions": [
          {
            "MessageArgs": [
              "rack1/chassis_u11/harp_board"
            ],
            "MessageId": "H3Alert.1.2.ResourceAcquitted",
            "Severity": "OK",
            "Timestamp": "2024-04-07T13:30:10Z"
          }
        ],
        "Health": "OK",
        "HealthRollup": "OK",
        "State": "Enabled"
      },
      "Version": "_0A"
    },
    {
      "@odata.id": "/redfish/v1/Chassis/r001u11/Assembly#/Assemblies/5",
      "Location": {
        "PartLocation": {
          "ServiceLabel": "rack1/chassis_u11/qsfpdd_board"
        },
        "Placement": {
          "Rack": "1",
          "RackOffset": 11,
          "RackOffsetUnits": "EIA_310"
        }
      },
      "MemberId": "5",
      "Model": "H3_QSFP_DD",
      "Name": "rack1/chassis_u11/qsfpdd_board",
      "Oem": {
        "Hpe": {
          "@odata.type": "#HpeH3Assembly.v1_0_0.HpeH3Assembly",
          "PhysicalLocationString": "rack1/chassis_u11/qsfpdd_board",
          "Physloc": "FFFF06010BFFFF69"
        }
      },
      "PartNumber": "P41362_003",
      "PhysicalContext": "Board",
      "Producer": "HPE_PRMO",
      "SerialNumber": "PR12197482",
      "SparePartNumber": "P64786_001",
      "Status": {
        "Conditions": [
          {
            "MessageArgs": [
              "rack1/chassis_u11/qsfpdd_board"
            ],
            "MessageId": "H3Alert.1.2.ResourceAcquitted",
            "Severity": "OK",
            "Timestamp": "2024-03-24T13:33:29Z"
          }
        ],
        "Health": "OK",
        "HealthRollup": "OK",
        "State": "Enabled"
      },
      "Version": "_0A"
    },
    {
      "@odata.id": "/redfish/v1/Chassis/r001u11/Assembly#/Assemblies/6",
      "Location": {
        "PartLocation": {
          "ServiceLabel": "rack1/chassis_u11/storage_backplane1"
        },
        "Placement": {
          "Rack": "1",
          "RackOffset": 11,
          "RackOffsetUnits": "EIA_310"
        }
      },
      "MemberId": "6",
      "Model": null,
      "Name": "rack1/chassis_u11/storage_backplane1",
      "Oem": {
        "Hpe": {
          "@odata.type": "#HpeH3Assembly.v1_0_0.HpeH3Assembly",
          "PhysicalLocationString": "rack1/chassis_u11/storage_backplane1",
          "Physloc": "FF0105010BFFFF69"
        }
      },
      "PartNumber": null,
      "PhysicalContext": "Backplane",
      "Producer": null,
      "SerialNumber": null,
      "SparePartNumber": null,
      "Status": {
        "Health": "OK",
        "HealthRollup": "OK",
        "State": "Absent"
      },
      "Version": null
    },
    {
      "@odata.id": "/redfish/v1/Chassis/r001u11/Assembly#/Assemblies/7",
      "Location": {
        "PartLocation": {
          "ServiceLabel": "rack1/chassis_u11/storage_backplane2"
        },
        "Placement": {
          "Rack": "1",
          "RackOffset": 11,
          "RackOffsetUnits": "EIA_310"
        }
      },
      "MemberId": "7",
      "Model": null,
      "Name": "rack1/chassis_u11/storage_backplane2",
      "Oem": {
        "Hpe": {
          "@odata.type": "#HpeH3Assembly.v1_0_0.HpeH3Assembly",
          "PhysicalLocationString": "rack1/chassis_u11/storage_backplane2",
          "Physloc": "FF0205010BFFFF69"
        }
      },
      "PartNumber": null,
      "PhysicalContext": "Backplane",
      "Producer": null,
      "SerialNumber": null,
      "SparePartNumber": null,
      "Status": {
        "Health": "OK",
        "HealthRollup": "OK",
        "State": "Absent"
      },
      "Version": null
    },
    {
      "@odata.id": "/redfish/v1/Chassis/r001u11/Assembly#/Assemblies/8",
      "Location": {
        "PartLocation": {
          "ServiceLabel": "rack1/chassis_u11/storage_backplane3"
        },
        "Placement": {
          "Rack": "1",
          "RackOffset": 11,
          "RackOffsetUnits": "EIA_310"
        }
      },
      "MemberId": "8",
      "Model": null,
      "Name": "rack1/chassis_u11/storage_backplane3",
      "Oem": {
        "Hpe": {
          "@odata.type": "#HpeH3Assembly.v1_0_0.HpeH3Assembly",
          "PhysicalLocationString": "rack1/chassis_u11/storage_backplane3",
          "Physloc": "FF0305010BFFFF69"
        }
      },
      "PartNumber": null,
      "PhysicalContext": "Backplane",
      "Producer": null,
      "SerialNumber": null,
      "SparePartNumber": null,
      "Status": {
        "Health": "OK",
        "HealthRollup": "OK",
        "State": "Absent"
      },
      "Version": null
    }
  ],
  "Id": "Assembly",
  "Name": "Chassis rack1/chassis_u11 Assemblies"
}
