{
    "@odata.etag": "\"7aff7cfee32bc4a634c215f77bdec758\"",
    "@odata.id": "/redfish/v1/Chassis/r001u06/PCIeDevices/OCP",
    "@odata.type": "#PCIeDevice.v1_12_0.PCIeDevice",
    "Assembly": {
        "@odata.id": "/redfish/v1/Chassis/r001u06/PCIeDevices/OCP/Assembly"
    },
    "FirmwareVersion": null,
    "Id": "OCP",
    "Manufacturer": "Broadcom Inc. and subsidiaries",
    "Model": "BCM 57416 10GbE 2p BASE-T OCP3 Adptr",
    "Name": "PCIe Device rack1/chassis_u6/cpu0/ocp_slot1",
    "Oem": {
        "Hpe": {
            "@odata.type": "#HpeH3PcieDevice.v1_0_0.HpeH3PcieDevice",
            "PhysicalLocationString": "rack1/chassis_u6/cpu0/ocp_slot1",
            "Physloc": "000001010600000A"
        }
    },
    "PCIeFunctions": {
        "@odata.id": "/redfish/v1/Chassis/r001u06/PCIeDevices/OCP/PCIeFunctions"
    },
    "PartNumber": "P13640-001",
    "SKU": "P10097-B21",
    "SerialNumber": "VNE04808JX",
    "Slot": {
        "Location": {
            "PartLocation": {
                "ServiceLabel": "rack1/chassis_u6/cpu0/ocp_slot1"
            },
            "Placement": {
                "Rack": "1",
                "RackOffset": 6,
                "RackOffsetUnits": "EIA_310"
            }
        }
    },
    "SparePartNumber": "P13640-001",
    "Status": {
        "Conditions": [
            {
                "MessageArgs": [
                    "rack1/chassis_u6/cpu0/ocp_slot1"
                ],
                "MessageId": "H3Alert.1.2.ResourceReallocated",
                "Severity": "OK",
                "Timestamp": "2024-03-27T15:35:51Z"
            },
            {
                "MessageArgs": [
                    "rack1/chassis_u6/cpu0/ocp_slot1"
                ],
                "MessageId": "H3Alert.1.2.ResourceReconfigured",
                "Severity": "OK",
                "Timestamp": "2024-03-27T15:35:51Z"
            },
            {
                "MessageArgs": [
                    "rack1/chassis_u6/cpu0/ocp_slot1"
                ],
                "MessageId": "H3Alert.1.2.ResourceAcquitted",
                "Severity": "OK",
                "Timestamp": "2024-03-27T15:35:51Z"
            },
            {
                "MessageArgs": [
                    "rack1/chassis_u6/cpu0/ocp_slot1"
                ],
                "MessageId": "H3Alert.1.2.LinkUp",
                "Severity": "OK",
                "Timestamp": "2024-03-27T15:35:51Z"
            },
            {
                "MessageArgs": [
                    "rack1/chassis_u6/cpu0/ocp_slot1"
                ],
                "MessageId": "H3Alert.1.2.PcieErrorIsolationExited",
                "Severity": "OK",
                "Timestamp": "2024-03-27T15:35:51Z"
            },
            {
                "MessageArgs": [
                    "rack1/chassis_u6/cpu0/ocp_slot1"
                ],
                "MessageId": "H3Alert.1.2.PciePerformanceOk",
                "Severity": "OK",
                "Timestamp": "2024-03-27T15:35:51Z"
            },
            {
                "MessageArgs": [
                    "rack1/chassis_u6/cpu0/ocp_slot1"
                ],
                "MessageId": "H3Alert.1.2.NotBlockedByOtherDisabled",
                "Severity": "OK",
                "Timestamp": "2024-03-27T15:35:51Z"
            }
        ],
        "Health": "OK",
        "HealthRollup": "OK",
        "State": "Enabled"
    }
}