{
  "@odata.id": "/redfish/v1/Chassis/r001u01/NetworkAdapters/PCIeCard2/NetworkDeviceFunctions/PCIeCard2Port2",
  "@odata.type": "#NetworkDeviceFunction.v1_9_0.NetworkDeviceFunction",
  "Ethernet": {
    "MACAddress": "04:27:28:17:0F:89",
    "PermanentMACAddress": "04:27:28:17:0F:89"
  },
  "Id": "PCIeCard2Port2",
  "Links": {
    "PCIeFunction": {
      "@odata.id": "/redfish/v1/Chassis/r001u01/PCIeDevices/2/PCIeFunctions/NetworkDevice"
    }
  },
  "Name": "rack1/chassis_u1/cpu0/io_slot2 Port 2 Network Device Function",
  "NetDevFuncCapabilities": [
    "Ethernet"
  ]
}
