{
  "@odata.id": "/redfish/v1/Chassis/r001u01/NetworkAdapters/Ocp",
  "@odata.type": "#NetworkAdapter.v1_9_0.NetworkAdapter",
  "Controllers": [
    {
      "Links": {
        "PCIeDevices": [
          {
            "@odata.id": "/redfish/v1/Chassis/r001u01/PCIeDevices/OCP"
          }
        ]
      }
    }
  ],
  "Id": "Ocp",
  "Manufacturer": "Intel Corporation",
  "Model": "INT I350 1GbE 4p BASE-T OCP3 Adptr",
  "Name": "rack1/chassis_u1/cpu0/ocp_slot1 Network Adapter",
  "NetworkDeviceFunctions": {
    "@odata.id": "/redfish/v1/Chassis/r001u01/NetworkAdapters/Ocp/NetworkDeviceFunctions"
  },
  "PartNumber": "P08449-B21",
  "Ports": {
    "@odata.id": "/redfish/v1/Chassis/r001u01/NetworkAdapters/Ocp/Ports"
  },
  "SerialNumber": "6805CAEB4706"
}
