{
  "@odata.id": "/redfish/v1/Chassis/r001u01/PCIeDevices/2",
  "@odata.type": "#PCIeDevice.v1_12_0.PCIeDevice",
  "Assembly": {
    "@odata.id": "/redfish/v1/Chassis/r001u01/PCIeDevices/2/Assembly"
  },
  "FirmwareVersion": "",
  "Id": "2",
  "Manufacturer": "Microsoft",
  "Model": "A2051",
  "Name": "PCIe Device rack1/chassis_u1/cpu0/io_slot2",
  "Oem": {
    "Hpe": {
      "@odata.type": "#HpeH3PcieDevice.v1_0_0.HpeH3PcieDevice",
      "PhysicalLocationString": "rack1/chassis_u1/cpu0/io_slot2",
      "Physloc": "0002000101000005"
    }
  },
  "PCIeFunctions": {
    "@odata.id": "/redfish/v1/Chassis/r001u01/PCIeDevices/2/PCIeFunctions"
  },
  "PartNumber": "M1262026-001",
  "SKU": null,
  "SerialNumber": "P20263116018003A",
  "Slot": {
    "Location": {
      "PartLocation": {
        "ServiceLabel": "rack1/chassis_u1/cpu0/io_slot2"
      },
      "Placement": {
        "Rack": "1",
        "RackOffset": 1,
        "RackOffsetUnits": "EIA_310"
      }
    }
  },
  "SparePartNumber": null,
  "Status": {
    "Conditions": [
      {
        "MessageArgs": [
          "rack1/chassis_u1/cpu0/io_slot2"
        ],
        "MessageId": "H3Alert.1.2.ResourceReallocated",
        "Severity": "OK",
        "Timestamp": "2024-03-24T15:55:19Z"
      },
      {
        "MessageArgs": [
          "rack1/chassis_u1/cpu0/io_slot2"
        ],
        "MessageId": "H3Alert.1.2.ResourceReconfigured",
        "Severity": "OK",
        "Timestamp": "2024-02-29T19:28:30Z"
      },
      {
        "MessageArgs": [
          "rack1/chassis_u1/cpu0/io_slot2"
        ],
        "MessageId": "H3Alert.1.2.ResourceAcquitted",
        "Severity": "OK",
        "Timestamp": "2024-03-24T13:01:49Z"
      },
      {
        "MessageArgs": [
          "rack1/chassis_u1/cpu0/io_slot2"
        ],
        "MessageId": "H3Alert.1.2.LinkUp",
        "Severity": "OK",
        "Timestamp": "2024-02-29T19:28:30Z"
      },
      {
        "MessageArgs": [
          "rack1/chassis_u1/cpu0/io_slot2"
        ],
        "MessageId": "H3Alert.1.2.PcieErrorIsolationExited",
        "Severity": "OK",
        "Timestamp": "2024-02-29T19:28:30Z"
      },
      {
        "MessageArgs": [
          "rack1/chassis_u1/cpu0/io_slot2"
        ],
        "MessageId": "H3Alert.1.2.PcieCardHasCpu",
        "Severity": "OK",
        "Timestamp": "2024-02-29T19:28:30Z"
      },
      {
        "MessageArgs": [
          "rack1/chassis_u1/cpu0/io_slot2"
        ],
        "MessageId": "H3Alert.1.2.PciePerformanceOk",
        "Severity": "OK",
        "Timestamp": "2024-02-29T19:28:30Z"
      },
      {
        "MessageArgs": [
          "rack1/chassis_u1/cpu0/io_slot2"
        ],
        "MessageId": "H3Alert.1.2.NotBlockedByOtherDisabled",
        "Severity": "OK",
        "Timestamp": "2024-02-29T19:28:30Z"
      },
      {
        "MessageArgs": [
          "rack1/chassis_u1/cpu0/io_slot2"
        ],
        "MessageId": "H3Alert.1.2.PcieLinkTrainingOk",
        "Severity": "OK",
        "Timestamp": "2024-03-19T18:43:26Z"
      },
      {
        "MessageArgs": [
          "rack1/chassis_u1/cpu0/io_slot2"
        ],
        "MessageId": "H3Alert.1.2.ABMCPowerOnSuccess",
        "Severity": "OK",
        "Timestamp": "2024-03-19T18:43:26Z"
      },
      {
        "MessageArgs": [
          "rack1/chassis_u1/cpu0/io_slot2"
        ],
        "MessageId": "H3Alert.1.2.ABMCReady",
        "Severity": "OK",
        "Timestamp": "2024-03-19T18:43:26Z"
      }
    ],
    "Health": "OK",
    "HealthRollup": "OK",
    "State": "Enabled"
  }
}
