{
  "@odata.id": "/redfish/v1/Chassis/r001u01/Drives/DriveSlot2InUBM1",
  "@odata.type": "#Drive.v1_17_1.Drive",
  "CapacityBytes": 6401252745216,
  "Id": "DriveSlot2InUBM1",
  "Manufacturer": "HPE",
  "MediaType": "SSD",
  "Model": "MO006400KXAVV",
  "Name": "Drive rack1/chassis_u1/cpu1/box1/drive_bay2",
  "Oem": {
    "Hpe": {
      "@odata.type": "#HpeH3Drive.v1_0_0.HpeH3Drive",
      "PhysicalLocationString": "rack1/chassis_u1/cpu1/box1/drive_bay2",
      "Physloc": "01FF020101010086"
    }
  },
  "PartNumber": "P48219-001",
  "PhysicalLocation": {
    "PartLocation": {
      "ServiceLabel": "rack1/chassis_u1/cpu1/box1/drive_bay2"
    },
    "Placement": {
      "Rack": "1",
      "RackOffset": 1,
      "RackOffsetUnits": "EIA_310"
    }
  },
  "Protocol": "NVMe",
  "Revision": "HPK5",
  "SKU": "P47840-H21",
  "SerialNumber": "SDA6T0001I0406G2N",
  "Status": {
    "Conditions": [
      {
        "MessageArgs": [
          "rack1/chassis_u1/cpu1/box1/drive_bay2"
        ],
        "MessageId": "H3Alert.1.2.ResourceReconfigured",
        "Severity": "OK",
        "Timestamp": "2024-03-04T05:59:34Z"
      },
      {
        "MessageArgs": [
          "rack1/chassis_u1/cpu1/box1/drive_bay2"
        ],
        "MessageId": "H3Alert.1.2.ResourceAcquitted",
        "Severity": "OK",
        "Timestamp": "2024-03-24T13:02:03Z"
      }
    ],
    "Health": "OK",
    "HealthRollup": "OK",
    "State": "Enabled"
  }
}
