{
  "@odata.id": "/redfish/v1/CompositionService/ResourceBlocks/r001u01/Systems/1/NetworkInterfaces/NetworkIfPCIeCard2/Ports",
  "@odata.type": "#PortCollection.PortCollection",
  "Members": [
    {
      "@odata.id": "/redfish/v1/Chassis/r001u01/NetworkAdapters/PCIeCard2/Ports/PCIeCard2Port1"
    },
    {
      "@odata.id": "/redfish/v1/Chassis/r001u01/NetworkAdapters/PCIeCard2/Ports/PCIeCard2Port2"
    }
  ],
  "Members@odata.count": 2,
  "Name": "Chassis r001u01 NetworkIfPCIeCard2 Port Collection"
}
