{
  "@odata.id": "/redfish/v1/Chassis/r001u01/NetworkAdapters/Rmp/Ports",
  "@odata.type": "#PortCollection.PortCollection",
  "Members": [
    {
      "@odata.id": "/redfish/v1/Chassis/r001u01/NetworkAdapters/Rmp/Ports/MgmtPort"
    },
    {
      "@odata.id": "/redfish/v1/Chassis/r001u01/NetworkAdapters/Rmp/Ports/AuxPort"
    },
    {
      "@odata.id": "/redfish/v1/Chassis/r001u01/NetworkAdapters/Rmp/Ports/DownPort"
    },
    {
      "@odata.id": "/redfish/v1/Chassis/r001u01/NetworkAdapters/Rmp/Ports/UpPort"
    }
  ],
  "Members@odata.count": 4,
  "Name": "rack1/chassis_u1/rmp Port Collection"
}
