{
  "@odata.id": "/redfish/v1/CompositionService/ResourceBlocks/r001u01/Systems/1",
  "@odata.type": "#ComputerSystem.v1_21_0.ComputerSystem",
  "EthernetInterfaces": {
    "@odata.id": "/redfish/v1/CompositionService/ResourceBlocks/r001u01/Systems/1/EthernetInterfaces"
  },
  "Id": "1",
  "Links": {
    "Chassis": [
      {
        "@odata.id": "/redfish/v1/Chassis/r001u01"
      }
    ]
  },
  "Manufacturer": "HPE",
  "Memory": {
    "@odata.id": "/redfish/v1/CompositionService/ResourceBlocks/r001u01/Systems/1/Memory"
  },
  "MemorySummary": {
    "Status": {
      "Health": "OK",
      "HealthRollup": "Critical",
      "State": "Enabled"
    },
    "TotalSystemMemoryGiB": 6144,
    "TotalSystemPersistentMemoryGiB": 0
  },
  "Model": "Compute Scale-up Server 3200, 4S XNC Base Chassis",
  "Name": "System Resource Block rack1/chassis_u1",
  "NetworkInterfaces": {
    "@odata.id": "/redfish/v1/CompositionService/ResourceBlocks/r001u01/Systems/1/NetworkInterfaces"
  },
  "Oem": {
    "Hpe": {
      "@odata.type": "#HpeH3ChassisSystem.v1_0_0.HpeH3ChassisSystem",
      "ProductId": "1590PID03030201"
    }
  },
  "PCIeDevices": [
    {
      "@odata.id": "/redfish/v1/Chassis/r001u01/PCIeDevices/OCP"
    },
    {
      "@odata.id": "/redfish/v1/Chassis/r001u01/PCIeDevices/2"
    }
  ],
  "PCIeDevices@odata.count": 2,
  "PCIeFunctions": [
    {
      "@odata.id": "/redfish/v1/Chassis/r001u01/PCIeDevices/OCP/PCIeFunctions/NetworkDevice"
    },
    {
      "@odata.id": "/redfish/v1/Chassis/r001u01/PCIeDevices/2/PCIeFunctions/NetworkDevice"
    }
  ],
  "PCIeFunctions@odata.count": 2,
  "PowerState": "On",
  "ProcessorSummary": {
    "Count": 4,
    "LogicalProcessorCount": 240,
    "Model": "Intel(R) Xeon(R)",
    "Status": {
      "Health": "OK",
      "HealthRollup": "Critical",
      "State": "Enabled"
    }
  },
  "Processors": {
    "@odata.id": "/redfish/v1/CompositionService/ResourceBlocks/r001u01/Systems/1/Processors"
  },
  "Status": {
    "Health": "OK",
    "HealthRollup": "Critical",
    "State": "Enabled"
  },
  "SystemType": "PhysicallyPartitioned",
  "TrustedModules": [
    {
      "FirmwareVersion": "0x00010200",
      "FirmwareVersion2": "0x00000000",
      "InterfaceType": "TPM2_0",
      "Status": {
        "State": "StandbyOffline"
      }
    }
  ],
  "UUID": "fb2eba17-18e9-5652-aefb-00953463e3c0"
}
