{
  "@odata.id": "/redfish/v1/CompositionService",
  "@odata.type": "#CompositionService.v1_2_1.CompositionService",
  "Actions": {
    "Oem": {
      "#Hpe_H3_CompositionService.ComposeDefault": {
        "@Redfish.ActionInfo": "/redfish/v1/Hpe_H3_CompositionService.ComposeDefaultActionInfo",
        "target": "/redfish/v1/CompositionService/Actions/Oem/Hpe_H3_CompositionService.ComposeDefault"
      }
    }
  },
  "AllowOverprovisioning": false,
  "Id": "CompositionService",
  "Name": "Composition Service",
  "ResourceBlocks": {
    "@odata.id": "/redfish/v1/CompositionService/ResourceBlocks"
  },
  "ServiceEnabled": true,
  "Status": {
    "Health": "OK",
    "State": "Enabled"
  }
}
