{
    "@odata.etag": "\"1cf81cd5ab6d76394d5885de64917f4a\"",
    "@odata.id": "/redfish/v1/Chassis/r001u01/ThermalSubsystem/Fans",
    "@odata.type": "#FanCollection.FanCollection",
    "Members": [
        {
            "@odata.etag": "\"911747d0cc8b38eafa4b96d5d5c0556b\"",
            "@odata.id": "/redfish/v1/Chassis/r001u01/ThermalSubsystem/Fans/ChassisFan0",
            "@odata.type": "#Fan.v1_5_0.Fan",
            "Id": "ChassisFan0",
            "Location": {
                "PartLocation": {
                    "ServiceLabel": "rack1/chassis_u1/chassis_fan0"
                },
                "Placement": {
                    "Rack": "1",
                    "RackOffset": 1,
                    "RackOffsetUnits": "EIA_310"
                }
            },
            "Name": "rack1/chassis_u1/chassis_fan0",
            "Oem": {
                "Hpe": {
                    "@odata.type": "#HpeH3Fan.v1_0_0.HpeH3Fan",
                    "PhysicalLocationString": "rack1/chassis_u1/chassis_fan0",
                    "Physloc": "FFFF000101FFFF63"
                }
            },
            "Status": {
                "Conditions": [
                    {
                        "MessageArgs": [
                            "rack1/chassis_u1/chassis_fan0"
                        ],
                        "MessageId": "H3Alert.1.2.ResourceAcquitted",
                        "Severity": "OK",
                        "Timestamp": "2024-03-24T12:59:08Z"
                    },
                    {
                        "MessageArgs": [
                            "rack1/chassis_u1/chassis_fan0"
                        ],
                        "MessageId": "H3Alert.1.2.FanOk",
                        "Severity": "OK",
                        "Timestamp": "2024-02-29T19:28:31Z"
                    }
                ],
                "Health": "OK",
                "HealthRollup": "OK",
                "State": "Enabled"
            }
        },
        {
            "@odata.etag": "\"92eb046d1405c4be385ec7653c4244e4\"",
            "@odata.id": "/redfish/v1/Chassis/r001u01/ThermalSubsystem/Fans/HarpFan0",
            "@odata.type": "#Fan.v1_5_0.Fan",
            "Id": "HarpFan0",
            "Location": {
                "PartLocation": {
                    "ServiceLabel": "rack1/chassis_u1/harp_fan0"
                },
                "Placement": {
                    "Rack": "1",
                    "RackOffset": 1,
                    "RackOffsetUnits": "EIA_310"
                }
            },
            "Name": "rack1/chassis_u1/harp_fan0",
            "Oem": {
                "Hpe": {
                    "@odata.type": "#HpeH3Fan.v1_0_0.HpeH3Fan",
                    "PhysicalLocationString": "rack1/chassis_u1/harp_fan0",
                    "Physloc": "FFFF000101FFFF64"
                }
            },
            "Status": {
                "Conditions": [
                    {
                        "MessageArgs": [
                            "rack1/chassis_u1/harp_fan0"
                        ],
                        "MessageId": "H3Alert.1.2.ResourceAcquitted",
                        "Severity": "OK",
                        "Timestamp": "2024-03-24T13:10:45Z"
                    },
                    {
                        "MessageArgs": [
                            "rack1/chassis_u1/harp_fan0"
                        ],
                        "MessageId": "H3Alert.1.2.FanOk",
                        "Severity": "OK",
                        "Timestamp": "2024-02-29T19:28:31Z"
                    }
                ],
                "Health": "OK",
                "HealthRollup": "OK",
                "State": "Enabled"
            }
        },
        {
            "@odata.etag": "\"eb3cca6bf9c0417e1c6c64392b8d6407\"",
            "@odata.id": "/redfish/v1/Chassis/r001u01/ThermalSubsystem/Fans/ChassisFan1",
            "@odata.type": "#Fan.v1_5_0.Fan",
            "Id": "ChassisFan1",
            "Location": {
                "PartLocation": {
                    "ServiceLabel": "rack1/chassis_u1/chassis_fan1"
                },
                "Placement": {
                    "Rack": "1",
                    "RackOffset": 1,
                    "RackOffsetUnits": "EIA_310"
                }
            },
            "Name": "rack1/chassis_u1/chassis_fan1",
            "Oem": {
                "Hpe": {
                    "@odata.type": "#HpeH3Fan.v1_0_0.HpeH3Fan",
                    "PhysicalLocationString": "rack1/chassis_u1/chassis_fan1",
                    "Physloc": "FFFF010101FFFF63"
                }
            },
            "Status": {
                "Conditions": [
                    {
                        "MessageArgs": [
                            "rack1/chassis_u1/chassis_fan1"
                        ],
                        "MessageId": "H3Alert.1.2.ResourceAcquitted",
                        "Severity": "OK",
                        "Timestamp": "2024-03-24T12:59:10Z"
                    },
                    {
                        "MessageArgs": [
                            "rack1/chassis_u1/chassis_fan1"
                        ],
                        "MessageId": "H3Alert.1.2.FanOk",
                        "Severity": "OK",
                        "Timestamp": "2024-02-29T19:28:31Z"
                    }
                ],
                "Health": "OK",
                "HealthRollup": "OK",
                "State": "Enabled"
            }
        },
        {
            "@odata.etag": "\"0a77cf71095a1b3fffce3441e8becd79\"",
            "@odata.id": "/redfish/v1/Chassis/r001u01/ThermalSubsystem/Fans/HarpFan1",
            "@odata.type": "#Fan.v1_5_0.Fan",
            "Id": "HarpFan1",
            "Location": {
                "PartLocation": {
                    "ServiceLabel": "rack1/chassis_u1/harp_fan1"
                },
                "Placement": {
                    "Rack": "1",
                    "RackOffset": 1,
                    "RackOffsetUnits": "EIA_310"
                }
            },
            "Name": "rack1/chassis_u1/harp_fan1",
            "Oem": {
                "Hpe": {
                    "@odata.type": "#HpeH3Fan.v1_0_0.HpeH3Fan",
                    "PhysicalLocationString": "rack1/chassis_u1/harp_fan1",
                    "Physloc": "FFFF010101FFFF64"
                }
            },
            "Status": {
                "Conditions": [
                    {
                        "MessageArgs": [
                            "rack1/chassis_u1/harp_fan1"
                        ],
                        "MessageId": "H3Alert.1.2.ResourceAcquitted",
                        "Severity": "OK",
                        "Timestamp": "2024-03-24T13:10:47Z"
                    },
                    {
                        "MessageArgs": [
                            "rack1/chassis_u1/harp_fan1"
                        ],
                        "MessageId": "H3Alert.1.2.FanOk",
                        "Severity": "OK",
                        "Timestamp": "2024-02-29T19:28:31Z"
                    }
                ],
                "Health": "OK",
                "HealthRollup": "OK",
                "State": "Enabled"
            }
        },
        {
            "@odata.etag": "\"0f9edd109b16afaa45081962e488c7c3\"",
            "@odata.id": "/redfish/v1/Chassis/r001u01/ThermalSubsystem/Fans/ChassisFan2",
            "@odata.type": "#Fan.v1_5_0.Fan",
            "Id": "ChassisFan2",
            "Location": {
                "PartLocation": {
                    "ServiceLabel": "rack1/chassis_u1/chassis_fan2"
                },
                "Placement": {
                    "Rack": "1",
                    "RackOffset": 1,
                    "RackOffsetUnits": "EIA_310"
                }
            },
            "Name": "rack1/chassis_u1/chassis_fan2",
            "Oem": {
                "Hpe": {
                    "@odata.type": "#HpeH3Fan.v1_0_0.HpeH3Fan",
                    "PhysicalLocationString": "rack1/chassis_u1/chassis_fan2",
                    "Physloc": "FFFF020101FFFF63"
                }
            },
            "Status": {
                "Conditions": [
                    {
                        "MessageArgs": [
                            "rack1/chassis_u1/chassis_fan2"
                        ],
                        "MessageId": "H3Alert.1.2.ResourceAcquitted",
                        "Severity": "OK",
                        "Timestamp": "2024-03-24T12:59:11Z"
                    },
                    {
                        "MessageArgs": [
                            "rack1/chassis_u1/chassis_fan2"
                        ],
                        "MessageId": "H3Alert.1.2.FanOk",
                        "Severity": "OK",
                        "Timestamp": "2024-02-29T19:28:31Z"
                    }
                ],
                "Health": "OK",
                "HealthRollup": "OK",
                "State": "Enabled"
            }
        },
        {
            "@odata.etag": "\"b5d5ce13049793c1dd2c2bcef0fa9d7f\"",
            "@odata.id": "/redfish/v1/Chassis/r001u01/ThermalSubsystem/Fans/ChassisFan3",
            "@odata.type": "#Fan.v1_5_0.Fan",
            "Id": "ChassisFan3",
            "Location": {
                "PartLocation": {
                    "ServiceLabel": "rack1/chassis_u1/chassis_fan3"
                },
                "Placement": {
                    "Rack": "1",
                    "RackOffset": 1,
                    "RackOffsetUnits": "EIA_310"
                }
            },
            "Name": "rack1/chassis_u1/chassis_fan3",
            "Oem": {
                "Hpe": {
                    "@odata.type": "#HpeH3Fan.v1_0_0.HpeH3Fan",
                    "PhysicalLocationString": "rack1/chassis_u1/chassis_fan3",
                    "Physloc": "FFFF030101FFFF63"
                }
            },
            "Status": {
                "Conditions": [
                    {
                        "MessageArgs": [
                            "rack1/chassis_u1/chassis_fan3"
                        ],
                        "MessageId": "H3Alert.1.2.ResourceAcquitted",
                        "Severity": "OK",
                        "Timestamp": "2024-03-24T12:59:13Z"
                    },
                    {
                        "MessageArgs": [
                            "rack1/chassis_u1/chassis_fan3"
                        ],
                        "MessageId": "H3Alert.1.2.FanOk",
                        "Severity": "OK",
                        "Timestamp": "2024-02-29T19:28:31Z"
                    }
                ],
                "Health": "OK",
                "HealthRollup": "OK",
                "State": "Enabled"
            }
        },
        {
            "@odata.etag": "\"01e89fe3d6b8c4483b441d98a0cde0b0\"",
            "@odata.id": "/redfish/v1/Chassis/r001u01/ThermalSubsystem/Fans/ChassisFan4",
            "@odata.type": "#Fan.v1_5_0.Fan",
            "Id": "ChassisFan4",
            "Location": {
                "PartLocation": {
                    "ServiceLabel": "rack1/chassis_u1/chassis_fan4"
                },
                "Placement": {
                    "Rack": "1",
                    "RackOffset": 1,
                    "RackOffsetUnits": "EIA_310"
                }
            },
            "Name": "rack1/chassis_u1/chassis_fan4",
            "Oem": {
                "Hpe": {
                    "@odata.type": "#HpeH3Fan.v1_0_0.HpeH3Fan",
                    "PhysicalLocationString": "rack1/chassis_u1/chassis_fan4",
                    "Physloc": "FFFF040101FFFF63"
                }
            },
            "Status": {
                "Conditions": [
                    {
                        "MessageArgs": [
                            "rack1/chassis_u1/chassis_fan4"
                        ],
                        "MessageId": "H3Alert.1.2.ResourceAcquitted",
                        "Severity": "OK",
                        "Timestamp": "2024-03-24T12:59:15Z"
                    },
                    {
                        "MessageArgs": [
                            "rack1/chassis_u1/chassis_fan4"
                        ],
                        "MessageId": "H3Alert.1.2.FanOk",
                        "Severity": "OK",
                        "Timestamp": "2024-02-29T19:28:31Z"
                    }
                ],
                "Health": "OK",
                "HealthRollup": "OK",
                "State": "Enabled"
            }
        },
        {
            "@odata.etag": "\"af06b43fd375bd9f90fd0cb0b3570db1\"",
            "@odata.id": "/redfish/v1/Chassis/r001u01/ThermalSubsystem/Fans/ChassisFan5",
            "@odata.type": "#Fan.v1_5_0.Fan",
            "Id": "ChassisFan5",
            "Location": {
                "PartLocation": {
                    "ServiceLabel": "rack1/chassis_u1/chassis_fan5"
                },
                "Placement": {
                    "Rack": "1",
                    "RackOffset": 1,
                    "RackOffsetUnits": "EIA_310"
                }
            },
            "Name": "rack1/chassis_u1/chassis_fan5",
            "Oem": {
                "Hpe": {
                    "@odata.type": "#HpeH3Fan.v1_0_0.HpeH3Fan",
                    "PhysicalLocationString": "rack1/chassis_u1/chassis_fan5",
                    "Physloc": "FFFF050101FFFF63"
                }
            },
            "Status": {
                "Conditions": [
                    {
                        "MessageArgs": [
                            "rack1/chassis_u1/chassis_fan5"
                        ],
                        "MessageId": "H3Alert.1.2.ResourceAcquitted",
                        "Severity": "OK",
                        "Timestamp": "2024-03-24T12:59:17Z"
                    },
                    {
                        "MessageArgs": [
                            "rack1/chassis_u1/chassis_fan5"
                        ],
                        "MessageId": "H3Alert.1.2.FanOk",
                        "Severity": "OK",
                        "Timestamp": "2024-02-29T19:28:31Z"
                    }
                ],
                "Health": "OK",
                "HealthRollup": "OK",
                "State": "Enabled"
            }
        },
        {
            "@odata.etag": "\"c611ef58df4b0a6cee0dfec1c9ad6431\"",
            "@odata.id": "/redfish/v1/Chassis/r001u01/ThermalSubsystem/Fans/ChassisFan6",
            "@odata.type": "#Fan.v1_5_0.Fan",
            "Id": "ChassisFan6",
            "Location": {
                "PartLocation": {
                    "ServiceLabel": "rack1/chassis_u1/chassis_fan6"
                },
                "Placement": {
                    "Rack": "1",
                    "RackOffset": 1,
                    "RackOffsetUnits": "EIA_310"
                }
            },
            "Name": "rack1/chassis_u1/chassis_fan6",
            "Oem": {
                "Hpe": {
                    "@odata.type": "#HpeH3Fan.v1_0_0.HpeH3Fan",
                    "PhysicalLocationString": "rack1/chassis_u1/chassis_fan6",
                    "Physloc": "FFFF060101FFFF63"
                }
            },
            "Status": {
                "Conditions": [
                    {
                        "MessageArgs": [
                            "rack1/chassis_u1/chassis_fan6"
                        ],
                        "MessageId": "H3Alert.1.2.ResourceAcquitted",
                        "Severity": "OK",
                        "Timestamp": "2024-03-24T12:59:18Z"
                    },
                    {
                        "MessageArgs": [
                            "rack1/chassis_u1/chassis_fan6"
                        ],
                        "MessageId": "H3Alert.1.2.FanOk",
                        "Severity": "OK",
                        "Timestamp": "2024-02-29T19:28:31Z"
                    }
                ],
                "Health": "OK",
                "HealthRollup": "OK",
                "State": "Enabled"
            }
        },
        {
            "@odata.etag": "\"814ac1fc5998d8af2418e9df7675e9e6\"",
            "@odata.id": "/redfish/v1/Chassis/r001u01/ThermalSubsystem/Fans/ChassisFan7",
            "@odata.type": "#Fan.v1_5_0.Fan",
            "Id": "ChassisFan7",
            "Location": {
                "PartLocation": {
                    "ServiceLabel": "rack1/chassis_u1/chassis_fan7"
                },
                "Placement": {
                    "Rack": "1",
                    "RackOffset": 1,
                    "RackOffsetUnits": "EIA_310"
                }
            },
            "Name": "rack1/chassis_u1/chassis_fan7",
            "Oem": {
                "Hpe": {
                    "@odata.type": "#HpeH3Fan.v1_0_0.HpeH3Fan",
                    "PhysicalLocationString": "rack1/chassis_u1/chassis_fan7",
                    "Physloc": "FFFF070101FFFF63"
                }
            },
            "Status": {
                "Conditions": [
                    {
                        "MessageArgs": [
                            "rack1/chassis_u1/chassis_fan7"
                        ],
                        "MessageId": "H3Alert.1.2.ResourceAcquitted",
                        "Severity": "OK",
                        "Timestamp": "2024-03-24T12:59:20Z"
                    },
                    {
                        "MessageArgs": [
                            "rack1/chassis_u1/chassis_fan7"
                        ],
                        "MessageId": "H3Alert.1.2.FanOk",
                        "Severity": "OK",
                        "Timestamp": "2024-02-29T19:28:31Z"
                    }
                ],
                "Health": "OK",
                "HealthRollup": "OK",
                "State": "Enabled"
            }
        }
    ],
    "Members@odata.count": 10,
    "Name": "r001u01 Fan Collection"
}