{
  "@odata.id": "/redfish/v1/Chassis/r001u06/PCIeDevices",
  "@odata.type": "#PCIeDeviceCollection.PCIeDeviceCollection",
  "Members": [
    {
      "@odata.id": "/redfish/v1/Chassis/r001u06/PCIeDevices/OCP"
    },
    {
      "@odata.id": "/redfish/v1/Chassis/r001u06/PCIeDevices/1"
    },
    {
      "@odata.id": "/redfish/v1/Chassis/r001u06/PCIeDevices/3"
    },
    {
      "@odata.id": "/redfish/v1/Chassis/r001u06/PCIeDevices/8"
    },
    {
      "@odata.id": "/redfish/v1/Chassis/r001u06/PCIeDevices/9"
    },
    {
      "@odata.id": "/redfish/v1/Chassis/r001u06/PCIeDevices/10"
    }
  ],
  "Members@odata.count": 1,
  "Name": "Chassis r001u06 PCIe Device Collection"
}
