{
  "@odata.id": "/redfish/v1/CompositionService/ResourceBlocks/r001u01/Systems/1/NetworkInterfaces/NetworkIfOcp/NetworkDeviceFunctions",
  "@odata.type": "#NetworkDeviceFunctionCollection.NetworkDeviceFunctionCollection",
  "Members": [
    {
      "@odata.id": "/redfish/v1/Chassis/r001u01/NetworkAdapters/Ocp/NetworkDeviceFunctions/OcpPort1"
    },
    {
      "@odata.id": "/redfish/v1/Chassis/r001u01/NetworkAdapters/Ocp/NetworkDeviceFunctions/OcpPort2"
    },
    {
      "@odata.id": "/redfish/v1/Chassis/r001u01/NetworkAdapters/Ocp/NetworkDeviceFunctions/OcpPort3"
    },
    {
      "@odata.id": "/redfish/v1/Chassis/r001u01/NetworkAdapters/Ocp/NetworkDeviceFunctions/OcpPort4"
    }
  ],
  "Members@odata.count": 4,
  "Name": "Chassis r001u01 NetworkIfOcp Network Device Function Collection"
}
