{
  "@odata.id": "/redfish/v1/CompositionService/ResourceBlocks",
  "@odata.type": "#ResourceBlockCollection.ResourceBlockCollection",
  "Members": [
    {
      "@odata.id": "/redfish/v1/CompositionService/ResourceBlocks/r001u01"
    },
    {
      "@odata.id": "/redfish/v1/CompositionService/ResourceBlocks/r001u06"
    },
    {
      "@odata.id": "/redfish/v1/CompositionService/ResourceBlocks/r001u11"
    },
    {
      "@odata.id": "/redfish/v1/CompositionService/ResourceBlocks/r001u16"
    }
  ],
  "Members@odata.count": 4,
  "Name": "Resource Block Collection"
}
