{
  "@odata.id": "/redfish/v1/CertificateService",
  "@odata.type": "#CertificateService.v1_0_4.CertificateService",
  "Actions": {
    "#CertificateService.GenerateCSR": {
      "@Redfish.ActionInfo": "/redfish/v1/CertificateService/GenerateCSRActionInfo",
      "KeyUsage@Redfish.AllowableValues": [
        "DigitalSignature",
        "NonRepudiation",
        "KeyEncipherment",
        "DataEncipherment",
        "KeyAgreement",
        "KeyCertSign",
        "CRLSigning",
        "EncipherOnly",
        "DecipherOnly",
        "ServerAuthentication",
        "ClientAuthentication",
        "CodeSigning",
        "EmailProtection",
        "Timestamping",
        "OCSPSigning"
      ],
      "target": "/redfish/v1/CertificateService/Actions/CertificateService.GenerateCSR"
    },
    "#CertificateService.ReplaceCertificate": {
      "@Redfish.ActionInfo": "/redfish/v1/CertificateService/ReplaceCertificateActionInfo",
      "CertificateType@Redfish.AllowableValues": [
        "PEM"
      ],
      "target": "/redfish/v1/CertificateService/Actions/CertificateService.ReplaceCertificate"
    }
  },
  "CertificateLocations": {
    "@odata.id": "/redfish/v1/CertificateService/CertificateLocations"
  },
  "Id": "CertificateService",
  "Name": "Certificate Service"
}
