{
  "@odata.id": "/redfish/v1/Chassis/r001u01/NetworkAdapters/Rmp/Ports/DownPort",
  "@odata.type": "#Port.v1_10_0.Port",
  "Ethernet": {
    "AssociatedMACAddresses": [
      "22:40:C9:D6:CB:92"
    ]
  },
  "Id": "DownPort",
  "LinkStatus": "LinkUp",
  "Name": "rack1/chassis_u1/down_port Port",
  "Status": {
    "Conditions": [
      {
        "MessageArgs": [
          "rack1/chassis_u1/down_port"
        ],
        "MessageId": "H3Alert.1.2.RmpLinkStatusOk",
        "Severity": "OK",
        "Timestamp": "2024-02-29T19:28:31Z"
      }
    ],
    "Health": "OK",
    "HealthRollup": "OK",
    "State": "Enabled"
  }
}
