{
  "@odata.id": "/redfish/v1/CompositionService/ResourceBlocks/r001u01/Systems/1/EthernetInterfaces",
  "@odata.type": "#EthernetInterfaceCollection.EthernetInterfaceCollection",
  "Members": [
    {
      "@odata.id": "/redfish/v1/CompositionService/ResourceBlocks/r001u01/Systems/1/EthernetInterfaces/OcpEth0"
    },
    {
      "@odata.id": "/redfish/v1/CompositionService/ResourceBlocks/r001u01/Systems/1/EthernetInterfaces/OcpEth1"
    },
    {
      "@odata.id": "/redfish/v1/CompositionService/ResourceBlocks/r001u01/Systems/1/EthernetInterfaces/OcpEth2"
    },
    {
      "@odata.id": "/redfish/v1/CompositionService/ResourceBlocks/r001u01/Systems/1/EthernetInterfaces/OcpEth3"
    },
    {
      "@odata.id": "/redfish/v1/CompositionService/ResourceBlocks/r001u01/Systems/1/EthernetInterfaces/PCIeCard2Eth0"
    },
    {
      "@odata.id": "/redfish/v1/CompositionService/ResourceBlocks/r001u01/Systems/1/EthernetInterfaces/PCIeCard2Eth1"
    }
  ],
  "Members@odata.count": 6,
  "Name": "Chassis r001u01 Ethernet Interface Collection"
}
