{
    "@odata.etag": "\"999b0932ced624fcc0c7c09cabb02263\"",
    "@odata.id": "/redfish/v1/Chassis/r001u06/Sensors",
    "@odata.type": "#SensorCollection.SensorCollection",
    "Members": [
        {
            "@odata.etag": "\"f88b5f825b99083e6654d31cff3fa9b3\"",
            "@odata.id": "/redfish/v1/Chassis/r001u06/Sensors/P0_TEMP",
            "@odata.type": "#Sensor.v1_8_0.Sensor",
            "Id": "P0_TEMP",
            "Name": "P0_TEMP",
            "PhysicalContext": "CPU",
            "Reading": 65.5156,
            "ReadingTime": "2024-04-08T08:49:33Z",
            "ReadingType": "Temperature",
            "ReadingUnits": "Cel",
            "RelatedItem": [
                {
                    "@odata.id": "/redfish/v1/CompositionService/ResourceBlocks/r001u06/Systems/1/Processors/0"
                }
            ],
            "SensingInterval": "PT10S"
        },
        {
            "@odata.etag": "\"c9e8067cda6229e4152a39c5973a4abe\"",
            "@odata.id": "/redfish/v1/Chassis/r001u06/Sensors/P1_TEMP",
            "@odata.type": "#Sensor.v1_8_0.Sensor",
            "Id": "P1_TEMP",
            "Name": "P1_TEMP",
            "PhysicalContext": "CPU",
            "Reading": 56.4531,
            "ReadingTime": "2024-04-08T08:49:33Z",
            "ReadingType": "Temperature",
            "ReadingUnits": "Cel",
            "RelatedItem": [
                {
                    "@odata.id": "/redfish/v1/CompositionService/ResourceBlocks/r001u06/Systems/1/Processors/1"
                }
            ],
            "SensingInterval": "PT10S"
        },
        {
            "@odata.etag": "\"198c116ab9a9f7366794f2a829857ae4\"",
            "@odata.id": "/redfish/v1/Chassis/r001u06/Sensors/P2_TEMP",
            "@odata.type": "#Sensor.v1_8_0.Sensor",
            "Id": "P2_TEMP",
            "Name": "P2_TEMP",
            "PhysicalContext": "CPU",
            "Reading": 60.5,
            "ReadingTime": "2024-04-08T08:49:33Z",
            "ReadingType": "Temperature",
            "ReadingUnits": "Cel",
            "RelatedItem": [
                {
                    "@odata.id": "/redfish/v1/CompositionService/ResourceBlocks/r001u06/Systems/1/Processors/2"
                }
            ],
            "SensingInterval": "PT10S"
        },
        {
            "@odata.etag": "\"8b3cfc5906ba3485a20ec11372dc4880\"",
            "@odata.id": "/redfish/v1/Chassis/r001u06/Sensors/P3_TEMP",
            "@odata.type": "#Sensor.v1_8_0.Sensor",
            "Id": "P3_TEMP",
            "Name": "P3_TEMP",
            "PhysicalContext": "CPU",
            "Reading": 53.1875,
            "ReadingTime": "2024-04-08T08:49:33Z",
            "ReadingType": "Temperature",
            "ReadingUnits": "Cel",
            "RelatedItem": [
                {
                    "@odata.id": "/redfish/v1/CompositionService/ResourceBlocks/r001u06/Systems/1/Processors/3"
                }
            ],
            "SensingInterval": "PT10S"
        },
        {
            "@odata.etag": "\"2157db4aba25fb3bf29bd6c7bae99055\"",
            "@odata.id": "/redfish/v1/Chassis/r001u06/Sensors/P0_THROT_OFFSET",
            "@odata.type": "#Sensor.v1_8_0.Sensor",
            "Id": "P0_THROT_OFFSET",
            "Name": "P0_THROT_OFFSET",
            "PhysicalContext": "CPU",
            "Reading": -30.4844,
            "ReadingTime": "2024-04-08T08:49:33Z",
            "ReadingType": "Temperature",
            "ReadingUnits": "Cel",
            "RelatedItem": [
                {
                    "@odata.id": "/redfish/v1/CompositionService/ResourceBlocks/r001u06/Systems/1/Processors/0"
                }
            ],
            "SensingInterval": "PT10S"
        },
        {
            "@odata.etag": "\"6263ab7147dd6566809c3da6a6f26570\"",
            "@odata.id": "/redfish/v1/Chassis/r001u06/Sensors/P1_THROT_OFFSET",
            "@odata.type": "#Sensor.v1_8_0.Sensor",
            "Id": "P1_THROT_OFFSET",
            "Name": "P1_THROT_OFFSET",
            "PhysicalContext": "CPU",
            "Reading": -39.5469,
            "ReadingTime": "2024-04-08T08:49:33Z",
            "ReadingType": "Temperature",
            "ReadingUnits": "Cel",
            "RelatedItem": [
                {
                    "@odata.id": "/redfish/v1/CompositionService/ResourceBlocks/r001u06/Systems/1/Processors/1"
                }
            ],
            "SensingInterval": "PT10S"
        },
        {
            "@odata.etag": "\"149b5ebee3295f588adafc20f3d959a0\"",
            "@odata.id": "/redfish/v1/Chassis/r001u06/Sensors/P2_THROT_OFFSET",
            "@odata.type": "#Sensor.v1_8_0.Sensor",
            "Id": "P2_THROT_OFFSET",
            "Name": "P2_THROT_OFFSET",
            "PhysicalContext": "CPU",
            "Reading": -35.5,
            "ReadingTime": "2024-04-08T08:49:33Z",
            "ReadingType": "Temperature",
            "ReadingUnits": "Cel",
            "RelatedItem": [
                {
                    "@odata.id": "/redfish/v1/CompositionService/ResourceBlocks/r001u06/Systems/1/Processors/2"
                }
            ],
            "SensingInterval": "PT10S"
        },
        {
            "@odata.etag": "\"84bb6a52da34861baa890aa61d2026aa\"",
            "@odata.id": "/redfish/v1/Chassis/r001u06/Sensors/P3_THROT_OFFSET",
            "@odata.type": "#Sensor.v1_8_0.Sensor",
            "Id": "P3_THROT_OFFSET",
            "Name": "P3_THROT_OFFSET",
            "PhysicalContext": "CPU",
            "Reading": -42.8125,
            "ReadingTime": "2024-04-08T08:49:33Z",
            "ReadingType": "Temperature",
            "ReadingUnits": "Cel",
            "RelatedItem": [
                {
                    "@odata.id": "/redfish/v1/CompositionService/ResourceBlocks/r001u06/Systems/1/Processors/3"
                }
            ],
            "SensingInterval": "PT10S"
        },
        {
            "@odata.etag": "\"c8f8f5e51b6ad51772e628fcd98bd373\"",
            "@odata.id": "/redfish/v1/Chassis/r001u06/Sensors/HARP0_TEMP0",
            "@odata.type": "#Sensor.v1_8_0.Sensor",
            "Id": "HARP0_TEMP0",
            "Name": "HARP0_TEMP0",
            "PhysicalContext": "ASIC",
            "Reading": 75.0,
            "ReadingTime": "2024-04-08T08:49:33Z",
            "ReadingType": "Temperature",
            "ReadingUnits": "Cel",
            "RelatedItem": [
                {
                    "@odata.id": "/redfish/v1/Fabrics/FlexGrid/Switches/r001u06_HARP0"
                }
            ],
            "SensingInterval": "PT10S"
        },
        {
            "@odata.etag": "\"56c7b93050680b45359789667003cac9\"",
            "@odata.id": "/redfish/v1/Chassis/r001u06/Sensors/HARP0_TEMP1",
            "@odata.type": "#Sensor.v1_8_0.Sensor",
            "Id": "HARP0_TEMP1",
            "Name": "HARP0_TEMP1",
            "PhysicalContext": "ASIC",
            "Reading": 75.0,
            "ReadingTime": "2024-04-08T08:49:33Z",
            "ReadingType": "Temperature",
            "ReadingUnits": "Cel",
            "RelatedItem": [
                {
                    "@odata.id": "/redfish/v1/Fabrics/FlexGrid/Switches/r001u06_HARP0"
                }
            ],
            "SensingInterval": "PT10S"
        },
        {
            "@odata.etag": "\"40c58a9866be69a064accb12957e6d1c\"",
            "@odata.id": "/redfish/v1/Chassis/r001u06/Sensors/HARP1_TEMP0",
            "@odata.type": "#Sensor.v1_8_0.Sensor",
            "Id": "HARP1_TEMP0",
            "Name": "HARP1_TEMP0",
            "PhysicalContext": "ASIC",
            "Reading": 72.0,
            "ReadingTime": "2024-04-08T08:49:33Z",
            "ReadingType": "Temperature",
            "ReadingUnits": "Cel",
            "RelatedItem": [
                {
                    "@odata.id": "/redfish/v1/Fabrics/FlexGrid/Switches/r001u06_HARP1"
                }
            ],
            "SensingInterval": "PT10S"
        },
        {
            "@odata.etag": "\"4243c2f3054ae841fa1281d52b425871\"",
            "@odata.id": "/redfish/v1/Chassis/r001u06/Sensors/HARP1_TEMP1",
            "@odata.type": "#Sensor.v1_8_0.Sensor",
            "Id": "HARP1_TEMP1",
            "Name": "HARP1_TEMP1",
            "PhysicalContext": "ASIC",
            "Reading": 73.0,
            "ReadingTime": "2024-04-08T08:49:33Z",
            "ReadingType": "Temperature",
            "ReadingUnits": "Cel",
            "RelatedItem": [
                {
                    "@odata.id": "/redfish/v1/Fabrics/FlexGrid/Switches/r001u06_HARP1"
                }
            ],
            "SensingInterval": "PT10S"
        },
        {
            "@odata.etag": "\"0e67883bf19bb90590e2ad4d0b22a325\"",
            "@odata.id": "/redfish/v1/Chassis/r001u06/Sensors/BASEIO_TEMP1",
            "@odata.type": "#Sensor.v1_8_0.Sensor",
            "Id": "BASEIO_TEMP1",
            "Name": "BASEIO_TEMP1",
            "PhysicalContext": "Board",
            "Reading": 41.5625,
            "ReadingTime": "2024-04-08T08:49:33Z",
            "ReadingType": "Temperature",
            "ReadingUnits": "Cel",
            "RelatedItem": [
                {
                    "@odata.id": "/redfish/v1/Chassis/r001u06/Assembly#/Assemblies/2"
                }
            ],
            "SensingInterval": "PT10S"
        },
        {
            "@odata.etag": "\"23d7b518901c457158a15ffe03a09066\"",
            "@odata.id": "/redfish/v1/Chassis/r001u06/Sensors/BASEIO_TEMP2",
            "@odata.type": "#Sensor.v1_8_0.Sensor",
            "Id": "BASEIO_TEMP2",
            "Name": "BASEIO_TEMP2",
            "PhysicalContext": "Board",
            "Reading": 41.75,
            "ReadingTime": "2024-04-08T08:49:33Z",
            "ReadingType": "Temperature",
            "ReadingUnits": "Cel",
            "RelatedItem": [
                {
                    "@odata.id": "/redfish/v1/Chassis/r001u06/Assembly#/Assemblies/2"
                }
            ],
            "SensingInterval": "PT10S"
        },
        {
            "@odata.etag": "\"53e85ad3c89746887fffc94633c79b35\"",
            "@odata.id": "/redfish/v1/Chassis/r001u06/Sensors/FP_INLET",
            "@odata.type": "#Sensor.v1_8_0.Sensor",
            "Id": "FP_INLET",
            "Name": "FP_INLET",
            "PhysicalContext": "Front",
            "Reading": 21.875,
            "ReadingTime": "2024-04-08T08:49:33Z",
            "ReadingType": "Temperature",
            "ReadingUnits": "Cel",
            "SensingInterval": "PT10S"
        },
        {
            "@odata.etag": "\"5d617e3fd71c775d4b0c76d95e31c218\"",
            "@odata.id": "/redfish/v1/Chassis/r001u06/Sensors/MLB_INLET",
            "@odata.type": "#Sensor.v1_8_0.Sensor",
            "Id": "MLB_INLET",
            "Name": "MLB_INLET",
            "PhysicalContext": "Board",
            "Reading": 24.6875,
            "ReadingTime": "2024-04-08T08:49:33Z",
            "ReadingType": "Temperature",
            "ReadingUnits": "Cel",
            "RelatedItem": [
                {
                    "@odata.id": "/redfish/v1/Chassis/r001u06/Assembly#/Assemblies/0"
                }
            ],
            "SensingInterval": "PT10S"
        },
        {
            "@odata.etag": "\"5e4f1fe3b129a4fd2dd06df717c81369\"",
            "@odata.id": "/redfish/v1/Chassis/r001u06/Sensors/MLB_OUTLET",
            "@odata.type": "#Sensor.v1_8_0.Sensor",
            "Id": "MLB_OUTLET",
            "Name": "MLB_OUTLET",
            "PhysicalContext": "Board",
            "Reading": 47.4375,
            "ReadingTime": "2024-04-08T08:49:33Z",
            "ReadingType": "Temperature",
            "ReadingUnits": "Cel",
            "RelatedItem": [
                {
                    "@odata.id": "/redfish/v1/Chassis/r001u06/Assembly#/Assemblies/0"
                }
            ],
            "SensingInterval": "PT10S"
        },
        {
            "@odata.etag": "\"8f4c0fe18d0dd66b073187e3940a659f\"",
            "@odata.id": "/redfish/v1/Chassis/r001u06/Sensors/CPU0_INLET",
            "@odata.type": "#Sensor.v1_8_0.Sensor",
            "Id": "CPU0_INLET",
            "Name": "CPU0_INLET",
            "PhysicalContext": "Board",
            "Reading": 44.9375,
            "ReadingTime": "2024-04-08T08:49:33Z",
            "ReadingType": "Temperature",
            "ReadingUnits": "Cel",
            "RelatedItem": [
                {
                    "@odata.id": "/redfish/v1/Chassis/r001u06/Assembly#/Assemblies/0"
                }
            ],
            "SensingInterval": "PT10S"
        },
        {
            "@odata.etag": "\"15a9a24285dcf5c628f9ebe319ebf2c2\"",
            "@odata.id": "/redfish/v1/Chassis/r001u06/Sensors/CPU2_INLET",
            "@odata.type": "#Sensor.v1_8_0.Sensor",
            "Id": "CPU2_INLET",
            "Name": "CPU2_INLET",
            "PhysicalContext": "Board",
            "Reading": 41.9375,
            "ReadingTime": "2024-04-08T08:49:33Z",
            "ReadingType": "Temperature",
            "ReadingUnits": "Cel",
            "RelatedItem": [
                {
                    "@odata.id": "/redfish/v1/Chassis/r001u06/Assembly#/Assemblies/0"
                }
            ],
            "SensingInterval": "PT10S"
        },
        {
            "@odata.etag": "\"0e329d92d3e1516e385e5b1c0f10ca01\"",
            "@odata.id": "/redfish/v1/Chassis/r001u06/Sensors/HARP0_INLET",
            "@odata.type": "#Sensor.v1_8_0.Sensor",
            "Id": "HARP0_INLET",
            "Name": "HARP0_INLET",
            "PhysicalContext": "ASIC",
            "Reading": 33.4375,
            "ReadingTime": "2024-04-08T08:49:33Z",
            "ReadingType": "Temperature",
            "ReadingUnits": "Cel",
            "RelatedItem": [
                {
                    "@odata.id": "/redfish/v1/Fabrics/FlexGrid/Switches/r001u06_HARP0"
                }
            ],
            "SensingInterval": "PT10S"
        },
        {
            "@odata.etag": "\"66a4034850e20a8cdebfc82e53ffc04b\"",
            "@odata.id": "/redfish/v1/Chassis/r001u06/Sensors/HARP0_OUTLET",
            "@odata.type": "#Sensor.v1_8_0.Sensor",
            "Id": "HARP0_OUTLET",
            "Name": "HARP0_OUTLET",
            "PhysicalContext": "ASIC",
            "Reading": 50.125,
            "ReadingTime": "2024-04-08T08:49:33Z",
            "ReadingType": "Temperature",
            "ReadingUnits": "Cel",
            "RelatedItem": [
                {
                    "@odata.id": "/redfish/v1/Fabrics/FlexGrid/Switches/r001u06_HARP0"
                }
            ],
            "SensingInterval": "PT10S"
        },
        {
            "@odata.etag": "\"5e4952b1d41040f3d0b8bb4bfb6f2fa9\"",
            "@odata.id": "/redfish/v1/Chassis/r001u06/Sensors/HARP1_INLET",
            "@odata.type": "#Sensor.v1_8_0.Sensor",
            "Id": "HARP1_INLET",
            "Name": "HARP1_INLET",
            "PhysicalContext": "ASIC",
            "Reading": 32.5625,
            "ReadingTime": "2024-04-08T08:49:33Z",
            "ReadingType": "Temperature",
            "ReadingUnits": "Cel",
            "RelatedItem": [
                {
                    "@odata.id": "/redfish/v1/Fabrics/FlexGrid/Switches/r001u06_HARP1"
                }
            ],
            "SensingInterval": "PT10S"
        },
        {
            "@odata.etag": "\"2aea0f08fd41f8907bb93df8090f1068\"",
            "@odata.id": "/redfish/v1/Chassis/r001u06/Sensors/HARP1_OUTLET",
            "@odata.type": "#Sensor.v1_8_0.Sensor",
            "Id": "HARP1_OUTLET",
            "Name": "HARP1_OUTLET",
            "PhysicalContext": "ASIC",
            "Reading": 47.0,
            "ReadingTime": "2024-04-08T08:49:33Z",
            "ReadingType": "Temperature",
            "ReadingUnits": "Cel",
            "RelatedItem": [
                {
                    "@odata.id": "/redfish/v1/Fabrics/FlexGrid/Switches/r001u06_HARP1"
                }
            ],
            "SensingInterval": "PT10S"
        },
        {
            "@odata.etag": "\"ee1059331dd3b6240275a56d5c9bdb74\"",
            "@odata.id": "/redfish/v1/Chassis/r001u06/Sensors/PWRB_TEMP1",
            "@odata.type": "#Sensor.v1_8_0.Sensor",
            "Id": "PWRB_TEMP1",
            "Name": "PWRB_TEMP1",
            "PhysicalContext": "Board",
            "Reading": 38.0625,
            "ReadingTime": "2024-04-08T08:49:33Z",
            "ReadingType": "Temperature",
            "ReadingUnits": "Cel",
            "RelatedItem": [
                {
                    "@odata.id": "/redfish/v1/Chassis/r001u06/Assembly#/Assemblies/1"
                }
            ],
            "SensingInterval": "PT10S"
        },
        {
            "@odata.etag": "\"aca83afa43287a5ce9b11197b80cdddb\"",
            "@odata.id": "/redfish/v1/Chassis/r001u06/Sensors/PWRB_TEMP2",
            "@odata.type": "#Sensor.v1_8_0.Sensor",
            "Id": "PWRB_TEMP2",
            "Name": "PWRB_TEMP2",
            "PhysicalContext": "Board",
            "Reading": 38.3125,
            "ReadingTime": "2024-04-08T08:49:33Z",
            "ReadingType": "Temperature",
            "ReadingUnits": "Cel",
            "RelatedItem": [
                {
                    "@odata.id": "/redfish/v1/Chassis/r001u06/Assembly#/Assemblies/1"
                }
            ],
            "SensingInterval": "PT10S"
        },
        {
            "@odata.etag": "\"2a351d357e3ab63a0e3d501f2655e2df\"",
            "@odata.id": "/redfish/v1/Chassis/r001u06/Sensors/PWRB_TEMP3",
            "@odata.type": "#Sensor.v1_8_0.Sensor",
            "Id": "PWRB_TEMP3",
            "Name": "PWRB_TEMP3",
            "PhysicalContext": "Board",
            "Reading": 35.5625,
            "ReadingTime": "2024-04-08T08:49:33Z",
            "ReadingType": "Temperature",
            "ReadingUnits": "Cel",
            "RelatedItem": [
                {
                    "@odata.id": "/redfish/v1/Chassis/r001u06/Assembly#/Assemblies/1"
                }
            ],
            "SensingInterval": "PT10S"
        },
        {
            "@odata.etag": "\"b1a2540f42550df52cd6b2de1c85c232\"",
            "@odata.id": "/redfish/v1/Chassis/r001u06/Sensors/PWRB_TEMP4",
            "@odata.type": "#Sensor.v1_8_0.Sensor",
            "Id": "PWRB_TEMP4",
            "Name": "PWRB_TEMP4",
            "PhysicalContext": "Board",
            "Reading": 31.8125,
            "ReadingTime": "2024-04-08T08:49:33Z",
            "ReadingType": "Temperature",
            "ReadingUnits": "Cel",
            "RelatedItem": [
                {
                    "@odata.id": "/redfish/v1/Chassis/r001u06/Assembly#/Assemblies/1"
                }
            ],
            "SensingInterval": "PT10S"
        },
        {
            "@odata.etag": "\"52c010e66dc55e0d2335550df12c47e3\"",
            "@odata.id": "/redfish/v1/Chassis/r001u06/Sensors/P0-DIMMA0",
            "@odata.type": "#Sensor.v1_8_0.Sensor",
            "Id": "P0-DIMMA0",
            "Name": "P0-DIMMA0",
            "PhysicalContext": "Memory",
            "Reading": 58.0,
            "ReadingTime": "2024-04-08T08:49:33Z",
            "ReadingType": "Temperature",
            "ReadingUnits": "Cel",
            "RelatedItem": [
                {
                    "@odata.id": "/redfish/v1/CompositionService/ResourceBlocks/r001u06/Systems/1/Memory/0000000106000074"
                }
            ],
            "SensingInterval": "PT10S"
        },
        {
            "@odata.etag": "\"8414c835e4b931773c99e841a6680fd3\"",
            "@odata.id": "/redfish/v1/Chassis/r001u06/Sensors/P0-DIMMA1",
            "@odata.type": "#Sensor.v1_8_0.Sensor",
            "Id": "P0-DIMMA1",
            "Name": "P0-DIMMA1",
            "PhysicalContext": "Memory",
            "Reading": 61.0,
            "ReadingTime": "2024-04-08T08:49:33Z",
            "ReadingType": "Temperature",
            "ReadingUnits": "Cel",
            "RelatedItem": [
                {
                    "@odata.id": "/redfish/v1/CompositionService/ResourceBlocks/r001u06/Systems/1/Memory/0100000106000074"
                }
            ],
            "SensingInterval": "PT10S"
        },
        {
            "@odata.etag": "\"bc2076d7108024a50d8ed6df2eefcb6c\"",
            "@odata.id": "/redfish/v1/Chassis/r001u06/Sensors/P0-DIMMB0",
            "@odata.type": "#Sensor.v1_8_0.Sensor",
            "Id": "P0-DIMMB0",
            "Name": "P0-DIMMB0",
            "PhysicalContext": "Memory",
            "Reading": 53.0,
            "ReadingTime": "2024-04-08T08:49:33Z",
            "ReadingType": "Temperature",
            "ReadingUnits": "Cel",
            "RelatedItem": [
                {
                    "@odata.id": "/redfish/v1/CompositionService/ResourceBlocks/r001u06/Systems/1/Memory/0001000106000074"
                }
            ],
            "SensingInterval": "PT10S"
        },
        {
            "@odata.etag": "\"51b1340c5c1d91d88f1464dc7278da46\"",
            "@odata.id": "/redfish/v1/Chassis/r001u06/Sensors/P0-DIMMB1",
            "@odata.type": "#Sensor.v1_8_0.Sensor",
            "Id": "P0-DIMMB1",
            "Name": "P0-DIMMB1",
            "PhysicalContext": "Memory",
            "Reading": 56.0,
            "ReadingTime": "2024-04-08T08:49:33Z",
            "ReadingType": "Temperature",
            "ReadingUnits": "Cel",
            "RelatedItem": [
                {
                    "@odata.id": "/redfish/v1/CompositionService/ResourceBlocks/r001u06/Systems/1/Memory/0101000106000074"
                }
            ],
            "SensingInterval": "PT10S"
        },
        {
            "@odata.etag": "\"bc99507b758b7abef5f84494ec71c3cf\"",
            "@odata.id": "/redfish/v1/Chassis/r001u06/Sensors/P0-DIMMC0",
            "@odata.type": "#Sensor.v1_8_0.Sensor",
            "Id": "P0-DIMMC0",
            "Name": "P0-DIMMC0",
            "PhysicalContext": "Memory",
            "Reading": 52.0,
            "ReadingTime": "2024-04-08T08:49:33Z",
            "ReadingType": "Temperature",
            "ReadingUnits": "Cel",
            "RelatedItem": [
                {
                    "@odata.id": "/redfish/v1/CompositionService/ResourceBlocks/r001u06/Systems/1/Memory/0002010106000074"
                }
            ],
            "SensingInterval": "PT10S"
        },
        {
            "@odata.etag": "\"9050314888ad74e018c7eec28c1c3570\"",
            "@odata.id": "/redfish/v1/Chassis/r001u06/Sensors/P0-DIMMC1",
            "@odata.type": "#Sensor.v1_8_0.Sensor",
            "Id": "P0-DIMMC1",
            "Name": "P0-DIMMC1",
            "PhysicalContext": "Memory",
            "Reading": 52.0,
            "ReadingTime": "2024-04-08T08:49:33Z",
            "ReadingType": "Temperature",
            "ReadingUnits": "Cel",
            "RelatedItem": [
                {
                    "@odata.id": "/redfish/v1/CompositionService/ResourceBlocks/r001u06/Systems/1/Memory/0102010106000074"
                }
            ],
            "SensingInterval": "PT10S"
        },
        {
            "@odata.etag": "\"06ae4bc676ad473551967e7edf623d6f\"",
            "@odata.id": "/redfish/v1/Chassis/r001u06/Sensors/P0-DIMMD0",
            "@odata.type": "#Sensor.v1_8_0.Sensor",
            "Id": "P0-DIMMD0",
            "Name": "P0-DIMMD0",
            "PhysicalContext": "Memory",
            "Reading": 56.0,
            "ReadingTime": "2024-04-08T08:49:33Z",
            "ReadingType": "Temperature",
            "ReadingUnits": "Cel",
            "RelatedItem": [
                {
                    "@odata.id": "/redfish/v1/CompositionService/ResourceBlocks/r001u06/Systems/1/Memory/0003010106000074"
                }
            ],
            "SensingInterval": "PT10S"
        },
        {
            "@odata.etag": "\"0383b5a86962eabf9e10a299bdb36c52\"",
            "@odata.id": "/redfish/v1/Chassis/r001u06/Sensors/P0-DIMMD1",
            "@odata.type": "#Sensor.v1_8_0.Sensor",
            "Id": "P0-DIMMD1",
            "Name": "P0-DIMMD1",
            "PhysicalContext": "Memory",
            "Reading": 55.0,
            "ReadingTime": "2024-04-08T08:49:33Z",
            "ReadingType": "Temperature",
            "ReadingUnits": "Cel",
            "RelatedItem": [
                {
                    "@odata.id": "/redfish/v1/CompositionService/ResourceBlocks/r001u06/Systems/1/Memory/0103010106000074"
                }
            ],
            "SensingInterval": "PT10S"
        },
        {
            "@odata.etag": "\"225b9747600216df94fd366c44f6c441\"",
            "@odata.id": "/redfish/v1/Chassis/r001u06/Sensors/P0-DIMME0",
            "@odata.type": "#Sensor.v1_8_0.Sensor",
            "Id": "P0-DIMME0",
            "Name": "P0-DIMME0",
            "PhysicalContext": "Memory",
            "Reading": 64.0,
            "ReadingTime": "2024-04-08T08:49:33Z",
            "ReadingType": "Temperature",
            "ReadingUnits": "Cel",
            "RelatedItem": [
                {
                    "@odata.id": "/redfish/v1/CompositionService/ResourceBlocks/r001u06/Systems/1/Memory/0004020106000074"
                }
            ],
            "SensingInterval": "PT10S"
        },
        {
            "@odata.etag": "\"21854cf0ca82413b0c13e5774dc7c33c\"",
            "@odata.id": "/redfish/v1/Chassis/r001u06/Sensors/P0-DIMME1",
            "@odata.type": "#Sensor.v1_8_0.Sensor",
            "Id": "P0-DIMME1",
            "Name": "P0-DIMME1",
            "PhysicalContext": "Memory",
            "Reading": 64.0,
            "ReadingTime": "2024-04-08T08:49:33Z",
            "ReadingType": "Temperature",
            "ReadingUnits": "Cel",
            "RelatedItem": [
                {
                    "@odata.id": "/redfish/v1/CompositionService/ResourceBlocks/r001u06/Systems/1/Memory/0104020106000074"
                }
            ],
            "SensingInterval": "PT10S"
        },
        {
            "@odata.etag": "\"cbd1fb19a97afc834b6ba0a7c5c42026\"",
            "@odata.id": "/redfish/v1/Chassis/r001u06/Sensors/P0-DIMMF0",
            "@odata.type": "#Sensor.v1_8_0.Sensor",
            "Id": "P0-DIMMF0",
            "Name": "P0-DIMMF0",
            "PhysicalContext": "Memory",
            "Reading": 63.0,
            "ReadingTime": "2024-04-08T08:49:33Z",
            "ReadingType": "Temperature",
            "ReadingUnits": "Cel",
            "RelatedItem": [
                {
                    "@odata.id": "/redfish/v1/CompositionService/ResourceBlocks/r001u06/Systems/1/Memory/0005020106000074"
                }
            ],
            "SensingInterval": "PT10S"
        },
        {
            "@odata.etag": "\"33548eb22a00e7c1afc5483d594bfd48\"",
            "@odata.id": "/redfish/v1/Chassis/r001u06/Sensors/P0-DIMMF1",
            "@odata.type": "#Sensor.v1_8_0.Sensor",
            "Id": "P0-DIMMF1",
            "Name": "P0-DIMMF1",
            "PhysicalContext": "Memory",
            "Reading": 63.0,
            "ReadingTime": "2024-04-08T08:49:33Z",
            "ReadingType": "Temperature",
            "ReadingUnits": "Cel",
            "RelatedItem": [
                {
                    "@odata.id": "/redfish/v1/CompositionService/ResourceBlocks/r001u06/Systems/1/Memory/0105020106000074"
                }
            ],
            "SensingInterval": "PT10S"
        },
        {
            "@odata.etag": "\"71445ff63913bc4e90e4a05becbf85bd\"",
            "@odata.id": "/redfish/v1/Chassis/r001u06/Sensors/P0-DIMMG0",
            "@odata.type": "#Sensor.v1_8_0.Sensor",
            "Id": "P0-DIMMG0",
            "Name": "P0-DIMMG0",
            "PhysicalContext": "Memory",
            "Reading": 62.0,
            "ReadingTime": "2024-04-08T08:49:33Z",
            "ReadingType": "Temperature",
            "ReadingUnits": "Cel",
            "RelatedItem": [
                {
                    "@odata.id": "/redfish/v1/CompositionService/ResourceBlocks/r001u06/Systems/1/Memory/0006030106000074"
                }
            ],
            "SensingInterval": "PT10S"
        },
        {
            "@odata.etag": "\"c4b28c49994796817e4a01ee1e95edf2\"",
            "@odata.id": "/redfish/v1/Chassis/r001u06/Sensors/P0-DIMMG1",
            "@odata.type": "#Sensor.v1_8_0.Sensor",
            "Id": "P0-DIMMG1",
            "Name": "P0-DIMMG1",
            "PhysicalContext": "Memory",
            "Reading": 62.0,
            "ReadingTime": "2024-04-08T08:49:33Z",
            "ReadingType": "Temperature",
            "ReadingUnits": "Cel",
            "RelatedItem": [
                {
                    "@odata.id": "/redfish/v1/CompositionService/ResourceBlocks/r001u06/Systems/1/Memory/0106030106000074"
                }
            ],
            "SensingInterval": "PT10S"
        },
        {
            "@odata.etag": "\"61ce6605ca50538b4f162929be5c6f69\"",
            "@odata.id": "/redfish/v1/Chassis/r001u06/Sensors/P0-DIMMH0",
            "@odata.type": "#Sensor.v1_8_0.Sensor",
            "Id": "P0-DIMMH0",
            "Name": "P0-DIMMH0",
            "PhysicalContext": "Memory",
            "Reading": 56.0,
            "ReadingTime": "2024-04-08T08:49:33Z",
            "ReadingType": "Temperature",
            "ReadingUnits": "Cel",
            "RelatedItem": [
                {
                    "@odata.id": "/redfish/v1/CompositionService/ResourceBlocks/r001u06/Systems/1/Memory/0007030106000074"
                }
            ],
            "SensingInterval": "PT10S"
        },
        {
            "@odata.etag": "\"3e5a3bc43857733fe20983dd52fff552\"",
            "@odata.id": "/redfish/v1/Chassis/r001u06/Sensors/P0-DIMMH1",
            "@odata.type": "#Sensor.v1_8_0.Sensor",
            "Id": "P0-DIMMH1",
            "Name": "P0-DIMMH1",
            "PhysicalContext": "Memory",
            "Reading": 61.0,
            "ReadingTime": "2024-04-08T08:49:33Z",
            "ReadingType": "Temperature",
            "ReadingUnits": "Cel",
            "RelatedItem": [
                {
                    "@odata.id": "/redfish/v1/CompositionService/ResourceBlocks/r001u06/Systems/1/Memory/0107030106000074"
                }
            ],
            "SensingInterval": "PT10S"
        },
        {
            "@odata.etag": "\"6b0b1f9f667e274b7eeee52bff543fbc\"",
            "@odata.id": "/redfish/v1/Chassis/r001u06/Sensors/P1-DIMMA0",
            "@odata.type": "#Sensor.v1_8_0.Sensor",
            "Id": "P1-DIMMA0",
            "Name": "P1-DIMMA0",
            "PhysicalContext": "Memory",
            "Reading": 47.0,
            "ReadingTime": "2024-04-08T08:49:33Z",
            "ReadingType": "Temperature",
            "ReadingUnits": "Cel",
            "RelatedItem": [
                {
                    "@odata.id": "/redfish/v1/CompositionService/ResourceBlocks/r001u06/Systems/1/Memory/0000000106010074"
                }
            ],
            "SensingInterval": "PT10S"
        },
        {
            "@odata.etag": "\"9f1a95db6eeca69e23095a99a100d67f\"",
            "@odata.id": "/redfish/v1/Chassis/r001u06/Sensors/P1-DIMMA1",
            "@odata.type": "#Sensor.v1_8_0.Sensor",
            "Id": "P1-DIMMA1",
            "Name": "P1-DIMMA1",
            "PhysicalContext": "Memory",
            "Reading": 47.0,
            "ReadingTime": "2024-04-08T08:49:33Z",
            "ReadingType": "Temperature",
            "ReadingUnits": "Cel",
            "RelatedItem": [
                {
                    "@odata.id": "/redfish/v1/CompositionService/ResourceBlocks/r001u06/Systems/1/Memory/0100000106010074"
                }
            ],
            "SensingInterval": "PT10S"
        },
        {
            "@odata.etag": "\"0a663a80b89185288ca85a1c6f930da8\"",
            "@odata.id": "/redfish/v1/Chassis/r001u06/Sensors/P1-DIMMB0",
            "@odata.type": "#Sensor.v1_8_0.Sensor",
            "Id": "P1-DIMMB0",
            "Name": "P1-DIMMB0",
            "PhysicalContext": "Memory",
            "Reading": 46.0,
            "ReadingTime": "2024-04-08T08:49:33Z",
            "ReadingType": "Temperature",
            "ReadingUnits": "Cel",
            "RelatedItem": [
                {
                    "@odata.id": "/redfish/v1/CompositionService/ResourceBlocks/r001u06/Systems/1/Memory/0001000106010074"
                }
            ],
            "SensingInterval": "PT10S"
        },
        {
            "@odata.etag": "\"78ec0d6cdbb3d50717ef6f8037ed6e5a\"",
            "@odata.id": "/redfish/v1/Chassis/r001u06/Sensors/P1-DIMMB1",
            "@odata.type": "#Sensor.v1_8_0.Sensor",
            "Id": "P1-DIMMB1",
            "Name": "P1-DIMMB1",
            "PhysicalContext": "Memory",
            "Reading": 46.0,
            "ReadingTime": "2024-04-08T08:49:33Z",
            "ReadingType": "Temperature",
            "ReadingUnits": "Cel",
            "RelatedItem": [
                {
                    "@odata.id": "/redfish/v1/CompositionService/ResourceBlocks/r001u06/Systems/1/Memory/0101000106010074"
                }
            ],
            "SensingInterval": "PT10S"
        },
        {
            "@odata.etag": "\"9991e8a430cc2f56f11524ccadf06a1e\"",
            "@odata.id": "/redfish/v1/Chassis/r001u06/Sensors/P1-DIMMC0",
            "@odata.type": "#Sensor.v1_8_0.Sensor",
            "Id": "P1-DIMMC0",
            "Name": "P1-DIMMC0",
            "PhysicalContext": "Memory",
            "Reading": 46.0,
            "ReadingTime": "2024-04-08T08:49:33Z",
            "ReadingType": "Temperature",
            "ReadingUnits": "Cel",
            "RelatedItem": [
                {
                    "@odata.id": "/redfish/v1/CompositionService/ResourceBlocks/r001u06/Systems/1/Memory/0002010106010074"
                }
            ],
            "SensingInterval": "PT10S"
        },
        {
            "@odata.etag": "\"c441baf1a78dd3bc4402ac9f4d9a20a1\"",
            "@odata.id": "/redfish/v1/Chassis/r001u06/Sensors/P1-DIMMC1",
            "@odata.type": "#Sensor.v1_8_0.Sensor",
            "Id": "P1-DIMMC1",
            "Name": "P1-DIMMC1",
            "PhysicalContext": "Memory",
            "Reading": 46.0,
            "ReadingTime": "2024-04-08T08:49:33Z",
            "ReadingType": "Temperature",
            "ReadingUnits": "Cel",
            "RelatedItem": [
                {
                    "@odata.id": "/redfish/v1/CompositionService/ResourceBlocks/r001u06/Systems/1/Memory/0102010106010074"
                }
            ],
            "SensingInterval": "PT10S"
        },
        {
            "@odata.etag": "\"d425fd6b23d9b121ee4673f330a4be27\"",
            "@odata.id": "/redfish/v1/Chassis/r001u06/Sensors/P1-DIMMD0",
            "@odata.type": "#Sensor.v1_8_0.Sensor",
            "Id": "P1-DIMMD0",
            "Name": "P1-DIMMD0",
            "PhysicalContext": "Memory",
            "Reading": 42.0,
            "ReadingTime": "2024-04-08T08:49:33Z",
            "ReadingType": "Temperature",
            "ReadingUnits": "Cel",
            "RelatedItem": [
                {
                    "@odata.id": "/redfish/v1/CompositionService/ResourceBlocks/r001u06/Systems/1/Memory/0003010106010074"
                }
            ],
            "SensingInterval": "PT10S"
        },
        {
            "@odata.etag": "\"6655943f42bcedac417719eaac7cc141\"",
            "@odata.id": "/redfish/v1/Chassis/r001u06/Sensors/P1-DIMMD1",
            "@odata.type": "#Sensor.v1_8_0.Sensor",
            "Id": "P1-DIMMD1",
            "Name": "P1-DIMMD1",
            "PhysicalContext": "Memory",
            "Reading": 45.0,
            "ReadingTime": "2024-04-08T08:49:33Z",
            "ReadingType": "Temperature",
            "ReadingUnits": "Cel",
            "RelatedItem": [
                {
                    "@odata.id": "/redfish/v1/CompositionService/ResourceBlocks/r001u06/Systems/1/Memory/0103010106010074"
                }
            ],
            "SensingInterval": "PT10S"
        },
        {
            "@odata.etag": "\"b0fdbb888ee52cb5cbe36f35f4e6809a\"",
            "@odata.id": "/redfish/v1/Chassis/r001u06/Sensors/P1-DIMME0",
            "@odata.type": "#Sensor.v1_8_0.Sensor",
            "Id": "P1-DIMME0",
            "Name": "P1-DIMME0",
            "PhysicalContext": "Memory",
            "Reading": 42.0,
            "ReadingTime": "2024-04-08T08:49:33Z",
            "ReadingType": "Temperature",
            "ReadingUnits": "Cel",
            "RelatedItem": [
                {
                    "@odata.id": "/redfish/v1/CompositionService/ResourceBlocks/r001u06/Systems/1/Memory/0004020106010074"
                }
            ],
            "SensingInterval": "PT10S"
        },
        {
            "@odata.etag": "\"a500ab34478fa4824ea0d0cd07a4b8bd\"",
            "@odata.id": "/redfish/v1/Chassis/r001u06/Sensors/P1-DIMME1",
            "@odata.type": "#Sensor.v1_8_0.Sensor",
            "Id": "P1-DIMME1",
            "Name": "P1-DIMME1",
            "PhysicalContext": "Memory",
            "Reading": 46.0,
            "ReadingTime": "2024-04-08T08:49:33Z",
            "ReadingType": "Temperature",
            "ReadingUnits": "Cel",
            "RelatedItem": [
                {
                    "@odata.id": "/redfish/v1/CompositionService/ResourceBlocks/r001u06/Systems/1/Memory/0104020106010074"
                }
            ],
            "SensingInterval": "PT10S"
        },
        {
            "@odata.etag": "\"8baa9173a823deb4d0e98fb0bd43cd80\"",
            "@odata.id": "/redfish/v1/Chassis/r001u06/Sensors/P1-DIMMF0",
            "@odata.type": "#Sensor.v1_8_0.Sensor",
            "Id": "P1-DIMMF0",
            "Name": "P1-DIMMF0",
            "PhysicalContext": "Memory",
            "Reading": 41.0,
            "ReadingTime": "2024-04-08T08:49:33Z",
            "ReadingType": "Temperature",
            "ReadingUnits": "Cel",
            "RelatedItem": [
                {
                    "@odata.id": "/redfish/v1/CompositionService/ResourceBlocks/r001u06/Systems/1/Memory/0005020106010074"
                }
            ],
            "SensingInterval": "PT10S"
        },
        {
            "@odata.etag": "\"258c848c9aec313b008b6d8bd676fed0\"",
            "@odata.id": "/redfish/v1/Chassis/r001u06/Sensors/P1-DIMMF1",
            "@odata.type": "#Sensor.v1_8_0.Sensor",
            "Id": "P1-DIMMF1",
            "Name": "P1-DIMMF1",
            "PhysicalContext": "Memory",
            "Reading": 41.0,
            "ReadingTime": "2024-04-08T08:49:33Z",
            "ReadingType": "Temperature",
            "ReadingUnits": "Cel",
            "RelatedItem": [
                {
                    "@odata.id": "/redfish/v1/CompositionService/ResourceBlocks/r001u06/Systems/1/Memory/0105020106010074"
                }
            ],
            "SensingInterval": "PT10S"
        },
        {
            "@odata.etag": "\"c83eb5d6d3e3da7d3ec6d417bd11263e\"",
            "@odata.id": "/redfish/v1/Chassis/r001u06/Sensors/P1-DIMMG0",
            "@odata.type": "#Sensor.v1_8_0.Sensor",
            "Id": "P1-DIMMG0",
            "Name": "P1-DIMMG0",
            "PhysicalContext": "Memory",
            "Reading": 40.0,
            "ReadingTime": "2024-04-08T08:49:33Z",
            "ReadingType": "Temperature",
            "ReadingUnits": "Cel",
            "RelatedItem": [
                {
                    "@odata.id": "/redfish/v1/CompositionService/ResourceBlocks/r001u06/Systems/1/Memory/0006030106010074"
                }
            ],
            "SensingInterval": "PT10S"
        },
        {
            "@odata.etag": "\"cc7dbb481f39090a1bc860748d9d2cf9\"",
            "@odata.id": "/redfish/v1/Chassis/r001u06/Sensors/P1-DIMMG1",
            "@odata.type": "#Sensor.v1_8_0.Sensor",
            "Id": "P1-DIMMG1",
            "Name": "P1-DIMMG1",
            "PhysicalContext": "Memory",
            "Reading": 40.0,
            "ReadingTime": "2024-04-08T08:49:33Z",
            "ReadingType": "Temperature",
            "ReadingUnits": "Cel",
            "RelatedItem": [
                {
                    "@odata.id": "/redfish/v1/CompositionService/ResourceBlocks/r001u06/Systems/1/Memory/0106030106010074"
                }
            ],
            "SensingInterval": "PT10S"
        },
        {
            "@odata.etag": "\"d6fa53122d96a031bdfde3379f7d71d5\"",
            "@odata.id": "/redfish/v1/Chassis/r001u06/Sensors/P1-DIMMH0",
            "@odata.type": "#Sensor.v1_8_0.Sensor",
            "Id": "P1-DIMMH0",
            "Name": "P1-DIMMH0",
            "PhysicalContext": "Memory",
            "Reading": 41.0,
            "ReadingTime": "2024-04-08T08:49:33Z",
            "ReadingType": "Temperature",
            "ReadingUnits": "Cel",
            "RelatedItem": [
                {
                    "@odata.id": "/redfish/v1/CompositionService/ResourceBlocks/r001u06/Systems/1/Memory/0007030106010074"
                }
            ],
            "SensingInterval": "PT10S"
        },
        {
            "@odata.etag": "\"260836154c60fd960c1d58beb3dd799c\"",
            "@odata.id": "/redfish/v1/Chassis/r001u06/Sensors/P1-DIMMH1",
            "@odata.type": "#Sensor.v1_8_0.Sensor",
            "Id": "P1-DIMMH1",
            "Name": "P1-DIMMH1",
            "PhysicalContext": "Memory",
            "Reading": 41.0,
            "ReadingTime": "2024-04-08T08:49:33Z",
            "ReadingType": "Temperature",
            "ReadingUnits": "Cel",
            "RelatedItem": [
                {
                    "@odata.id": "/redfish/v1/CompositionService/ResourceBlocks/r001u06/Systems/1/Memory/0107030106010074"
                }
            ],
            "SensingInterval": "PT10S"
        },
        {
            "@odata.etag": "\"e3fad7c85317202fc5f43e9c32c7e2f3\"",
            "@odata.id": "/redfish/v1/Chassis/r001u06/Sensors/P2-DIMMA0",
            "@odata.type": "#Sensor.v1_8_0.Sensor",
            "Id": "P2-DIMMA0",
            "Name": "P2-DIMMA0",
            "PhysicalContext": "Memory",
            "Reading": 60.0,
            "ReadingTime": "2024-04-08T08:49:33Z",
            "ReadingType": "Temperature",
            "ReadingUnits": "Cel",
            "RelatedItem": [
                {
                    "@odata.id": "/redfish/v1/CompositionService/ResourceBlocks/r001u06/Systems/1/Memory/0000000106000174"
                }
            ],
            "SensingInterval": "PT10S"
        },
        {
            "@odata.etag": "\"83480e7058951eae456c52a993421147\"",
            "@odata.id": "/redfish/v1/Chassis/r001u06/Sensors/P2-DIMMA1",
            "@odata.type": "#Sensor.v1_8_0.Sensor",
            "Id": "P2-DIMMA1",
            "Name": "P2-DIMMA1",
            "PhysicalContext": "Memory",
            "Reading": 61.0,
            "ReadingTime": "2024-04-08T08:49:33Z",
            "ReadingType": "Temperature",
            "ReadingUnits": "Cel",
            "RelatedItem": [
                {
                    "@odata.id": "/redfish/v1/CompositionService/ResourceBlocks/r001u06/Systems/1/Memory/0100000106000174"
                }
            ],
            "SensingInterval": "PT10S"
        },
        {
            "@odata.etag": "\"489527092bf4f2836f4ab621f8e7865c\"",
            "@odata.id": "/redfish/v1/Chassis/r001u06/Sensors/P2-DIMMB0",
            "@odata.type": "#Sensor.v1_8_0.Sensor",
            "Id": "P2-DIMMB0",
            "Name": "P2-DIMMB0",
            "PhysicalContext": "Memory",
            "Reading": 58.0,
            "ReadingTime": "2024-04-08T08:49:33Z",
            "ReadingType": "Temperature",
            "ReadingUnits": "Cel",
            "RelatedItem": [
                {
                    "@odata.id": "/redfish/v1/CompositionService/ResourceBlocks/r001u06/Systems/1/Memory/0001000106000174"
                }
            ],
            "SensingInterval": "PT10S"
        },
        {
            "@odata.etag": "\"b52a6d616ea6764e9ec55f1e415693eb\"",
            "@odata.id": "/redfish/v1/Chassis/r001u06/Sensors/P2-DIMMB1",
            "@odata.type": "#Sensor.v1_8_0.Sensor",
            "Id": "P2-DIMMB1",
            "Name": "P2-DIMMB1",
            "PhysicalContext": "Memory",
            "Reading": 59.0,
            "ReadingTime": "2024-04-08T08:49:33Z",
            "ReadingType": "Temperature",
            "ReadingUnits": "Cel",
            "RelatedItem": [
                {
                    "@odata.id": "/redfish/v1/CompositionService/ResourceBlocks/r001u06/Systems/1/Memory/0101000106000174"
                }
            ],
            "SensingInterval": "PT10S"
        },
        {
            "@odata.etag": "\"c943bc750c02698e295d10a7bcc308c0\"",
            "@odata.id": "/redfish/v1/Chassis/r001u06/Sensors/P2-DIMMC0",
            "@odata.type": "#Sensor.v1_8_0.Sensor",
            "Id": "P2-DIMMC0",
            "Name": "P2-DIMMC0",
            "PhysicalContext": "Memory",
            "Reading": 56.0,
            "ReadingTime": "2024-04-08T08:49:33Z",
            "ReadingType": "Temperature",
            "ReadingUnits": "Cel",
            "RelatedItem": [
                {
                    "@odata.id": "/redfish/v1/CompositionService/ResourceBlocks/r001u06/Systems/1/Memory/0002010106000174"
                }
            ],
            "SensingInterval": "PT10S"
        },
        {
            "@odata.etag": "\"224e8c23ad9016d96f1ba52fd04fbc1e\"",
            "@odata.id": "/redfish/v1/Chassis/r001u06/Sensors/P2-DIMMC1",
            "@odata.type": "#Sensor.v1_8_0.Sensor",
            "Id": "P2-DIMMC1",
            "Name": "P2-DIMMC1",
            "PhysicalContext": "Memory",
            "Reading": 56.0,
            "ReadingTime": "2024-04-08T08:49:33Z",
            "ReadingType": "Temperature",
            "ReadingUnits": "Cel",
            "RelatedItem": [
                {
                    "@odata.id": "/redfish/v1/CompositionService/ResourceBlocks/r001u06/Systems/1/Memory/0102010106000174"
                }
            ],
            "SensingInterval": "PT10S"
        },
        {
            "@odata.etag": "\"cb0391c2d28ca51e7f56843c87fe4cff\"",
            "@odata.id": "/redfish/v1/Chassis/r001u06/Sensors/P2-DIMMD0",
            "@odata.type": "#Sensor.v1_8_0.Sensor",
            "Id": "P2-DIMMD0",
            "Name": "P2-DIMMD0",
            "PhysicalContext": "Memory",
            "Reading": 51.0,
            "ReadingTime": "2024-04-08T08:49:33Z",
            "ReadingType": "Temperature",
            "ReadingUnits": "Cel",
            "RelatedItem": [
                {
                    "@odata.id": "/redfish/v1/CompositionService/ResourceBlocks/r001u06/Systems/1/Memory/0003010106000174"
                }
            ],
            "SensingInterval": "PT10S"
        },
        {
            "@odata.etag": "\"ab7fdddfbee8429d0f59e16d44e63474\"",
            "@odata.id": "/redfish/v1/Chassis/r001u06/Sensors/P2-DIMMD1",
            "@odata.type": "#Sensor.v1_8_0.Sensor",
            "Id": "P2-DIMMD1",
            "Name": "P2-DIMMD1",
            "PhysicalContext": "Memory",
            "Reading": 55.0,
            "ReadingTime": "2024-04-08T08:49:33Z",
            "ReadingType": "Temperature",
            "ReadingUnits": "Cel",
            "RelatedItem": [
                {
                    "@odata.id": "/redfish/v1/CompositionService/ResourceBlocks/r001u06/Systems/1/Memory/0103010106000174"
                }
            ],
            "SensingInterval": "PT10S"
        },
        {
            "@odata.etag": "\"5536755a6d7f6ee7b84cbf7f0d56839c\"",
            "@odata.id": "/redfish/v1/Chassis/r001u06/Sensors/P2-DIMME0",
            "@odata.type": "#Sensor.v1_8_0.Sensor",
            "Id": "P2-DIMME0",
            "Name": "P2-DIMME0",
            "PhysicalContext": "Memory",
            "Reading": 60.0,
            "ReadingTime": "2024-04-08T08:49:33Z",
            "ReadingType": "Temperature",
            "ReadingUnits": "Cel",
            "RelatedItem": [
                {
                    "@odata.id": "/redfish/v1/CompositionService/ResourceBlocks/r001u06/Systems/1/Memory/0004020106000174"
                }
            ],
            "SensingInterval": "PT10S"
        },
        {
            "@odata.etag": "\"7ed2ad3971de3788f1f7923731775220\"",
            "@odata.id": "/redfish/v1/Chassis/r001u06/Sensors/P2-DIMME1",
            "@odata.type": "#Sensor.v1_8_0.Sensor",
            "Id": "P2-DIMME1",
            "Name": "P2-DIMME1",
            "PhysicalContext": "Memory",
            "Reading": 61.0,
            "ReadingTime": "2024-04-08T08:49:33Z",
            "ReadingType": "Temperature",
            "ReadingUnits": "Cel",
            "RelatedItem": [
                {
                    "@odata.id": "/redfish/v1/CompositionService/ResourceBlocks/r001u06/Systems/1/Memory/0104020106000174"
                }
            ],
            "SensingInterval": "PT10S"
        },
        {
            "@odata.etag": "\"0aa46818d0d20cbe2d090de2a93d34e0\"",
            "@odata.id": "/redfish/v1/Chassis/r001u06/Sensors/P2-DIMMF0",
            "@odata.type": "#Sensor.v1_8_0.Sensor",
            "Id": "P2-DIMMF0",
            "Name": "P2-DIMMF0",
            "PhysicalContext": "Memory",
            "Reading": 57.0,
            "ReadingTime": "2024-04-08T08:49:33Z",
            "ReadingType": "Temperature",
            "ReadingUnits": "Cel",
            "RelatedItem": [
                {
                    "@odata.id": "/redfish/v1/CompositionService/ResourceBlocks/r001u06/Systems/1/Memory/0005020106000174"
                }
            ],
            "SensingInterval": "PT10S"
        },
        {
            "@odata.etag": "\"e6c7f4b8c0ae740f706e250f1d57be3e\"",
            "@odata.id": "/redfish/v1/Chassis/r001u06/Sensors/P2-DIMMF1",
            "@odata.type": "#Sensor.v1_8_0.Sensor",
            "Id": "P2-DIMMF1",
            "Name": "P2-DIMMF1",
            "PhysicalContext": "Memory",
            "Reading": 59.0,
            "ReadingTime": "2024-04-08T08:49:33Z",
            "ReadingType": "Temperature",
            "ReadingUnits": "Cel",
            "RelatedItem": [
                {
                    "@odata.id": "/redfish/v1/CompositionService/ResourceBlocks/r001u06/Systems/1/Memory/0105020106000174"
                }
            ],
            "SensingInterval": "PT10S"
        },
        {
            "@odata.etag": "\"a3c0f55ae457f1d8d85ca9df6693a0ed\"",
            "@odata.id": "/redfish/v1/Chassis/r001u06/Sensors/P2-DIMMG0",
            "@odata.type": "#Sensor.v1_8_0.Sensor",
            "Id": "P2-DIMMG0",
            "Name": "P2-DIMMG0",
            "PhysicalContext": "Memory",
            "Reading": 57.0,
            "ReadingTime": "2024-04-08T08:49:33Z",
            "ReadingType": "Temperature",
            "ReadingUnits": "Cel",
            "RelatedItem": [
                {
                    "@odata.id": "/redfish/v1/CompositionService/ResourceBlocks/r001u06/Systems/1/Memory/0006030106000174"
                }
            ],
            "SensingInterval": "PT10S"
        },
        {
            "@odata.etag": "\"3a6efa65d4e4dcbb77dfb8ce610fd86c\"",
            "@odata.id": "/redfish/v1/Chassis/r001u06/Sensors/P2-DIMMG1",
            "@odata.type": "#Sensor.v1_8_0.Sensor",
            "Id": "P2-DIMMG1",
            "Name": "P2-DIMMG1",
            "PhysicalContext": "Memory",
            "Reading": 56.0,
            "ReadingTime": "2024-04-08T08:49:33Z",
            "ReadingType": "Temperature",
            "ReadingUnits": "Cel",
            "RelatedItem": [
                {
                    "@odata.id": "/redfish/v1/CompositionService/ResourceBlocks/r001u06/Systems/1/Memory/0106030106000174"
                }
            ],
            "SensingInterval": "PT10S"
        },
        {
            "@odata.etag": "\"6ab3bca5561d19b029d52117e17f0853\"",
            "@odata.id": "/redfish/v1/Chassis/r001u06/Sensors/P2-DIMMH0",
            "@odata.type": "#Sensor.v1_8_0.Sensor",
            "Id": "P2-DIMMH0",
            "Name": "P2-DIMMH0",
            "PhysicalContext": "Memory",
            "Reading": 57.0,
            "ReadingTime": "2024-04-08T08:49:33Z",
            "ReadingType": "Temperature",
            "ReadingUnits": "Cel",
            "RelatedItem": [
                {
                    "@odata.id": "/redfish/v1/CompositionService/ResourceBlocks/r001u06/Systems/1/Memory/0007030106000174"
                }
            ],
            "SensingInterval": "PT10S"
        },
        {
            "@odata.etag": "\"d07ed69252ff2506e3ff7f740cdaff2e\"",
            "@odata.id": "/redfish/v1/Chassis/r001u06/Sensors/P2-DIMMH1",
            "@odata.type": "#Sensor.v1_8_0.Sensor",
            "Id": "P2-DIMMH1",
            "Name": "P2-DIMMH1",
            "PhysicalContext": "Memory",
            "Reading": 58.0,
            "ReadingTime": "2024-04-08T08:49:33Z",
            "ReadingType": "Temperature",
            "ReadingUnits": "Cel",
            "RelatedItem": [
                {
                    "@odata.id": "/redfish/v1/CompositionService/ResourceBlocks/r001u06/Systems/1/Memory/0107030106000174"
                }
            ],
            "SensingInterval": "PT10S"
        },
        {
            "@odata.etag": "\"742e8c5cc7ef0428bd2f43740643bfeb\"",
            "@odata.id": "/redfish/v1/Chassis/r001u06/Sensors/P3-DIMMA0",
            "@odata.type": "#Sensor.v1_8_0.Sensor",
            "Id": "P3-DIMMA0",
            "Name": "P3-DIMMA0",
            "PhysicalContext": "Memory",
            "Reading": 42.0,
            "ReadingTime": "2024-04-08T08:49:33Z",
            "ReadingType": "Temperature",
            "ReadingUnits": "Cel",
            "RelatedItem": [
                {
                    "@odata.id": "/redfish/v1/CompositionService/ResourceBlocks/r001u06/Systems/1/Memory/0000000106010174"
                }
            ],
            "SensingInterval": "PT10S"
        },
        {
            "@odata.etag": "\"a4cb8ef25b084cb090fd69233504c958\"",
            "@odata.id": "/redfish/v1/Chassis/r001u06/Sensors/P3-DIMMA1",
            "@odata.type": "#Sensor.v1_8_0.Sensor",
            "Id": "P3-DIMMA1",
            "Name": "P3-DIMMA1",
            "PhysicalContext": "Memory",
            "Reading": 46.0,
            "ReadingTime": "2024-04-08T08:49:33Z",
            "ReadingType": "Temperature",
            "ReadingUnits": "Cel",
            "RelatedItem": [
                {
                    "@odata.id": "/redfish/v1/CompositionService/ResourceBlocks/r001u06/Systems/1/Memory/0100000106010174"
                }
            ],
            "SensingInterval": "PT10S"
        },
        {
            "@odata.etag": "\"98055b011d02d1b647b0b058b0d6e67a\"",
            "@odata.id": "/redfish/v1/Chassis/r001u06/Sensors/P3-DIMMB0",
            "@odata.type": "#Sensor.v1_8_0.Sensor",
            "Id": "P3-DIMMB0",
            "Name": "P3-DIMMB0",
            "PhysicalContext": "Memory",
            "Reading": 40.0,
            "ReadingTime": "2024-04-08T08:49:33Z",
            "ReadingType": "Temperature",
            "ReadingUnits": "Cel",
            "RelatedItem": [
                {
                    "@odata.id": "/redfish/v1/CompositionService/ResourceBlocks/r001u06/Systems/1/Memory/0001000106010174"
                }
            ],
            "SensingInterval": "PT10S"
        },
        {
            "@odata.etag": "\"ba3f6cf5ffe4750f2fe8897578801b0c\"",
            "@odata.id": "/redfish/v1/Chassis/r001u06/Sensors/P3-DIMMB1",
            "@odata.type": "#Sensor.v1_8_0.Sensor",
            "Id": "P3-DIMMB1",
            "Name": "P3-DIMMB1",
            "PhysicalContext": "Memory",
            "Reading": 40.0,
            "ReadingTime": "2024-04-08T08:49:33Z",
            "ReadingType": "Temperature",
            "ReadingUnits": "Cel",
            "RelatedItem": [
                {
                    "@odata.id": "/redfish/v1/CompositionService/ResourceBlocks/r001u06/Systems/1/Memory/0101000106010174"
                }
            ],
            "SensingInterval": "PT10S"
        },
        {
            "@odata.etag": "\"46a58a900ff64e1c1966c9334df9e5a3\"",
            "@odata.id": "/redfish/v1/Chassis/r001u06/Sensors/P3-DIMMC0",
            "@odata.type": "#Sensor.v1_8_0.Sensor",
            "Id": "P3-DIMMC0",
            "Name": "P3-DIMMC0",
            "PhysicalContext": "Memory",
            "Reading": 40.0,
            "ReadingTime": "2024-04-08T08:49:33Z",
            "ReadingType": "Temperature",
            "ReadingUnits": "Cel",
            "RelatedItem": [
                {
                    "@odata.id": "/redfish/v1/CompositionService/ResourceBlocks/r001u06/Systems/1/Memory/0002010106010174"
                }
            ],
            "SensingInterval": "PT10S"
        },
        {
            "@odata.etag": "\"309f602436a63436cb85e72e067ec314\"",
            "@odata.id": "/redfish/v1/Chassis/r001u06/Sensors/P3-DIMMC1",
            "@odata.type": "#Sensor.v1_8_0.Sensor",
            "Id": "P3-DIMMC1",
            "Name": "P3-DIMMC1",
            "PhysicalContext": "Memory",
            "Reading": 40.0,
            "ReadingTime": "2024-04-08T08:49:33Z",
            "ReadingType": "Temperature",
            "ReadingUnits": "Cel",
            "RelatedItem": [
                {
                    "@odata.id": "/redfish/v1/CompositionService/ResourceBlocks/r001u06/Systems/1/Memory/0102010106010174"
                }
            ],
            "SensingInterval": "PT10S"
        },
        {
            "@odata.etag": "\"952537a281ae16038eb048dc8a0f56ba\"",
            "@odata.id": "/redfish/v1/Chassis/r001u06/Sensors/P3-DIMMD0",
            "@odata.type": "#Sensor.v1_8_0.Sensor",
            "Id": "P3-DIMMD0",
            "Name": "P3-DIMMD0",
            "PhysicalContext": "Memory",
            "Reading": 40.0,
            "ReadingTime": "2024-04-08T08:49:33Z",
            "ReadingType": "Temperature",
            "ReadingUnits": "Cel",
            "RelatedItem": [
                {
                    "@odata.id": "/redfish/v1/CompositionService/ResourceBlocks/r001u06/Systems/1/Memory/0003010106010174"
                }
            ],
            "SensingInterval": "PT10S"
        },
        {
            "@odata.etag": "\"f07c4eb4c71e81532ce71b2dce002506\"",
            "@odata.id": "/redfish/v1/Chassis/r001u06/Sensors/P3-DIMMD1",
            "@odata.type": "#Sensor.v1_8_0.Sensor",
            "Id": "P3-DIMMD1",
            "Name": "P3-DIMMD1",
            "PhysicalContext": "Memory",
            "Reading": 41.0,
            "ReadingTime": "2024-04-08T08:49:33Z",
            "ReadingType": "Temperature",
            "ReadingUnits": "Cel",
            "RelatedItem": [
                {
                    "@odata.id": "/redfish/v1/CompositionService/ResourceBlocks/r001u06/Systems/1/Memory/0103010106010174"
                }
            ],
            "SensingInterval": "PT10S"
        },
        {
            "@odata.etag": "\"f3bf8da9e2c37ed832997d81d9a0301e\"",
            "@odata.id": "/redfish/v1/Chassis/r001u06/Sensors/P3-DIMME0",
            "@odata.type": "#Sensor.v1_8_0.Sensor",
            "Id": "P3-DIMME0",
            "Name": "P3-DIMME0",
            "PhysicalContext": "Memory",
            "Reading": 43.0,
            "ReadingTime": "2024-04-08T08:49:33Z",
            "ReadingType": "Temperature",
            "ReadingUnits": "Cel",
            "RelatedItem": [
                {
                    "@odata.id": "/redfish/v1/CompositionService/ResourceBlocks/r001u06/Systems/1/Memory/0004020106010174"
                }
            ],
            "SensingInterval": "PT10S"
        },
        {
            "@odata.etag": "\"af9b01b4563f9d1352ea8e8da61bcd16\"",
            "@odata.id": "/redfish/v1/Chassis/r001u06/Sensors/P3-DIMME1",
            "@odata.type": "#Sensor.v1_8_0.Sensor",
            "Id": "P3-DIMME1",
            "Name": "P3-DIMME1",
            "PhysicalContext": "Memory",
            "Reading": 41.0,
            "ReadingTime": "2024-04-08T08:49:33Z",
            "ReadingType": "Temperature",
            "ReadingUnits": "Cel",
            "RelatedItem": [
                {
                    "@odata.id": "/redfish/v1/CompositionService/ResourceBlocks/r001u06/Systems/1/Memory/0104020106010174"
                }
            ],
            "SensingInterval": "PT10S"
        },
        {
            "@odata.etag": "\"f43c313dde90ad55ee78328030dea914\"",
            "@odata.id": "/redfish/v1/Chassis/r001u06/Sensors/P3-DIMMF0",
            "@odata.type": "#Sensor.v1_8_0.Sensor",
            "Id": "P3-DIMMF0",
            "Name": "P3-DIMMF0",
            "PhysicalContext": "Memory",
            "Reading": 42.0,
            "ReadingTime": "2024-04-08T08:49:33Z",
            "ReadingType": "Temperature",
            "ReadingUnits": "Cel",
            "RelatedItem": [
                {
                    "@odata.id": "/redfish/v1/CompositionService/ResourceBlocks/r001u06/Systems/1/Memory/0005020106010174"
                }
            ],
            "SensingInterval": "PT10S"
        },
        {
            "@odata.etag": "\"b2077fc28e669082ccc14cc11a8f5669\"",
            "@odata.id": "/redfish/v1/Chassis/r001u06/Sensors/P3-DIMMF1",
            "@odata.type": "#Sensor.v1_8_0.Sensor",
            "Id": "P3-DIMMF1",
            "Name": "P3-DIMMF1",
            "PhysicalContext": "Memory",
            "Reading": 42.0,
            "ReadingTime": "2024-04-08T08:49:33Z",
            "ReadingType": "Temperature",
            "ReadingUnits": "Cel",
            "RelatedItem": [
                {
                    "@odata.id": "/redfish/v1/CompositionService/ResourceBlocks/r001u06/Systems/1/Memory/0105020106010174"
                }
            ],
            "SensingInterval": "PT10S"
        },
        {
            "@odata.etag": "\"e37f9230f9ff2991d2d68d9f49689359\"",
            "@odata.id": "/redfish/v1/Chassis/r001u06/Sensors/P3-DIMMG0",
            "@odata.type": "#Sensor.v1_8_0.Sensor",
            "Id": "P3-DIMMG0",
            "Name": "P3-DIMMG0",
            "PhysicalContext": "Memory",
            "Reading": 42.0,
            "ReadingTime": "2024-04-08T08:49:33Z",
            "ReadingType": "Temperature",
            "ReadingUnits": "Cel",
            "RelatedItem": [
                {
                    "@odata.id": "/redfish/v1/CompositionService/ResourceBlocks/r001u06/Systems/1/Memory/0006030106010174"
                }
            ],
            "SensingInterval": "PT10S"
        },
        {
            "@odata.etag": "\"0e4b77d6af950bb33853c9b8650080c9\"",
            "@odata.id": "/redfish/v1/Chassis/r001u06/Sensors/P3-DIMMG1",
            "@odata.type": "#Sensor.v1_8_0.Sensor",
            "Id": "P3-DIMMG1",
            "Name": "P3-DIMMG1",
            "PhysicalContext": "Memory",
            "Reading": 42.0,
            "ReadingTime": "2024-04-08T08:49:33Z",
            "ReadingType": "Temperature",
            "ReadingUnits": "Cel",
            "RelatedItem": [
                {
                    "@odata.id": "/redfish/v1/CompositionService/ResourceBlocks/r001u06/Systems/1/Memory/0106030106010174"
                }
            ],
            "SensingInterval": "PT10S"
        },
        {
            "@odata.etag": "\"5b135bf47c0f28d05279152d5f2b0ce4\"",
            "@odata.id": "/redfish/v1/Chassis/r001u06/Sensors/P3-DIMMH0",
            "@odata.type": "#Sensor.v1_8_0.Sensor",
            "Id": "P3-DIMMH0",
            "Name": "P3-DIMMH0",
            "PhysicalContext": "Memory",
            "Reading": 38.0,
            "ReadingTime": "2024-04-08T08:49:33Z",
            "ReadingType": "Temperature",
            "ReadingUnits": "Cel",
            "RelatedItem": [
                {
                    "@odata.id": "/redfish/v1/CompositionService/ResourceBlocks/r001u06/Systems/1/Memory/0007030106010174"
                }
            ],
            "SensingInterval": "PT10S"
        },
        {
            "@odata.etag": "\"e77462d2ed8cb24bdfe7329aa3d6f9d7\"",
            "@odata.id": "/redfish/v1/Chassis/r001u06/Sensors/P3-DIMMH1",
            "@odata.type": "#Sensor.v1_8_0.Sensor",
            "Id": "P3-DIMMH1",
            "Name": "P3-DIMMH1",
            "PhysicalContext": "Memory",
            "Reading": 42.0,
            "ReadingTime": "2024-04-08T08:49:33Z",
            "ReadingType": "Temperature",
            "ReadingUnits": "Cel",
            "RelatedItem": [
                {
                    "@odata.id": "/redfish/v1/CompositionService/ResourceBlocks/r001u06/Systems/1/Memory/0107030106010174"
                }
            ],
            "SensingInterval": "PT10S"
        },
        {
            "@odata.etag": "\"17292699b366bc59307e7a0bd25f51ac\"",
            "@odata.id": "/redfish/v1/Chassis/r001u06/Sensors/PSU0_POUT",
            "@odata.type": "#Sensor.v1_8_0.Sensor",
            "Id": "PSU0_POUT",
            "Name": "PSU0_POUT",
            "PhysicalContext": "PowerSupply",
            "Reading": 198.75,
            "ReadingTime": "2024-04-08T08:49:33Z",
            "ReadingType": "Power",
            "ReadingUnits": "W",
            "RelatedItem": [
                {
                    "@odata.id": "/redfish/v1/Chassis/r001u06/PowerSubsystem/PowerSupplies/0"
                }
            ],
            "SensingInterval": "PT10S"
        },
        {
            "@odata.etag": "\"98b4f36d9c95484b0e56d0ef61961d0e\"",
            "@odata.id": "/redfish/v1/Chassis/r001u06/Sensors/PSU1_POUT",
            "@odata.type": "#Sensor.v1_8_0.Sensor",
            "Id": "PSU1_POUT",
            "Name": "PSU1_POUT",
            "PhysicalContext": "PowerSupply",
            "Reading": 190.75,
            "ReadingTime": "2024-04-08T08:49:33Z",
            "ReadingType": "Power",
            "ReadingUnits": "W",
            "RelatedItem": [
                {
                    "@odata.id": "/redfish/v1/Chassis/r001u06/PowerSubsystem/PowerSupplies/1"
                }
            ],
            "SensingInterval": "PT10S"
        },
        {
            "@odata.etag": "\"f342b195fe4d68a65ef67ab7b4ed25d8\"",
            "@odata.id": "/redfish/v1/Chassis/r001u06/Sensors/PSU2_POUT",
            "@odata.type": "#Sensor.v1_8_0.Sensor",
            "Id": "PSU2_POUT",
            "Name": "PSU2_POUT",
            "PhysicalContext": "PowerSupply",
            "Reading": 232.25,
            "ReadingTime": "2024-04-08T08:49:33Z",
            "ReadingType": "Power",
            "ReadingUnits": "W",
            "RelatedItem": [
                {
                    "@odata.id": "/redfish/v1/Chassis/r001u06/PowerSubsystem/PowerSupplies/2"
                }
            ],
            "SensingInterval": "PT10S"
        },
        {
            "@odata.etag": "\"f397b591017f187d14acb8e5f01ccc81\"",
            "@odata.id": "/redfish/v1/Chassis/r001u06/Sensors/PSU3_POUT",
            "@odata.type": "#Sensor.v1_8_0.Sensor",
            "Id": "PSU3_POUT",
            "Name": "PSU3_POUT",
            "PhysicalContext": "PowerSupply",
            "Reading": 209.75,
            "ReadingTime": "2024-04-08T08:49:33Z",
            "ReadingType": "Power",
            "ReadingUnits": "W",
            "RelatedItem": [
                {
                    "@odata.id": "/redfish/v1/Chassis/r001u06/PowerSubsystem/PowerSupplies/3"
                }
            ],
            "SensingInterval": "PT10S"
        },
        {
            "@odata.etag": "\"72fa3ee7851dbd573c6ce21fd32f83e2\"",
            "@odata.id": "/redfish/v1/Chassis/r001u06/Sensors/PSU0_PIN",
            "@odata.type": "#Sensor.v1_8_0.Sensor",
            "Id": "PSU0_PIN",
            "Name": "PSU0_PIN",
            "PhysicalContext": "PowerSupply",
            "Reading": 222.5,
            "ReadingTime": "2024-04-08T08:49:33Z",
            "ReadingType": "Power",
            "ReadingUnits": "W",
            "RelatedItem": [
                {
                    "@odata.id": "/redfish/v1/Chassis/r001u06/PowerSubsystem/PowerSupplies/0"
                }
            ],
            "SensingInterval": "PT10S"
        },
        {
            "@odata.etag": "\"32c0eb6df4e6f45c53bf4fe945730e8b\"",
            "@odata.id": "/redfish/v1/Chassis/r001u06/Sensors/PSU1_PIN",
            "@odata.type": "#Sensor.v1_8_0.Sensor",
            "Id": "PSU1_PIN",
            "Name": "PSU1_PIN",
            "PhysicalContext": "PowerSupply",
            "Reading": 216.25,
            "ReadingTime": "2024-04-08T08:49:33Z",
            "ReadingType": "Power",
            "ReadingUnits": "W",
            "RelatedItem": [
                {
                    "@odata.id": "/redfish/v1/Chassis/r001u06/PowerSubsystem/PowerSupplies/1"
                }
            ],
            "SensingInterval": "PT10S"
        },
        {
            "@odata.etag": "\"9c3625123fb9d73fe26ac717fd900633\"",
            "@odata.id": "/redfish/v1/Chassis/r001u06/Sensors/PSU2_PIN",
            "@odata.type": "#Sensor.v1_8_0.Sensor",
            "Id": "PSU2_PIN",
            "Name": "PSU2_PIN",
            "PhysicalContext": "PowerSupply",
            "Reading": 257.5,
            "ReadingTime": "2024-04-08T08:49:33Z",
            "ReadingType": "Power",
            "ReadingUnits": "W",
            "RelatedItem": [
                {
                    "@odata.id": "/redfish/v1/Chassis/r001u06/PowerSubsystem/PowerSupplies/2"
                }
            ],
            "SensingInterval": "PT10S"
        },
        {
            "@odata.etag": "\"eb255938d324d2c8f32dd889b4325c37\"",
            "@odata.id": "/redfish/v1/Chassis/r001u06/Sensors/PSU3_PIN",
            "@odata.type": "#Sensor.v1_8_0.Sensor",
            "Id": "PSU3_PIN",
            "Name": "PSU3_PIN",
            "PhysicalContext": "PowerSupply",
            "Reading": 235.5,
            "ReadingTime": "2024-04-08T08:49:33Z",
            "ReadingType": "Power",
            "ReadingUnits": "W",
            "RelatedItem": [
                {
                    "@odata.id": "/redfish/v1/Chassis/r001u06/PowerSubsystem/PowerSupplies/3"
                }
            ],
            "SensingInterval": "PT10S"
        },
        {
            "@odata.etag": "\"e4155d8c1ce4a9c8529a1211c221cf38\"",
            "@odata.id": "/redfish/v1/Chassis/r001u06/Sensors/SMC_VBATT",
            "@odata.type": "#Sensor.v1_8_0.Sensor",
            "Id": "SMC_VBATT",
            "Name": "SMC_VBATT",
            "PhysicalContext": "Battery",
            "Reading": 3.0469,
            "ReadingTime": "2024-04-08T08:49:33Z",
            "ReadingType": "Voltage",
            "ReadingUnits": "V",
            "SensingInterval": "PT10S"
        },
        {
            "@odata.etag": "\"be9484e5cdbf0336de9146105d3f6eaf\"",
            "@odata.id": "/redfish/v1/Chassis/r001u06/Sensors/CHASSIS_FAN0",
            "@odata.type": "#Sensor.v1_8_0.Sensor",
            "Id": "CHASSIS_FAN0",
            "Name": "CHASSIS_FAN0",
            "PhysicalContext": "Fan",
            "Reading": 4440.0,
            "ReadingTime": "2024-04-08T08:49:33Z",
            "ReadingType": "Rotational",
            "ReadingUnits": "RPM",
            "RelatedItem": [
                {
                    "@odata.id": "/redfish/v1/Chassis/r001u06/ThermalSubsystem/Fans/ChassisFan0"
                }
            ],
            "SensingInterval": "PT10S"
        },
        {
            "@odata.etag": "\"dbee962820cb5bc49de03465661ed568\"",
            "@odata.id": "/redfish/v1/Chassis/r001u06/Sensors/CHASSIS_FAN1",
            "@odata.type": "#Sensor.v1_8_0.Sensor",
            "Id": "CHASSIS_FAN1",
            "Name": "CHASSIS_FAN1",
            "PhysicalContext": "Fan",
            "Reading": 4410.0,
            "ReadingTime": "2024-04-08T08:49:33Z",
            "ReadingType": "Rotational",
            "ReadingUnits": "RPM",
            "RelatedItem": [
                {
                    "@odata.id": "/redfish/v1/Chassis/r001u06/ThermalSubsystem/Fans/ChassisFan1"
                }
            ],
            "SensingInterval": "PT10S"
        },
        {
            "@odata.etag": "\"72db3df7c8676b2c06e38c7418d159d5\"",
            "@odata.id": "/redfish/v1/Chassis/r001u06/Sensors/CHASSIS_FAN2",
            "@odata.type": "#Sensor.v1_8_0.Sensor",
            "Id": "CHASSIS_FAN2",
            "Name": "CHASSIS_FAN2",
            "PhysicalContext": "Fan",
            "Reading": 4440.0,
            "ReadingTime": "2024-04-08T08:49:33Z",
            "ReadingType": "Rotational",
            "ReadingUnits": "RPM",
            "RelatedItem": [
                {
                    "@odata.id": "/redfish/v1/Chassis/r001u06/ThermalSubsystem/Fans/ChassisFan2"
                }
            ],
            "SensingInterval": "PT10S"
        },
        {
            "@odata.etag": "\"4275e7c92d978a24a73b6cefb7c33e79\"",
            "@odata.id": "/redfish/v1/Chassis/r001u06/Sensors/CHASSIS_FAN3",
            "@odata.type": "#Sensor.v1_8_0.Sensor",
            "Id": "CHASSIS_FAN3",
            "Name": "CHASSIS_FAN3",
            "PhysicalContext": "Fan",
            "Reading": 4410.0,
            "ReadingTime": "2024-04-08T08:49:33Z",
            "ReadingType": "Rotational",
            "ReadingUnits": "RPM",
            "RelatedItem": [
                {
                    "@odata.id": "/redfish/v1/Chassis/r001u06/ThermalSubsystem/Fans/ChassisFan3"
                }
            ],
            "SensingInterval": "PT10S"
        },
        {
            "@odata.etag": "\"3b2d8a8cedef905f1b7575e1ddced986\"",
            "@odata.id": "/redfish/v1/Chassis/r001u06/Sensors/CHASSIS_FAN4",
            "@odata.type": "#Sensor.v1_8_0.Sensor",
            "Id": "CHASSIS_FAN4",
            "Name": "CHASSIS_FAN4",
            "PhysicalContext": "Fan",
            "Reading": 4410.0,
            "ReadingTime": "2024-04-08T08:49:33Z",
            "ReadingType": "Rotational",
            "ReadingUnits": "RPM",
            "RelatedItem": [
                {
                    "@odata.id": "/redfish/v1/Chassis/r001u06/ThermalSubsystem/Fans/ChassisFan4"
                }
            ],
            "SensingInterval": "PT10S"
        },
        {
            "@odata.etag": "\"53512b23431346e3902c36b94fb4c0c2\"",
            "@odata.id": "/redfish/v1/Chassis/r001u06/Sensors/CHASSIS_FAN5",
            "@odata.type": "#Sensor.v1_8_0.Sensor",
            "Id": "CHASSIS_FAN5",
            "Name": "CHASSIS_FAN5",
            "PhysicalContext": "Fan",
            "Reading": 4380.0,
            "ReadingTime": "2024-04-08T08:49:33Z",
            "ReadingType": "Rotational",
            "ReadingUnits": "RPM",
            "RelatedItem": [
                {
                    "@odata.id": "/redfish/v1/Chassis/r001u06/ThermalSubsystem/Fans/ChassisFan5"
                }
            ],
            "SensingInterval": "PT10S"
        },
        {
            "@odata.etag": "\"9aebde10bfcca2f4982cbd0a7f5a226b\"",
            "@odata.id": "/redfish/v1/Chassis/r001u06/Sensors/CHASSIS_FAN6",
            "@odata.type": "#Sensor.v1_8_0.Sensor",
            "Id": "CHASSIS_FAN6",
            "Name": "CHASSIS_FAN6",
            "PhysicalContext": "Fan",
            "Reading": 4350.0,
            "ReadingTime": "2024-04-08T08:49:33Z",
            "ReadingType": "Rotational",
            "ReadingUnits": "RPM",
            "RelatedItem": [
                {
                    "@odata.id": "/redfish/v1/Chassis/r001u06/ThermalSubsystem/Fans/ChassisFan6"
                }
            ],
            "SensingInterval": "PT10S"
        },
        {
            "@odata.etag": "\"f51e96984e88b52132b496a3b54a7e3b\"",
            "@odata.id": "/redfish/v1/Chassis/r001u06/Sensors/CHASSIS_FAN7",
            "@odata.type": "#Sensor.v1_8_0.Sensor",
            "Id": "CHASSIS_FAN7",
            "Name": "CHASSIS_FAN7",
            "PhysicalContext": "Fan",
            "Reading": 4380.0,
            "ReadingTime": "2024-04-08T08:49:33Z",
            "ReadingType": "Rotational",
            "ReadingUnits": "RPM",
            "RelatedItem": [
                {
                    "@odata.id": "/redfish/v1/Chassis/r001u06/ThermalSubsystem/Fans/ChassisFan7"
                }
            ],
            "SensingInterval": "PT10S"
        },
        {
            "@odata.etag": "\"77f83429f9bc7966cf9705d4830090f5\"",
            "@odata.id": "/redfish/v1/Chassis/r001u06/Sensors/HARP_FAN0",
            "@odata.type": "#Sensor.v1_8_0.Sensor",
            "Id": "HARP_FAN0",
            "Name": "HARP_FAN0",
            "PhysicalContext": "Fan",
            "Reading": 12990.0,
            "ReadingTime": "2024-04-08T08:49:33Z",
            "ReadingType": "Rotational",
            "ReadingUnits": "RPM",
            "RelatedItem": [
                {
                    "@odata.id": "/redfish/v1/Chassis/r001u06/ThermalSubsystem/Fans/HarpFan0"
                }
            ],
            "SensingInterval": "PT10S"
        },
        {
            "@odata.etag": "\"4f3f7230d0e3bb69996ef2ad45002989\"",
            "@odata.id": "/redfish/v1/Chassis/r001u06/Sensors/HARP_FAN1",
            "@odata.type": "#Sensor.v1_8_0.Sensor",
            "Id": "HARP_FAN1",
            "Name": "HARP_FAN1",
            "PhysicalContext": "Fan",
            "Reading": 13020.0,
            "ReadingTime": "2024-04-08T08:49:33Z",
            "ReadingType": "Rotational",
            "ReadingUnits": "RPM",
            "RelatedItem": [
                {
                    "@odata.id": "/redfish/v1/Chassis/r001u06/ThermalSubsystem/Fans/HarpFan1"
                }
            ],
            "SensingInterval": "PT10S"
        },
        {
            "@odata.etag": "\"e1e492427cc00528adb4dfb4e8077572\"",
            "@odata.id": "/redfish/v1/Chassis/r001u06/Sensors/PSU0_FAN0",
            "@odata.type": "#Sensor.v1_8_0.Sensor",
            "Id": "PSU0_FAN0",
            "Name": "PSU0_FAN0",
            "PhysicalContext": "PowerSupply",
            "Reading": 9072.0,
            "ReadingTime": "2024-04-08T08:49:33Z",
            "ReadingType": "Rotational",
            "ReadingUnits": "RPM",
            "RelatedItem": [
                {
                    "@odata.id": "/redfish/v1/Chassis/r001u06/PowerSubsystem/PowerSupplies/0"
                }
            ],
            "SensingInterval": "PT10S"
        },
        {
            "@odata.etag": "\"cf9cb8749c94e0405c33e74834277ad0\"",
            "@odata.id": "/redfish/v1/Chassis/r001u06/Sensors/PSU1_FAN0",
            "@odata.type": "#Sensor.v1_8_0.Sensor",
            "Id": "PSU1_FAN0",
            "Name": "PSU1_FAN0",
            "PhysicalContext": "PowerSupply",
            "Reading": 9136.0,
            "ReadingTime": "2024-04-08T08:49:33Z",
            "ReadingType": "Rotational",
            "ReadingUnits": "RPM",
            "RelatedItem": [
                {
                    "@odata.id": "/redfish/v1/Chassis/r001u06/PowerSubsystem/PowerSupplies/1"
                }
            ],
            "SensingInterval": "PT10S"
        },
        {
            "@odata.etag": "\"b3394eb6d371651b9b8e3865ffd32f71\"",
            "@odata.id": "/redfish/v1/Chassis/r001u06/Sensors/PSU2_FAN0",
            "@odata.type": "#Sensor.v1_8_0.Sensor",
            "Id": "PSU2_FAN0",
            "Name": "PSU2_FAN0",
            "PhysicalContext": "PowerSupply",
            "Reading": 9104.0,
            "ReadingTime": "2024-04-08T08:49:33Z",
            "ReadingType": "Rotational",
            "ReadingUnits": "RPM",
            "RelatedItem": [
                {
                    "@odata.id": "/redfish/v1/Chassis/r001u06/PowerSubsystem/PowerSupplies/2"
                }
            ],
            "SensingInterval": "PT10S"
        },
        {
            "@odata.etag": "\"8df3fd393d4acc27e69a498ffdea0161\"",
            "@odata.id": "/redfish/v1/Chassis/r001u06/Sensors/PSU3_FAN0",
            "@odata.type": "#Sensor.v1_8_0.Sensor",
            "Id": "PSU3_FAN0",
            "Name": "PSU3_FAN0",
            "PhysicalContext": "PowerSupply",
            "Reading": 9104.0,
            "ReadingTime": "2024-04-08T08:49:33Z",
            "ReadingType": "Rotational",
            "ReadingUnits": "RPM",
            "RelatedItem": [
                {
                    "@odata.id": "/redfish/v1/Chassis/r001u06/PowerSubsystem/PowerSupplies/3"
                }
            ],
            "SensingInterval": "PT10S"
        },
        {
            "@odata.etag": "\"f8370076a6598d84c15a824ace186269\"",
            "@odata.id": "/redfish/v1/Chassis/r001u06/Sensors/AUTOFAN_ZONE_1",
            "@odata.type": "#Sensor.v1_8_0.Sensor",
            "Id": "AUTOFAN_ZONE_1",
            "Name": "AUTOFAN_ZONE_1",
            "PhysicalContext": "CoolingSubsystem",
            "Reading": 20.0,
            "ReadingTime": "2024-04-08T08:49:33Z",
            "ReadingType": "Percent",
            "ReadingUnits": "%",
            "SensingInterval": "PT10S"
        },
        {
            "@odata.etag": "\"da5fe8248b960b292e06d3b3c1494ada\"",
            "@odata.id": "/redfish/v1/Chassis/r001u06/Sensors/AUTOFAN_ZONE_2",
            "@odata.type": "#Sensor.v1_8_0.Sensor",
            "Id": "AUTOFAN_ZONE_2",
            "Name": "AUTOFAN_ZONE_2",
            "PhysicalContext": "CoolingSubsystem",
            "Reading": 32.549,
            "ReadingTime": "2024-04-08T08:49:33Z",
            "ReadingType": "Percent",
            "ReadingUnits": "%",
            "SensingInterval": "PT10S"
        }
    ],
    "Members@odata.count": 116,
    "Name": "Chassis r001u06 Sensor Collection"
}