{
  "@odata.id": "/redfish/v1/Chassis/r001u01/Assembly",
  "@odata.type": "#Assembly.v1_4_0.Assembly",
  "Assemblies": [
    {
      "@odata.id": "/redfish/v1/Chassis/r001u01/Assembly#/Assemblies/0",
      "Location": {
        "PartLocation": {
          "ServiceLabel": "rack1/chassis_u1/motherboard"
        },
        "Placement": {
          "Rack": "1",
          "RackOffset": 1,
          "RackOffsetUnits": "EIA_310"
        }
      },
      "MemberId": "0",
      "Model": "H3_MLB",
      "Name": "rack1/chassis_u1/motherboard",
      "Oem": {
        "Hpe": {
          "@odata.type": "#HpeH3Assembly.v1_0_0.HpeH3Assembly",
          "PhysicalLocationString": "rack1/chassis_u1/motherboard",
          "Physloc": "FFFF010101FFFF69"
        }
      },
      "PartNumber": "P25508_005",
      "PhysicalContext": "Board",
      "Producer": "HPE_PRMO",
      "SerialNumber": "PR12418MHJ",
      "SparePartNumber": "P64793_001",
      "Status": {
        "Conditions": [
          {
            "MessageArgs": [
              "rack1/chassis_u1/motherboard"
            ],
            "MessageId": "H3Alert.1.2.ResourceAcquitted",
            "Severity": "OK",
            "Timestamp": "2024-03-24T13:10:49Z"
          }
        ],
        "Health": "OK",
        "HealthRollup": "OK",
        "State": "Enabled"
      },
      "Version": "_0A"
    },
    {
      "@odata.id": "/redfish/v1/Chassis/r001u01/Assembly#/Assemblies/1",
      "Location": {
        "PartLocation": {
          "ServiceLabel": "rack1/chassis_u1/power_board"
        },
        "Placement": {
          "Rack": "1",
          "RackOffset": 1,
          "RackOffsetUnits": "EIA_310"
        }
      },
      "MemberId": "1",
      "Model": "H3_POWER",
      "Name": "rack1/chassis_u1/power_board",
      "Oem": {
        "Hpe": {
          "@odata.type": "#HpeH3Assembly.v1_0_0.HpeH3Assembly",
          "PhysicalLocationString": "rack1/chassis_u1/power_board",
          "Physloc": "FFFF020101FFFF69"
        }
      },
      "PartNumber": "P44809_005",
      "PhysicalContext": "Board",
      "Producer": "HPE_PRMO",
      "SerialNumber": "PR12418MFY",
      "SparePartNumber": "P64757_001",
      "Status": {
        "Conditions": [
          {
            "MessageArgs": [
              "rack1/chassis_u1/power_board"
            ],
            "MessageId": "H3Alert.1.2.ResourceAcquitted",
            "Severity": "OK",
            "Timestamp": "2024-03-24T13:10:51Z"
          }
        ],
        "Health": "OK",
        "HealthRollup": "OK",
        "State": "Enabled"
      },
      "Version": "_0A"
    },
    {
      "@odata.id": "/redfish/v1/Chassis/r001u01/Assembly#/Assemblies/2",
      "Location": {
        "PartLocation": {
          "ServiceLabel": "rack1/chassis_u1/base_io"
        },
        "Placement": {
          "Rack": "1",
          "RackOffset": 1,
          "RackOffsetUnits": "EIA_310"
        }
      },
      "MemberId": "2",
      "Model": "H3_BASEIO",
      "Name": "rack1/chassis_u1/base_io",
      "Oem": {
        "Hpe": {
          "@odata.type": "#HpeH3Assembly.v1_0_0.HpeH3Assembly",
          "PhysicalLocationString": "rack1/chassis_u1/base_io",
          "Physloc": "FFFF040101FFFF69"
        }
      },
      "PartNumber": "P43392_006",
      "PhysicalContext": "Board",
      "Producer": "HPE_PRMO",
      "SerialNumber": "PR12458Y78",
      "SparePartNumber": "P64770_001",
      "Status": {
        "Conditions": [
          {
            "MessageArgs": [
              "rack1/chassis_u1/base_io"
            ],
            "MessageId": "H3Alert.1.2.ResourceAcquitted",
            "Severity": "OK",
            "Timestamp": "2024-04-07T12:59:46Z"
          }
        ],
        "Health": "OK",
        "HealthRollup": "OK",
        "State": "Enabled"
      },
      "Version": "_0B"
    },
    {
      "@odata.id": "/redfish/v1/Chassis/r001u01/Assembly#/Assemblies/3",
      "Location": {
        "PartLocation": {
          "ServiceLabel": "rack1/chassis_u1/rtc_battery"
        },
        "Placement": {
          "Rack": "1",
          "RackOffset": 1,
          "RackOffsetUnits": "EIA_310"
        }
      },
      "MemberId": "3",
      "Model": null,
      "Name": "rack1/chassis_u1/rtc_battery",
      "Oem": {
        "Hpe": {
          "@odata.type": "#HpeH3Assembly.v1_0_0.HpeH3Assembly",
          "PhysicalLocationString": "rack1/chassis_u1/rtc_battery",
          "Physloc": "FFFFFF0101FFFF6B"
        }
      },
      "PartNumber": null,
      "PhysicalContext": "Battery",
      "Producer": null,
      "SerialNumber": null,
      "SparePartNumber": null,
      "Status": {
        "Conditions": [
          {
            "MessageArgs": [
              "rack1/chassis_u1/rtc_battery"
            ],
            "MessageId": "H3Alert.1.2.ResourceAcquitted",
            "Severity": "OK",
            "Timestamp": "2024-03-24T13:11:01Z"
          }
        ],
        "Health": "OK",
        "HealthRollup": "OK",
        "State": "Enabled"
      },
      "Version": null
    },
    {
      "@odata.id": "/redfish/v1/Chassis/r001u01/Assembly#/Assemblies/4",
      "Location": {
        "PartLocation": {
          "ServiceLabel": "rack1/chassis_u1/harp_board"
        },
        "Placement": {
          "Rack": "1",
          "RackOffset": 1,
          "RackOffsetUnits": "EIA_310"
        }
      },
      "MemberId": "4",
      "Model": "H3_HARP4",
      "Name": "rack1/chassis_u1/harp_board",
      "Oem": {
        "Hpe": {
          "@odata.type": "#HpeH3Assembly.v1_0_0.HpeH3Assembly",
          "PhysicalLocationString": "rack1/chassis_u1/harp_board",
          "Physloc": "FFFF000101FFFF69"
        }
      },
      "PartNumber": "P25510_005",
      "PhysicalContext": "Board",
      "Producer": "HPE_PRMO",
      "SerialNumber": "PR12418MQX",
      "SparePartNumber": "P64786_001",
      "Status": {
        "Conditions": [
          {
            "MessageArgs": [
              "rack1/chassis_u1/harp_board"
            ],
            "MessageId": "H3Alert.1.2.ResourceAcquitted",
            "Severity": "OK",
            "Timestamp": "2024-03-24T13:10:43Z"
          }
        ],
        "Health": "OK",
        "HealthRollup": "OK",
        "State": "Enabled"
      },
      "Version": "_0A"
    },
    {
      "@odata.id": "/redfish/v1/Chassis/r001u01/Assembly#/Assemblies/5",
      "Location": {
        "PartLocation": {
          "ServiceLabel": "rack1/chassis_u1/qsfpdd_board"
        },
        "Placement": {
          "Rack": "1",
          "RackOffset": 1,
          "RackOffsetUnits": "EIA_310"
        }
      },
      "MemberId": "5",
      "Model": "H3_QSFP_DD",
      "Name": "rack1/chassis_u1/qsfpdd_board",
      "Oem": {
        "Hpe": {
          "@odata.type": "#HpeH3Assembly.v1_0_0.HpeH3Assembly",
          "PhysicalLocationString": "rack1/chassis_u1/qsfpdd_board",
          "Physloc": "FFFF060101FFFF69"
        }
      },
      "PartNumber": "P41362_003",
      "PhysicalContext": "Board",
      "Producer": "HPE_PRMO",
      "SerialNumber": "PR12408FX0",
      "SparePartNumber": "P64786_001",
      "Status": {
        "Conditions": [
          {
            "MessageArgs": [
              "rack1/chassis_u1/qsfpdd_board"
            ],
            "MessageId": "H3Alert.1.2.ResourceAcquitted",
            "Severity": "OK",
            "Timestamp": "2024-03-24T13:10:59Z"
          }
        ],
        "Health": "OK",
        "HealthRollup": "OK",
        "State": "Enabled"
      },
      "Version": "_0B"
    },
    {
      "@odata.id": "/redfish/v1/Chassis/r001u01/Assembly#/Assemblies/6",
      "Location": {
        "PartLocation": {
          "ServiceLabel": "rack1/chassis_u1/storage_backplane1"
        },
        "Placement": {
          "Rack": "1",
          "RackOffset": 1,
          "RackOffsetUnits": "EIA_310"
        }
      },
      "MemberId": "6",
      "Model": "8 SFF 24G x4NVMe/SAS UBM6 BC BP",
      "Name": "rack1/chassis_u1/storage_backplane1",
      "Oem": {
        "Hpe": {
          "@odata.type": "#HpeH3Assembly.v1_0_0.HpeH3Assembly",
          "ConnectionType": "CPU Direct-Attach",
          "FirmwareVersion": "1.04",
          "PhysicalLocationString": "rack1/chassis_u1/storage_backplane1",
          "Physloc": "FF01050101FFFF69"
        }
      },
      "PartNumber": "P20881-002",
      "PhysicalContext": "Backplane",
      "Producer": "HPE",
      "SerialNumber": null,
      "SparePartNumber": "P39780-001",
      "Status": {
        "Conditions": [
          {
            "MessageArgs": [
              "rack1/chassis_u1/storage_backplane1"
            ],
            "MessageId": "H3Alert.1.2.ResourceAcquitted",
            "Severity": "OK",
            "Timestamp": "2024-03-24T13:11:03Z"
          }
        ],
        "Health": "OK",
        "HealthRollup": "OK",
        "State": "Enabled"
      },
      "Version": "0C"
    },
    {
      "@odata.id": "/redfish/v1/Chassis/r001u01/Assembly#/Assemblies/7",
      "Location": {
        "PartLocation": {
          "ServiceLabel": "rack1/chassis_u1/storage_backplane2"
        },
        "Placement": {
          "Rack": "1",
          "RackOffset": 1,
          "RackOffsetUnits": "EIA_310"
        }
      },
      "MemberId": "7",
      "Model": null,
      "Name": "rack1/chassis_u1/storage_backplane2",
      "Oem": {
        "Hpe": {
          "@odata.type": "#HpeH3Assembly.v1_0_0.HpeH3Assembly",
          "PhysicalLocationString": "rack1/chassis_u1/storage_backplane2",
          "Physloc": "FF02050101FFFF69"
        }
      },
      "PartNumber": null,
      "PhysicalContext": "Backplane",
      "Producer": null,
      "SerialNumber": null,
      "SparePartNumber": null,
      "Status": {
        "Health": "OK",
        "HealthRollup": "OK",
        "State": "Absent"
      },
      "Version": null
    },
    {
      "@odata.id": "/redfish/v1/Chassis/r001u01/Assembly#/Assemblies/8",
      "Location": {
        "PartLocation": {
          "ServiceLabel": "rack1/chassis_u1/storage_backplane3"
        },
        "Placement": {
          "Rack": "1",
          "RackOffset": 1,
          "RackOffsetUnits": "EIA_310"
        }
      },
      "MemberId": "8",
      "Model": "8 SFF 24G x4NVMe/SAS UBM6 BC BP",
      "Name": "rack1/chassis_u1/storage_backplane3",
      "Oem": {
        "Hpe": {
          "@odata.type": "#HpeH3Assembly.v1_0_0.HpeH3Assembly",
          "ConnectionType": "CPU Direct-Attach",
          "FirmwareVersion": "1.04",
          "PhysicalLocationString": "rack1/chassis_u1/storage_backplane3",
          "Physloc": "FF03050101FFFF69"
        }
      },
      "PartNumber": "P20881-002",
      "PhysicalContext": "Backplane",
      "Producer": "HPE",
      "SerialNumber": null,
      "SparePartNumber": "P39780-001",
      "Status": {
        "Conditions": [
          {
            "MessageArgs": [
              "rack1/chassis_u1/storage_backplane3"
            ],
            "MessageId": "H3Alert.1.2.ResourceAcquitted",
            "Severity": "OK",
            "Timestamp": "2024-03-24T13:11:05Z"
          }
        ],
        "Health": "OK",
        "HealthRollup": "OK",
        "State": "Enabled"
      },
      "Version": "0C"
    }
  ],
  "Id": "Assembly",
  "Name": "Chassis rack1/chassis_u1 Assemblies"
}
