{
  "@odata.id": "/redfish/v1/Chassis/r001u16/PowerSubsystem/PowerSupplies/0",
  "@odata.type": "#PowerSupply.v1_5_2.PowerSupply",
  "Id": "0",
  "LineInputStatus": "Normal",
  "Location": {
    "PartLocation": {
      "ServiceLabel": "rack1/chassis_u16/psu0"
    },
    "Placement": {
      "Rack": "1",
      "RackOffset": 16,
      "RackOffsetUnits": "EIA_310"
    }
  },
  "Manufacturer": "Artesyn",
  "Metrics": {
    "@odata.id": "/redfish/v1/Chassis/r001u16/PowerSubsystem/PowerSupplies/0/Metrics"
  },
  "Model": "CRPS: Common Redundant Power Supply",
  "Name": "rack1/chassis_u16/psu0",
  "Oem": {
    "Hpe": {
      "@odata.type": "#HpeH3PowerSupply.v1_0_0.HpeH3PowerSupply",
      "PhysicalLocationString": "rack1/chassis_u16/psu0",
      "Physloc": "FF01000110FFFF44"
    }
  },
  "PartNumber": "CSU2400AP-3-500",
  "SerialNumber": "R6584B001WBFZ",
  "Status": {
    "Conditions": [
      {
        "MessageArgs": [
          "rack1/chassis_u16/psu0"
        ],
        "MessageId": "H3Alert.1.2.ResourceAcquitted",
        "Severity": "OK",
        "Timestamp": "2024-03-24T15:26:16Z"
      },
      {
        "MessageArgs": [
          "rack1/chassis_u16/psu0"
        ],
        "MessageId": "H3Alert.1.2.ChassisPsOk",
        "Severity": "OK",
        "Timestamp": "2024-02-29T19:28:34Z"
      },
      {
        "MessageArgs": [
          "rack1/chassis_u16/psu0"
        ],
        "MessageId": "H3Alert.1.2.PsInputRegained",
        "Severity": "OK",
        "Timestamp": "2024-02-29T19:28:34Z"
      }
    ],
    "Health": "OK",
    "HealthRollup": "OK",
    "State": "Enabled"
  },
  "Version": "Release -0004"
}
