{
  "@odata.id": "/redfish/v1/CompositionService/ResourceBlocks/r001u01",
  "@odata.type": "#ResourceBlock.v1_4_1.ResourceBlock",
  "CompositionStatus": {
    "CompositionState": "Composed",
    "MaxCompositions": 1,
    "NumberOfCompositions": 1,
    "Reserved": true,
    "SharingCapable": false,
    "SharingEnabled": false
  },
  "ComputerSystems": [
    {
      "@odata.id": "/redfish/v1/CompositionService/ResourceBlocks/r001u01/Systems/1"
    }
  ],
  "Id": "r001u01",
  "Links": {
    "Chassis": [
      {
        "@odata.id": "/redfish/v1/Chassis/r001u01"
      }
    ],
    "ComputerSystems": [
      {
        "@odata.id": "/redfish/v1/Systems/Partition0"
      }
    ]
  },
  "Name": "Compute Resource Block rack1/chassis_u1",
  "ResourceBlockType": [
    "ComputerSystem"
  ],
  "Status": {
    "Health": "OK",
    "State": "Enabled"
  }
}
