{
  "@Redfish.WriteableProperties": [
    "LocationIndicatorActive",
    "AssetTag"
  ],
  "@odata.id": "/redfish/v1/Chassis/r001u01",
  "@odata.type": "#Chassis.v1_24_0.Chassis",
  "Assembly": {
    "@odata.id": "/redfish/v1/Chassis/r001u01/Assembly"
  },
  "AssetTag": "",
  "ChassisType": "RackMount",
  "Drives": {
    "@odata.id": "/redfish/v1/Chassis/r001u01/Drives"
  },
  "Id": "r001u01",
  "Links": {
    "ComputerSystems": [
      {
        "@odata.id": "/redfish/v1/Systems/Partition0"
      }
    ],
    "ManagedBy": [
      {
        "@odata.id": "/redfish/v1/Managers/RMC"
      }
    ],
    "ResourceBlocks": [
      {
        "@odata.id": "/redfish/v1/CompositionService/ResourceBlocks/r001u01"
      }
    ],
    "Switches": [
      {
        "@odata.id": "/redfish/v1/Fabrics/FlexGrid/Switches/r001u01_HARP0"
      },
      {
        "@odata.id": "/redfish/v1/Fabrics/FlexGrid/Switches/r001u01_HARP1"
      }
    ],
    "Switches@odata.count": 2
  },
  "Location": {
    "PartLocation": {
      "ServiceLabel": "rack1/chassis_u1"
    },
    "Placement": {
      "Rack": "1",
      "RackOffset": 1,
      "RackOffsetUnits": "EIA_310"
    }
  },
  "LocationIndicatorActive": true,
  "Manufacturer": "HPE",
  "Model": "Compute Scale-up Server 3200, 4S XNC Base Chassis",
  "Name": "rack1/chassis_u1",
  "NetworkAdapters": {
    "@odata.id": "/redfish/v1/Chassis/r001u01/NetworkAdapters"
  },
  "Oem": {
    "Hpe": {
      "@odata.type": "#HpeH3Chassis.v1_1_0.HpeH3Chassis",
      "OemChassisType": "Base",
      "PhysicalLocationString": "rack1/chassis_u1",
      "Physloc": "FFFF010101FFFF62",
      "ProcessorsCompatibilityKey": "PK8071305074901",
      "ProcessorsCompatible": true
    }
  },
  "PCIeDevices": {
    "@odata.id": "/redfish/v1/Chassis/r001u01/PCIeDevices"
  },
  "PCIeSlots": {
    "@odata.id": "/redfish/v1/Chassis/r001u01/PCIeSlots"
  },
  "PartNumber": "R9N70A",
  "PhysicalSecurity": {
    "IntrusionSensor": "Normal"
  },
  "PowerState": "On",
  "PowerSubsystem": {
    "@odata.id": "/redfish/v1/Chassis/r001u01/PowerSubsystem"
  },
  "Processors": {
    "@odata.id": "/redfish/v1/Chassis/r001u01/Processors"
  },
  "Sensors": {
    "@odata.id": "/redfish/v1/Chassis/r001u01/Sensors"
  },
  "SerialNumber": "5UF9123456",
  "Status": {
    "Conditions": [
      {
        "MessageArgs": [
          "rack1/chassis_u1"
        ],
        "MessageId": "H3Alert.1.2.ResourceAcquitted",
        "Severity": "OK",
        "Timestamp": "2024-04-07T12:59:45Z"
      },
      {
        "MessageArgs": [
          "rack1/chassis_u1"
        ],
        "MessageId": "H3Alert.1.2.HasDcdInventory",
        "Severity": "OK",
        "Timestamp": "2024-03-04T09:45:42Z"
      },
      {
        "MessageArgs": [
          "rack1/chassis_u1"
        ],
        "MessageId": "H3Alert.1.2.PowerRedundancyOk",
        "Severity": "OK",
        "Timestamp": "2024-03-24T21:57:52Z"
      },
      {
        "MessageArgs": [
          "rack1/chassis_u1"
        ],
        "MessageId": "H3Alert.1.2.FirmwareMatched",
        "Severity": "OK",
        "Timestamp": "2024-04-04T09:54:57Z"
      },
      {
        "MessageArgs": [
          "rack1/chassis_u1"
        ],
        "MessageId": "H3Alert.1.2.SiliconRootOfTrustOk",
        "Severity": "OK",
        "Timestamp": "2024-03-23T08:25:11Z"
      },
      {
        "MessageArgs": [
          "rack1/chassis_u1"
        ],
        "MessageId": "H3Alert.1.2.RecoverySiloValidationOk",
        "Severity": "OK",
        "Timestamp": "2024-02-29T19:28:30Z"
      },
      {
        "MessageArgs": [
          "rack1/chassis_u1"
        ],
        "MessageId": "H3Alert.1.2.NotBlockedByOtherDisabled",
        "Severity": "OK",
        "Timestamp": "2024-02-29T19:28:30Z"
      },
      {
        "MessageArgs": [
          "rack1/chassis_u1"
        ],
        "MessageId": "H3Alert.1.2.MgmtNetworkOk",
        "Severity": "OK",
        "Timestamp": "2024-02-29T19:28:30Z"
      },
      {
        "MessageArgs": [
          "rack1/chassis_u1"
        ],
        "MessageId": "H3Alert.1.2.MemoryConfigurationOk",
        "Severity": "OK",
        "Timestamp": "2024-02-29T19:28:30Z"
      },
      {
        "MessageArgs": [
          "rack1/chassis_u1"
        ],
        "MessageId": "H3Alert.1.2.ChassisBiosReleaseOk",
        "Severity": "OK",
        "Timestamp": "2024-03-27T00:36:25Z"
      },
      {
        "MessageArgs": [
          "rack1/chassis_u1/top_cover"
        ],
        "MessageId": "H3Alert.1.2.ChassisSecure",
        "Severity": "OK",
        "Timestamp": "2024-03-01T17:09:50Z"
      },
      {
        "MessageArgs": [
          "rack1/chassis_u1/bottom_cover"
        ],
        "MessageId": "H3Alert.1.2.ChassisSecure",
        "Severity": "OK",
        "Timestamp": "2024-02-29T19:28:30Z"
      }
    ],
    "Health": "OK",
    "HealthRollup": "Critical",
    "State": "Enabled"
  },
  "ThermalSubsystem": {
    "@odata.id": "/redfish/v1/Chassis/r001u01/ThermalSubsystem"
  },
  "TrustedComponents": {
    "@odata.id": "/redfish/v1/Chassis/r001u01/TrustedComponents"
  },
  "UUID": "fb2eba17-18e9-5652-aefb-00953463e3c0"
}
