{
  "@odata.id": "/redfish/v1/Chassis/r001u11/PowerSubsystem/PowerSupplies/3",
  "@odata.type": "#PowerSupply.v1_5_2.PowerSupply",
  "Id": "3",
  "LineInputStatus": "Normal",
  "Location": {
    "PartLocation": {
      "ServiceLabel": "rack1/chassis_u11/psu3"
    },
    "Placement": {
      "Rack": "1",
      "RackOffset": 11,
      "RackOffsetUnits": "EIA_310"
    }
  },
  "Manufacturer": "Artesyn",
  "Metrics": {
    "@odata.id": "/redfish/v1/Chassis/r001u11/PowerSubsystem/PowerSupplies/3/Metrics"
  },
  "Model": "CRPS: Common Redundant Power Supply",
  "Name": "rack1/chassis_u11/psu3",
  "Oem": {
    "Hpe": {
      "@odata.type": "#HpeH3PowerSupply.v1_0_0.HpeH3PowerSupply",
      "PhysicalLocationString": "rack1/chassis_u11/psu3",
      "Physloc": "FF0103010BFFFF44"
    }
  },
  "PartNumber": "CSU2400AP-3-500",
  "SerialNumber": "R6584B001LBFZ",
  "Status": {
    "Conditions": [
      {
        "MessageArgs": [
          "rack1/chassis_u11/psu3"
        ],
        "MessageId": "H3Alert.1.2.ResourceAcquitted",
        "Severity": "OK",
        "Timestamp": "2024-04-07T12:59:50Z"
      },
      {
        "MessageArgs": [
          "rack1/chassis_u11/psu3"
        ],
        "MessageId": "H3Alert.1.2.ChassisPsOk",
        "Severity": "OK",
        "Timestamp": "2024-02-29T19:28:32Z"
      },
      {
        "MessageArgs": [
          "rack1/chassis_u11/psu3"
        ],
        "MessageId": "H3Alert.1.2.PsInputRegained",
        "Severity": "OK",
        "Timestamp": "2024-02-29T19:28:32Z"
      }
    ],
    "Health": "OK",
    "HealthRollup": "OK",
    "State": "Enabled"
  },
  "Version": "Release -0004"
}
