{
  "@odata.id": "/redfish/v1/CompositionService/ResourceBlocks/r001u01/Systems/1/NetworkInterfaces/NetworkIfPCIeCard2",
  "@odata.type": "#NetworkInterface.v1_2_1.NetworkInterface",
  "Id": "NetworkIfPCIeCard2",
  "Links": {
    "NetworkAdapter": {
      "@odata.id": "/redfish/v1/Chassis/r001u01/NetworkAdapters/PCIeCard2"
    }
  },
  "Name": "rack1/chassis_u1/cpu0/io_slot2 Network Interface",
  "NetworkDeviceFunctions": {
    "@odata.id": "/redfish/v1/CompositionService/ResourceBlocks/r001u01/Systems/1/NetworkInterfaces/NetworkIfPCIeCard2/NetworkDeviceFunctions"
  },
  "Ports": {
    "@odata.id": "/redfish/v1/CompositionService/ResourceBlocks/r001u01/Systems/1/NetworkInterfaces/NetworkIfPCIeCard2/Ports"
  }
}
