{
  "@odata.id": "/redfish/v1/Chassis/RackGroup",
  "@odata.type": "#Chassis.v1_24_0.Chassis",
  "Actions": {
    "#Chassis.Reset": {
      "ResetType@Redfish.AllowableValues": [
        "GracefulRestart"
      ],
      "target": "/redfish/v1/Chassis/RackGroup/Actions/Chassis.Reset"
    }
  },
  "ChassisType": "RackGroup",
  "Id": "RackGroup",
  "Links": {
    "Contains": [
      {
        "@odata.id": "/redfish/v1/Chassis/Rack1"
      }
    ],
    "Contains@odata.count": 1,
    "ManagedBy": [
      {
        "@odata.id": "/redfish/v1/Managers/RMC"
      }
    ]
  },
  "Manufacturer": "HPE",
  "Model": "Compute Scale-up Server 3200",
  "Name": "5UF9123456",
  "Oem": {
    "Hpe": {
      "@odata.type": "#HpeH3RackGroup.v1_0_0.HpeH3RackGroup",
      "ProductIds": [
        "1590PID03030201"
      ]
    }
  },
  "PartNumber": "R9N70A",
  "SerialNumber": "5UF9123456",
  "Status": {
    "Conditions": [
      {
        "MessageArgs": [],
        "MessageId": "H3Alert.1.2.RmcConfigOk",
        "Severity": "OK",
        "Timestamp": "2024-02-29T19:25:42Z"
      },
      {
        "MessageArgs": [],
        "MessageId": "H3Alert.1.2.ChassisLocationConfigOk",
        "Severity": "OK",
        "Timestamp": "2024-02-29T19:25:42Z"
      }
    ],
    "Health": "OK",
    "HealthRollup": "Critical",
    "State": "Enabled"
  }
}
