{
  "@odata.id": "/redfish/v1/Chassis/r001u01/NetworkAdapters/Ocp/NetworkDeviceFunctions",
  "@odata.type": "#NetworkDeviceFunctionCollection.NetworkDeviceFunctionCollection",
  "Members": [
    {
      "@odata.id": "/redfish/v1/Chassis/r001u01/NetworkAdapters/Ocp/NetworkDeviceFunctions/OcpPort1"
    },
    {
      "@odata.id": "/redfish/v1/Chassis/r001u01/NetworkAdapters/Ocp/NetworkDeviceFunctions/OcpPort2"
    },
    {
      "@odata.id": "/redfish/v1/Chassis/r001u01/NetworkAdapters/Ocp/NetworkDeviceFunctions/OcpPort3"
    },
    {
      "@odata.id": "/redfish/v1/Chassis/r001u01/NetworkAdapters/Ocp/NetworkDeviceFunctions/OcpPort4"
    }
  ],
  "Members@odata.count": 4,
  "Name": "rack1/chassis_u1/cpu0/ocp_slot1 Network Device Function Collection"
}
