{
  "@odata.id": "/redfish/v1/Chassis/r001u16/Assembly",
  "@odata.type": "#Assembly.v1_4_0.Assembly",
  "Assemblies": [
    {
      "@odata.id": "/redfish/v1/Chassis/r001u16/Assembly#/Assemblies/0",
      "Location": {
        "PartLocation": {
          "ServiceLabel": "rack1/chassis_u16/motherboard"
        },
        "Placement": {
          "Rack": "1",
          "RackOffset": 16,
          "RackOffsetUnits": "EIA_310"
        }
      },
      "MemberId": "0",
      "Model": "H3_MLB",
      "Name": "rack1/chassis_u16/motherboard",
      "Oem": {
        "Hpe": {
          "@odata.type": "#HpeH3Assembly.v1_0_0.HpeH3Assembly",
          "PhysicalLocationString": "rack1/chassis_u16/motherboard",
          "Physloc": "FFFF010110FFFF69"
        }
      },
      "PartNumber": "P25508_005",
      "PhysicalContext": "Board",
      "Producer": "HPE_PRMO",
      "SerialNumber": "PR12418MQ9",
      "SparePartNumber": "P64793_001",
      "Status": {
        "Conditions": [
          {
            "MessageArgs": [
              "rack1/chassis_u16/motherboard"
            ],
            "MessageId": "H3Alert.1.2.ResourceAcquitted",
            "Severity": "OK",
            "Timestamp": "2024-03-24T15:26:14Z"
          }
        ],
        "Health": "OK",
        "HealthRollup": "OK",
        "State": "Enabled"
      },
      "Version": "_0A"
    },
    {
      "@odata.id": "/redfish/v1/Chassis/r001u16/Assembly#/Assemblies/1",
      "Location": {
        "PartLocation": {
          "ServiceLabel": "rack1/chassis_u16/power_board"
        },
        "Placement": {
          "Rack": "1",
          "RackOffset": 16,
          "RackOffsetUnits": "EIA_310"
        }
      },
      "MemberId": "1",
      "Model": "H3_POWER",
      "Name": "rack1/chassis_u16/power_board",
      "Oem": {
        "Hpe": {
          "@odata.type": "#HpeH3Assembly.v1_0_0.HpeH3Assembly",
          "PhysicalLocationString": "rack1/chassis_u16/power_board",
          "Physloc": "FFFF020110FFFF69"
        }
      },
      "PartNumber": "P44809_005",
      "PhysicalContext": "Board",
      "Producer": "HPE_PRMO",
      "SerialNumber": "PR12418MDX",
      "SparePartNumber": "P64757_001",
      "Status": {
        "Conditions": [
          {
            "MessageArgs": [
              "rack1/chassis_u16/power_board"
            ],
            "MessageId": "H3Alert.1.2.ResourceAcquitted",
            "Severity": "OK",
            "Timestamp": "2024-03-24T15:26:15Z"
          }
        ],
        "Health": "OK",
        "HealthRollup": "OK",
        "State": "Enabled"
      },
      "Version": "_0A"
    },
    {
      "@odata.id": "/redfish/v1/Chassis/r001u16/Assembly#/Assemblies/2",
      "Location": {
        "PartLocation": {
          "ServiceLabel": "rack1/chassis_u16/base_io"
        },
        "Placement": {
          "Rack": "1",
          "RackOffset": 16,
          "RackOffsetUnits": "EIA_310"
        }
      },
      "MemberId": "2",
      "Model": "H3_BASEIO",
      "Name": "rack1/chassis_u16/base_io",
      "Oem": {
        "Hpe": {
          "@odata.type": "#HpeH3Assembly.v1_0_0.HpeH3Assembly",
          "PhysicalLocationString": "rack1/chassis_u16/base_io",
          "Physloc": "FFFF040110FFFF69"
        }
      },
      "PartNumber": "P43392_006",
      "PhysicalContext": "Board",
      "Producer": "HPE_PRMO",
      "SerialNumber": "PR12458Y88",
      "SparePartNumber": "P64770_001",
      "Status": {
        "Conditions": [
          {
            "MessageArgs": [
              "rack1/chassis_u16/base_io"
            ],
            "MessageId": "H3Alert.1.2.ResourceAcquitted",
            "Severity": "OK",
            "Timestamp": "2024-03-24T13:33:35Z"
          }
        ],
        "Health": "OK",
        "HealthRollup": "OK",
        "State": "Enabled"
      },
      "Version": "_0B"
    },
    {
      "@odata.id": "/redfish/v1/Chassis/r001u16/Assembly#/Assemblies/3",
      "Location": {
        "PartLocation": {
          "ServiceLabel": "rack1/chassis_u16/rtc_battery"
        },
        "Placement": {
          "Rack": "1",
          "RackOffset": 16,
          "RackOffsetUnits": "EIA_310"
        }
      },
      "MemberId": "3",
      "Model": null,
      "Name": "rack1/chassis_u16/rtc_battery",
      "Oem": {
        "Hpe": {
          "@odata.type": "#HpeH3Assembly.v1_0_0.HpeH3Assembly",
          "PhysicalLocationString": "rack1/chassis_u16/rtc_battery",
          "Physloc": "FFFFFF0110FFFF6B"
        }
      },
      "PartNumber": null,
      "PhysicalContext": "Battery",
      "Producer": null,
      "SerialNumber": null,
      "SparePartNumber": null,
      "Status": {
        "Conditions": [
          {
            "MessageArgs": [
              "rack1/chassis_u16/rtc_battery"
            ],
            "MessageId": "H3Alert.1.2.ResourceAcquitted",
            "Severity": "OK",
            "Timestamp": "2024-03-24T15:26:21Z"
          }
        ],
        "Health": "OK",
        "HealthRollup": "OK",
        "State": "Enabled"
      },
      "Version": null
    },
    {
      "@odata.id": "/redfish/v1/Chassis/r001u16/Assembly#/Assemblies/4",
      "Location": {
        "PartLocation": {
          "ServiceLabel": "rack1/chassis_u16/harp_board"
        },
        "Placement": {
          "Rack": "1",
          "RackOffset": 16,
          "RackOffsetUnits": "EIA_310"
        }
      },
      "MemberId": "4",
      "Model": "H3_HARP4",
      "Name": "rack1/chassis_u16/harp_board",
      "Oem": {
        "Hpe": {
          "@odata.type": "#HpeH3Assembly.v1_0_0.HpeH3Assembly",
          "PhysicalLocationString": "rack1/chassis_u16/harp_board",
          "Physloc": "FFFF000110FFFF69"
        }
      },
      "PartNumber": "P25510_005",
      "PhysicalContext": "Board",
      "Producer": "HPE_PRMO",
      "SerialNumber": "PR12418MM4",
      "SparePartNumber": "P64786_001",
      "Status": {
        "Conditions": [
          {
            "MessageArgs": [
              "rack1/chassis_u16/harp_board"
            ],
            "MessageId": "H3Alert.1.2.ResourceAcquitted",
            "Severity": "OK",
            "Timestamp": "2024-03-24T15:26:11Z"
          }
        ],
        "Health": "OK",
        "HealthRollup": "OK",
        "State": "Enabled"
      },
      "Version": "_0A"
    },
    {
      "@odata.id": "/redfish/v1/Chassis/r001u16/Assembly#/Assemblies/5",
      "Location": {
        "PartLocation": {
          "ServiceLabel": "rack1/chassis_u16/qsfpdd_board"
        },
        "Placement": {
          "Rack": "1",
          "RackOffset": 16,
          "RackOffsetUnits": "EIA_310"
        }
      },
      "MemberId": "5",
      "Model": "H3_QSFP_DD",
      "Name": "rack1/chassis_u16/qsfpdd_board",
      "Oem": {
        "Hpe": {
          "@odata.type": "#HpeH3Assembly.v1_0_0.HpeH3Assembly",
          "PhysicalLocationString": "rack1/chassis_u16/qsfpdd_board",
          "Physloc": "FFFF060110FFFF69"
        }
      },
      "PartNumber": "P41362_003",
      "PhysicalContext": "Board",
      "Producer": "HPE_PRMO",
      "SerialNumber": "PR12408FVD",
      "SparePartNumber": "P64786_001",
      "Status": {
        "Conditions": [
          {
            "MessageArgs": [
              "rack1/chassis_u16/qsfpdd_board"
            ],
            "MessageId": "H3Alert.1.2.ResourceAcquitted",
            "Severity": "OK",
            "Timestamp": "2024-03-24T15:26:20Z"
          }
        ],
        "Health": "OK",
        "HealthRollup": "OK",
        "State": "Enabled"
      },
      "Version": "_0B"
    },
    {
      "@odata.id": "/redfish/v1/Chassis/r001u16/Assembly#/Assemblies/6",
      "Location": {
        "PartLocation": {
          "ServiceLabel": "rack1/chassis_u16/storage_backplane1"
        },
        "Placement": {
          "Rack": "1",
          "RackOffset": 16,
          "RackOffsetUnits": "EIA_310"
        }
      },
      "MemberId": "6",
      "Model": null,
      "Name": "rack1/chassis_u16/storage_backplane1",
      "Oem": {
        "Hpe": {
          "@odata.type": "#HpeH3Assembly.v1_0_0.HpeH3Assembly",
          "PhysicalLocationString": "rack1/chassis_u16/storage_backplane1",
          "Physloc": "FF01050110FFFF69"
        }
      },
      "PartNumber": null,
      "PhysicalContext": "Backplane",
      "Producer": null,
      "SerialNumber": null,
      "SparePartNumber": null,
      "Status": {
        "Health": "OK",
        "HealthRollup": "OK",
        "State": "Absent"
      },
      "Version": null
    },
    {
      "@odata.id": "/redfish/v1/Chassis/r001u16/Assembly#/Assemblies/7",
      "Location": {
        "PartLocation": {
          "ServiceLabel": "rack1/chassis_u16/storage_backplane2"
        },
        "Placement": {
          "Rack": "1",
          "RackOffset": 16,
          "RackOffsetUnits": "EIA_310"
        }
      },
      "MemberId": "7",
      "Model": null,
      "Name": "rack1/chassis_u16/storage_backplane2",
      "Oem": {
        "Hpe": {
          "@odata.type": "#HpeH3Assembly.v1_0_0.HpeH3Assembly",
          "PhysicalLocationString": "rack1/chassis_u16/storage_backplane2",
          "Physloc": "FF02050110FFFF69"
        }
      },
      "PartNumber": null,
      "PhysicalContext": "Backplane",
      "Producer": null,
      "SerialNumber": null,
      "SparePartNumber": null,
      "Status": {
        "Health": "OK",
        "HealthRollup": "OK",
        "State": "Absent"
      },
      "Version": null
    },
    {
      "@odata.id": "/redfish/v1/Chassis/r001u16/Assembly#/Assemblies/8",
      "Location": {
        "PartLocation": {
          "ServiceLabel": "rack1/chassis_u16/storage_backplane3"
        },
        "Placement": {
          "Rack": "1",
          "RackOffset": 16,
          "RackOffsetUnits": "EIA_310"
        }
      },
      "MemberId": "8",
      "Model": null,
      "Name": "rack1/chassis_u16/storage_backplane3",
      "Oem": {
        "Hpe": {
          "@odata.type": "#HpeH3Assembly.v1_0_0.HpeH3Assembly",
          "PhysicalLocationString": "rack1/chassis_u16/storage_backplane3",
          "Physloc": "FF03050110FFFF69"
        }
      },
      "PartNumber": null,
      "PhysicalContext": "Backplane",
      "Producer": null,
      "SerialNumber": null,
      "SparePartNumber": null,
      "Status": {
        "Health": "OK",
        "HealthRollup": "OK",
        "State": "Absent"
      },
      "Version": null
    }
  ],
  "Id": "Assembly",
  "Name": "Chassis rack1/chassis_u16 Assemblies"
}
