{
  "@odata.id": "/redfish/v1/Chassis/r001u16/NetworkAdapters/Rmp/Ports/UpPort",
  "@odata.type": "#Port.v1_10_0.Port",
  "Ethernet": {
    "AssociatedMACAddresses": [
      "12:40:C9:D6:CC:2D"
    ]
  },
  "Id": "UpPort",
  "LinkStatus": "LinkUp",
  "Name": "rack1/chassis_u16/up_port Port",
  "Status": {
    "Conditions": [
      {
        "MessageArgs": [
          "rack1/chassis_u16/up_port"
        ],
        "MessageId": "H3Alert.1.2.RmpLinkStatusOk",
        "Severity": "OK",
        "Timestamp": "2024-02-29T19:28:34Z"
      }
    ],
    "Health": "OK",
    "HealthRollup": "OK",
    "State": "Enabled"
  }
}
