{
  "@odata.id": "/redfish/v1/CertificateService/GenerateCSRActionInfo",
  "@odata.type": "#ActionInfo.v1_4_0.ActionInfo",
  "Id": "GenerateCSRActionInfo",
  "Name": "Generate CSR Action Info",
  "Parameters": [
    {
      "DataType": "StringArray",
      "Name": "AlternativeNames",
      "Required": false
    },
    {
      "DataType": "Object",
      "Name": "CertificateCollection",
      "ObjectDataType": "@odata.id",
      "Required": true
    },
    {
      "DataType": "String",
      "Name": "ChallengePassword",
      "Required": false
    },
    {
      "DataType": "String",
      "Name": "City",
      "Required": true
    },
    {
      "DataType": "String",
      "Name": "CommonName",
      "Required": true
    },
    {
      "DataType": "String",
      "Name": "ContactPerson",
      "Required": false
    },
    {
      "DataType": "String",
      "Name": "Country",
      "Required": true
    },
    {
      "DataType": "String",
      "Name": "Email",
      "Required": false
    },
    {
      "DataType": "String",
      "Name": "GivenName",
      "Required": false
    },
    {
      "DataType": "String",
      "Name": "Initials",
      "Required": false
    },
    {
      "DataType": "Number",
      "Name": "KeyBitLength",
      "Required": false
    },
    {
      "DataType": "String",
      "Name": "KeyCurveId",
      "Required": false
    },
    {
      "DataType": "String",
      "Name": "KeyPairAlgorithm",
      "Required": false
    },
    {
      "AllowableValues": [
        "DigitalSignature",
        "NonRepudiation",
        "KeyEncipherment",
        "DataEncipherment",
        "KeyAgreement",
        "KeyCertSign",
        "CRLSigning",
        "EncipherOnly",
        "DecipherOnly",
        "ServerAuthentication",
        "ClientAuthentication",
        "CodeSigning",
        "EmailProtection",
        "Timestamping",
        "OCSPSigning"
      ],
      "DataType": "StringArray",
      "Name": "KeyUsage",
      "Required": false
    },
    {
      "DataType": "String",
      "Name": "Organization",
      "Required": true
    },
    {
      "DataType": "String",
      "Name": "OrganizationalUnit",
      "Required": false
    },
    {
      "DataType": "String",
      "Name": "State",
      "Required": true
    },
    {
      "DataType": "String",
      "Name": "Surname",
      "Required": false
    },
    {
      "DataType": "String",
      "Name": "UnstructuredName",
      "Required": false
    }
  ]
}
