{
    "@odata.etag": "\"663d599e2c00889d9959f8ba59024823\"",
    "@odata.id": "/redfish/v1/Chassis/r001u16/Sensors",
    "@odata.type": "#SensorCollection.SensorCollection",
    "Members": [
        {
            "@odata.etag": "\"1cd892d8380cedb3b6aadd761b9cda80\"",
            "@odata.id": "/redfish/v1/Chassis/r001u16/Sensors/P0_TEMP",
            "@odata.type": "#Sensor.v1_8_0.Sensor",
            "Id": "P0_TEMP",
            "Name": "P0_TEMP",
            "PhysicalContext": "CPU",
            "Reading": null,
            "ReadingTime": "2024-04-10T05:39:02Z",
            "ReadingType": "Temperature",
            "ReadingUnits": "Cel",
            "RelatedItem": [
                {
                    "@odata.id": "/redfish/v1/CompositionService/ResourceBlocks/r001u16/Systems/1/Processors/0"
                }
            ],
            "SensingInterval": "PT10S"
        },
        {
            "@odata.etag": "\"7bdc303dbdcab1c2fb623c7dfd4cd4f7\"",
            "@odata.id": "/redfish/v1/Chassis/r001u16/Sensors/P1_TEMP",
            "@odata.type": "#Sensor.v1_8_0.Sensor",
            "Id": "P1_TEMP",
            "Name": "P1_TEMP",
            "PhysicalContext": "CPU",
            "Reading": null,
            "ReadingTime": "2024-04-10T05:39:02Z",
            "ReadingType": "Temperature",
            "ReadingUnits": "Cel",
            "RelatedItem": [
                {
                    "@odata.id": "/redfish/v1/CompositionService/ResourceBlocks/r001u16/Systems/1/Processors/1"
                }
            ],
            "SensingInterval": "PT10S"
        },
        {
            "@odata.etag": "\"38ed7a417d1b908fa728dd3991a88beb\"",
            "@odata.id": "/redfish/v1/Chassis/r001u16/Sensors/P2_TEMP",
            "@odata.type": "#Sensor.v1_8_0.Sensor",
            "Id": "P2_TEMP",
            "Name": "P2_TEMP",
            "PhysicalContext": "CPU",
            "Reading": null,
            "ReadingTime": "2024-04-10T05:39:02Z",
            "ReadingType": "Temperature",
            "ReadingUnits": "Cel",
            "RelatedItem": [
                {
                    "@odata.id": "/redfish/v1/CompositionService/ResourceBlocks/r001u16/Systems/1/Processors/2"
                }
            ],
            "SensingInterval": "PT10S"
        },
        {
            "@odata.etag": "\"25d8b3ebdc3c381d7d928ceecd1272bc\"",
            "@odata.id": "/redfish/v1/Chassis/r001u16/Sensors/P3_TEMP",
            "@odata.type": "#Sensor.v1_8_0.Sensor",
            "Id": "P3_TEMP",
            "Name": "P3_TEMP",
            "PhysicalContext": "CPU",
            "Reading": null,
            "ReadingTime": "2024-04-10T05:39:02Z",
            "ReadingType": "Temperature",
            "ReadingUnits": "Cel",
            "RelatedItem": [
                {
                    "@odata.id": "/redfish/v1/CompositionService/ResourceBlocks/r001u16/Systems/1/Processors/3"
                }
            ],
            "SensingInterval": "PT10S"
        },
        {
            "@odata.etag": "\"a4b8c82dc705ccae0242f51edc4d386e\"",
            "@odata.id": "/redfish/v1/Chassis/r001u16/Sensors/P0_THROT_OFFSET",
            "@odata.type": "#Sensor.v1_8_0.Sensor",
            "Id": "P0_THROT_OFFSET",
            "Name": "P0_THROT_OFFSET",
            "PhysicalContext": "CPU",
            "Reading": null,
            "ReadingTime": "2024-04-10T05:39:02Z",
            "ReadingType": "Temperature",
            "ReadingUnits": "Cel",
            "RelatedItem": [
                {
                    "@odata.id": "/redfish/v1/CompositionService/ResourceBlocks/r001u16/Systems/1/Processors/0"
                }
            ],
            "SensingInterval": "PT10S"
        },
        {
            "@odata.etag": "\"cbec4b5a878b6a4283aa981bbb1c13ec\"",
            "@odata.id": "/redfish/v1/Chassis/r001u16/Sensors/P1_THROT_OFFSET",
            "@odata.type": "#Sensor.v1_8_0.Sensor",
            "Id": "P1_THROT_OFFSET",
            "Name": "P1_THROT_OFFSET",
            "PhysicalContext": "CPU",
            "Reading": null,
            "ReadingTime": "2024-04-10T05:39:02Z",
            "ReadingType": "Temperature",
            "ReadingUnits": "Cel",
            "RelatedItem": [
                {
                    "@odata.id": "/redfish/v1/CompositionService/ResourceBlocks/r001u16/Systems/1/Processors/1"
                }
            ],
            "SensingInterval": "PT10S"
        },
        {
            "@odata.etag": "\"cd6afef0cb63928cc912038508180147\"",
            "@odata.id": "/redfish/v1/Chassis/r001u16/Sensors/P2_THROT_OFFSET",
            "@odata.type": "#Sensor.v1_8_0.Sensor",
            "Id": "P2_THROT_OFFSET",
            "Name": "P2_THROT_OFFSET",
            "PhysicalContext": "CPU",
            "Reading": null,
            "ReadingTime": "2024-04-10T05:39:02Z",
            "ReadingType": "Temperature",
            "ReadingUnits": "Cel",
            "RelatedItem": [
                {
                    "@odata.id": "/redfish/v1/CompositionService/ResourceBlocks/r001u16/Systems/1/Processors/2"
                }
            ],
            "SensingInterval": "PT10S"
        },
        {
            "@odata.etag": "\"48eb95aac59b84f034aa9030ddf83622\"",
            "@odata.id": "/redfish/v1/Chassis/r001u16/Sensors/P3_THROT_OFFSET",
            "@odata.type": "#Sensor.v1_8_0.Sensor",
            "Id": "P3_THROT_OFFSET",
            "Name": "P3_THROT_OFFSET",
            "PhysicalContext": "CPU",
            "Reading": null,
            "ReadingTime": "2024-04-10T05:39:02Z",
            "ReadingType": "Temperature",
            "ReadingUnits": "Cel",
            "RelatedItem": [
                {
                    "@odata.id": "/redfish/v1/CompositionService/ResourceBlocks/r001u16/Systems/1/Processors/3"
                }
            ],
            "SensingInterval": "PT10S"
        },
        {
            "@odata.etag": "\"9d5540fba4e127bb1ca3cb4830fd5e36\"",
            "@odata.id": "/redfish/v1/Chassis/r001u16/Sensors/HARP0_TEMP0",
            "@odata.type": "#Sensor.v1_8_0.Sensor",
            "Id": "HARP0_TEMP0",
            "Name": "HARP0_TEMP0",
            "PhysicalContext": "ASIC",
            "Reading": null,
            "ReadingTime": "2024-04-10T05:39:02Z",
            "ReadingType": "Temperature",
            "ReadingUnits": "Cel",
            "RelatedItem": [
                {
                    "@odata.id": "/redfish/v1/Fabrics/FlexGrid/Switches/r001u16_HARP0"
                }
            ],
            "SensingInterval": "PT10S"
        },
        {
            "@odata.etag": "\"c5c9464a37c2283bd9f30a7487b2b344\"",
            "@odata.id": "/redfish/v1/Chassis/r001u16/Sensors/HARP0_TEMP1",
            "@odata.type": "#Sensor.v1_8_0.Sensor",
            "Id": "HARP0_TEMP1",
            "Name": "HARP0_TEMP1",
            "PhysicalContext": "ASIC",
            "Reading": null,
            "ReadingTime": "2024-04-10T05:39:02Z",
            "ReadingType": "Temperature",
            "ReadingUnits": "Cel",
            "RelatedItem": [
                {
                    "@odata.id": "/redfish/v1/Fabrics/FlexGrid/Switches/r001u16_HARP0"
                }
            ],
            "SensingInterval": "PT10S"
        },
        {
            "@odata.etag": "\"fddfeab4b1c4f45872fdd762267a5ae0\"",
            "@odata.id": "/redfish/v1/Chassis/r001u16/Sensors/HARP1_TEMP0",
            "@odata.type": "#Sensor.v1_8_0.Sensor",
            "Id": "HARP1_TEMP0",
            "Name": "HARP1_TEMP0",
            "PhysicalContext": "ASIC",
            "Reading": null,
            "ReadingTime": "2024-04-10T05:39:02Z",
            "ReadingType": "Temperature",
            "ReadingUnits": "Cel",
            "RelatedItem": [
                {
                    "@odata.id": "/redfish/v1/Fabrics/FlexGrid/Switches/r001u16_HARP1"
                }
            ],
            "SensingInterval": "PT10S"
        },
        {
            "@odata.etag": "\"0c81e4897a36ab326790cdb5c774452e\"",
            "@odata.id": "/redfish/v1/Chassis/r001u16/Sensors/HARP1_TEMP1",
            "@odata.type": "#Sensor.v1_8_0.Sensor",
            "Id": "HARP1_TEMP1",
            "Name": "HARP1_TEMP1",
            "PhysicalContext": "ASIC",
            "Reading": null,
            "ReadingTime": "2024-04-10T05:39:02Z",
            "ReadingType": "Temperature",
            "ReadingUnits": "Cel",
            "RelatedItem": [
                {
                    "@odata.id": "/redfish/v1/Fabrics/FlexGrid/Switches/r001u16_HARP1"
                }
            ],
            "SensingInterval": "PT10S"
        },
        {
            "@odata.etag": "\"ecf705412b3117d1e4b27f4d59e6b82a\"",
            "@odata.id": "/redfish/v1/Chassis/r001u16/Sensors/BASEIO_TEMP1",
            "@odata.type": "#Sensor.v1_8_0.Sensor",
            "Id": "BASEIO_TEMP1",
            "Name": "BASEIO_TEMP1",
            "PhysicalContext": "Board",
            "Reading": 38.125,
            "ReadingTime": "2024-04-10T05:39:02Z",
            "ReadingType": "Temperature",
            "ReadingUnits": "Cel",
            "RelatedItem": [
                {
                    "@odata.id": "/redfish/v1/Chassis/r001u16/Assembly#/Assemblies/2"
                }
            ],
            "SensingInterval": "PT10S"
        },
        {
            "@odata.etag": "\"de7326c0c7acda5c748f8bdbcd5c20a7\"",
            "@odata.id": "/redfish/v1/Chassis/r001u16/Sensors/BASEIO_TEMP2",
            "@odata.type": "#Sensor.v1_8_0.Sensor",
            "Id": "BASEIO_TEMP2",
            "Name": "BASEIO_TEMP2",
            "PhysicalContext": "Board",
            "Reading": 37.3125,
            "ReadingTime": "2024-04-10T05:39:02Z",
            "ReadingType": "Temperature",
            "ReadingUnits": "Cel",
            "RelatedItem": [
                {
                    "@odata.id": "/redfish/v1/Chassis/r001u16/Assembly#/Assemblies/2"
                }
            ],
            "SensingInterval": "PT10S"
        },
        {
            "@odata.etag": "\"3b886e8453e3ba60cd9b3d9dcc5a5c7e\"",
            "@odata.id": "/redfish/v1/Chassis/r001u16/Sensors/FP_INLET",
            "@odata.type": "#Sensor.v1_8_0.Sensor",
            "Id": "FP_INLET",
            "Name": "FP_INLET",
            "PhysicalContext": "Front",
            "Reading": 24.125,
            "ReadingTime": "2024-04-10T05:39:02Z",
            "ReadingType": "Temperature",
            "ReadingUnits": "Cel",
            "SensingInterval": "PT10S"
        },
        {
            "@odata.etag": "\"154c5eba5781a5828d5abccbc305685b\"",
            "@odata.id": "/redfish/v1/Chassis/r001u16/Sensors/MLB_INLET",
            "@odata.type": "#Sensor.v1_8_0.Sensor",
            "Id": "MLB_INLET",
            "Name": "MLB_INLET",
            "PhysicalContext": "Board",
            "Reading": 26.8125,
            "ReadingTime": "2024-04-10T05:39:02Z",
            "ReadingType": "Temperature",
            "ReadingUnits": "Cel",
            "RelatedItem": [
                {
                    "@odata.id": "/redfish/v1/Chassis/r001u16/Assembly#/Assemblies/0"
                }
            ],
            "SensingInterval": "PT10S"
        },
        {
            "@odata.etag": "\"83c3f8aea3e859d7a1ae5005d6557348\"",
            "@odata.id": "/redfish/v1/Chassis/r001u16/Sensors/MLB_OUTLET",
            "@odata.type": "#Sensor.v1_8_0.Sensor",
            "Id": "MLB_OUTLET",
            "Name": "MLB_OUTLET",
            "PhysicalContext": "Board",
            "Reading": 32.625,
            "ReadingTime": "2024-04-10T05:39:02Z",
            "ReadingType": "Temperature",
            "ReadingUnits": "Cel",
            "RelatedItem": [
                {
                    "@odata.id": "/redfish/v1/Chassis/r001u16/Assembly#/Assemblies/0"
                }
            ],
            "SensingInterval": "PT10S"
        },
        {
            "@odata.etag": "\"8efa5666e5d8d1b6b5ed58cf003d81d0\"",
            "@odata.id": "/redfish/v1/Chassis/r001u16/Sensors/CPU0_INLET",
            "@odata.type": "#Sensor.v1_8_0.Sensor",
            "Id": "CPU0_INLET",
            "Name": "CPU0_INLET",
            "PhysicalContext": "Board",
            "Reading": 28.5,
            "ReadingTime": "2024-04-10T05:39:02Z",
            "ReadingType": "Temperature",
            "ReadingUnits": "Cel",
            "RelatedItem": [
                {
                    "@odata.id": "/redfish/v1/Chassis/r001u16/Assembly#/Assemblies/0"
                }
            ],
            "SensingInterval": "PT10S"
        },
        {
            "@odata.etag": "\"632aa2bc85a2c15e5ceedfb3136d38d5\"",
            "@odata.id": "/redfish/v1/Chassis/r001u16/Sensors/CPU2_INLET",
            "@odata.type": "#Sensor.v1_8_0.Sensor",
            "Id": "CPU2_INLET",
            "Name": "CPU2_INLET",
            "PhysicalContext": "Board",
            "Reading": 28.75,
            "ReadingTime": "2024-04-10T05:39:02Z",
            "ReadingType": "Temperature",
            "ReadingUnits": "Cel",
            "RelatedItem": [
                {
                    "@odata.id": "/redfish/v1/Chassis/r001u16/Assembly#/Assemblies/0"
                }
            ],
            "SensingInterval": "PT10S"
        },
        {
            "@odata.etag": "\"e713fd7b426c6aa010909351137e16a4\"",
            "@odata.id": "/redfish/v1/Chassis/r001u16/Sensors/HARP0_INLET",
            "@odata.type": "#Sensor.v1_8_0.Sensor",
            "Id": "HARP0_INLET",
            "Name": "HARP0_INLET",
            "PhysicalContext": "ASIC",
            "Reading": 27.25,
            "ReadingTime": "2024-04-10T05:39:02Z",
            "ReadingType": "Temperature",
            "ReadingUnits": "Cel",
            "RelatedItem": [
                {
                    "@odata.id": "/redfish/v1/Fabrics/FlexGrid/Switches/r001u16_HARP0"
                }
            ],
            "SensingInterval": "PT10S"
        },
        {
            "@odata.etag": "\"f25f92e0e5cf044fd811ae74a808ce55\"",
            "@odata.id": "/redfish/v1/Chassis/r001u16/Sensors/HARP0_OUTLET",
            "@odata.type": "#Sensor.v1_8_0.Sensor",
            "Id": "HARP0_OUTLET",
            "Name": "HARP0_OUTLET",
            "PhysicalContext": "ASIC",
            "Reading": 27.3125,
            "ReadingTime": "2024-04-10T05:39:02Z",
            "ReadingType": "Temperature",
            "ReadingUnits": "Cel",
            "RelatedItem": [
                {
                    "@odata.id": "/redfish/v1/Fabrics/FlexGrid/Switches/r001u16_HARP0"
                }
            ],
            "SensingInterval": "PT10S"
        },
        {
            "@odata.etag": "\"42aa63e46eb22a97582f7fe494aff85b\"",
            "@odata.id": "/redfish/v1/Chassis/r001u16/Sensors/HARP1_INLET",
            "@odata.type": "#Sensor.v1_8_0.Sensor",
            "Id": "HARP1_INLET",
            "Name": "HARP1_INLET",
            "PhysicalContext": "ASIC",
            "Reading": 26.5625,
            "ReadingTime": "2024-04-10T05:39:02Z",
            "ReadingType": "Temperature",
            "ReadingUnits": "Cel",
            "RelatedItem": [
                {
                    "@odata.id": "/redfish/v1/Fabrics/FlexGrid/Switches/r001u16_HARP1"
                }
            ],
            "SensingInterval": "PT10S"
        },
        {
            "@odata.etag": "\"19dbc3fa30e016b78174cd1f39d01f2f\"",
            "@odata.id": "/redfish/v1/Chassis/r001u16/Sensors/HARP1_OUTLET",
            "@odata.type": "#Sensor.v1_8_0.Sensor",
            "Id": "HARP1_OUTLET",
            "Name": "HARP1_OUTLET",
            "PhysicalContext": "ASIC",
            "Reading": 26.75,
            "ReadingTime": "2024-04-10T05:39:02Z",
            "ReadingType": "Temperature",
            "ReadingUnits": "Cel",
            "RelatedItem": [
                {
                    "@odata.id": "/redfish/v1/Fabrics/FlexGrid/Switches/r001u16_HARP1"
                }
            ],
            "SensingInterval": "PT10S"
        },
        {
            "@odata.etag": "\"14638f974cf20fee3d43f9c3e71bcdb0\"",
            "@odata.id": "/redfish/v1/Chassis/r001u16/Sensors/PWRB_TEMP1",
            "@odata.type": "#Sensor.v1_8_0.Sensor",
            "Id": "PWRB_TEMP1",
            "Name": "PWRB_TEMP1",
            "PhysicalContext": "Board",
            "Reading": 30.125,
            "ReadingTime": "2024-04-10T05:39:02Z",
            "ReadingType": "Temperature",
            "ReadingUnits": "Cel",
            "RelatedItem": [
                {
                    "@odata.id": "/redfish/v1/Chassis/r001u16/Assembly#/Assemblies/1"
                }
            ],
            "SensingInterval": "PT10S"
        },
        {
            "@odata.etag": "\"43d78816e66b42a7f9b05c7dbec104c1\"",
            "@odata.id": "/redfish/v1/Chassis/r001u16/Sensors/PWRB_TEMP2",
            "@odata.type": "#Sensor.v1_8_0.Sensor",
            "Id": "PWRB_TEMP2",
            "Name": "PWRB_TEMP2",
            "PhysicalContext": "Board",
            "Reading": 29.3125,
            "ReadingTime": "2024-04-10T05:39:02Z",
            "ReadingType": "Temperature",
            "ReadingUnits": "Cel",
            "RelatedItem": [
                {
                    "@odata.id": "/redfish/v1/Chassis/r001u16/Assembly#/Assemblies/1"
                }
            ],
            "SensingInterval": "PT10S"
        },
        {
            "@odata.etag": "\"ba745abfeae44b627839a76e62870d5c\"",
            "@odata.id": "/redfish/v1/Chassis/r001u16/Sensors/PWRB_TEMP3",
            "@odata.type": "#Sensor.v1_8_0.Sensor",
            "Id": "PWRB_TEMP3",
            "Name": "PWRB_TEMP3",
            "PhysicalContext": "Board",
            "Reading": 27.3125,
            "ReadingTime": "2024-04-10T05:39:02Z",
            "ReadingType": "Temperature",
            "ReadingUnits": "Cel",
            "RelatedItem": [
                {
                    "@odata.id": "/redfish/v1/Chassis/r001u16/Assembly#/Assemblies/1"
                }
            ],
            "SensingInterval": "PT10S"
        },
        {
            "@odata.etag": "\"ac998e4bf0d9eda2c47590cacf38ef1c\"",
            "@odata.id": "/redfish/v1/Chassis/r001u16/Sensors/PWRB_TEMP4",
            "@odata.type": "#Sensor.v1_8_0.Sensor",
            "Id": "PWRB_TEMP4",
            "Name": "PWRB_TEMP4",
            "PhysicalContext": "Board",
            "Reading": 27.1875,
            "ReadingTime": "2024-04-10T05:39:02Z",
            "ReadingType": "Temperature",
            "ReadingUnits": "Cel",
            "RelatedItem": [
                {
                    "@odata.id": "/redfish/v1/Chassis/r001u16/Assembly#/Assemblies/1"
                }
            ],
            "SensingInterval": "PT10S"
        },
        {
            "@odata.etag": "\"644550d10959a1932f4a1ab48113d369\"",
            "@odata.id": "/redfish/v1/Chassis/r001u16/Sensors/P0-DIMMA0",
            "@odata.type": "#Sensor.v1_8_0.Sensor",
            "Id": "P0-DIMMA0",
            "Name": "P0-DIMMA0",
            "PhysicalContext": "Memory",
            "Reading": null,
            "ReadingTime": "2024-04-10T05:39:02Z",
            "ReadingType": "Temperature",
            "ReadingUnits": "Cel",
            "RelatedItem": [
                {
                    "@odata.id": "/redfish/v1/CompositionService/ResourceBlocks/r001u16/Systems/1/Memory/0000000110000074"
                }
            ],
            "SensingInterval": "PT10S"
        },
        {
            "@odata.etag": "\"acf26bf8f3d94911103b5c900d425d2d\"",
            "@odata.id": "/redfish/v1/Chassis/r001u16/Sensors/P0-DIMMA1",
            "@odata.type": "#Sensor.v1_8_0.Sensor",
            "Id": "P0-DIMMA1",
            "Name": "P0-DIMMA1",
            "PhysicalContext": "Memory",
            "Reading": null,
            "ReadingTime": "2024-04-10T05:39:02Z",
            "ReadingType": "Temperature",
            "ReadingUnits": "Cel",
            "RelatedItem": [
                {
                    "@odata.id": "/redfish/v1/CompositionService/ResourceBlocks/r001u16/Systems/1/Memory/0100000110000074"
                }
            ],
            "SensingInterval": "PT10S"
        },
        {
            "@odata.etag": "\"948e5793d6adc39ca635ea04bd185a00\"",
            "@odata.id": "/redfish/v1/Chassis/r001u16/Sensors/P0-DIMMB0",
            "@odata.type": "#Sensor.v1_8_0.Sensor",
            "Id": "P0-DIMMB0",
            "Name": "P0-DIMMB0",
            "PhysicalContext": "Memory",
            "Reading": null,
            "ReadingTime": "2024-04-10T05:39:02Z",
            "ReadingType": "Temperature",
            "ReadingUnits": "Cel",
            "RelatedItem": [
                {
                    "@odata.id": "/redfish/v1/CompositionService/ResourceBlocks/r001u16/Systems/1/Memory/0001000110000074"
                }
            ],
            "SensingInterval": "PT10S"
        },
        {
            "@odata.etag": "\"3e6f5c8b68f4a851d524d59c2c8cf0a0\"",
            "@odata.id": "/redfish/v1/Chassis/r001u16/Sensors/P0-DIMMB1",
            "@odata.type": "#Sensor.v1_8_0.Sensor",
            "Id": "P0-DIMMB1",
            "Name": "P0-DIMMB1",
            "PhysicalContext": "Memory",
            "Reading": null,
            "ReadingTime": "2024-04-10T05:39:02Z",
            "ReadingType": "Temperature",
            "ReadingUnits": "Cel",
            "RelatedItem": [
                {
                    "@odata.id": "/redfish/v1/CompositionService/ResourceBlocks/r001u16/Systems/1/Memory/0101000110000074"
                }
            ],
            "SensingInterval": "PT10S"
        },
        {
            "@odata.etag": "\"9626e1bfdf732608d24b057f7d215c9e\"",
            "@odata.id": "/redfish/v1/Chassis/r001u16/Sensors/P0-DIMMC0",
            "@odata.type": "#Sensor.v1_8_0.Sensor",
            "Id": "P0-DIMMC0",
            "Name": "P0-DIMMC0",
            "PhysicalContext": "Memory",
            "Reading": null,
            "ReadingTime": "2024-04-10T05:39:02Z",
            "ReadingType": "Temperature",
            "ReadingUnits": "Cel",
            "RelatedItem": [
                {
                    "@odata.id": "/redfish/v1/CompositionService/ResourceBlocks/r001u16/Systems/1/Memory/0002010110000074"
                }
            ],
            "SensingInterval": "PT10S"
        },
        {
            "@odata.etag": "\"478e6d7d81c180fb3e50d05e0284a7f4\"",
            "@odata.id": "/redfish/v1/Chassis/r001u16/Sensors/P0-DIMMC1",
            "@odata.type": "#Sensor.v1_8_0.Sensor",
            "Id": "P0-DIMMC1",
            "Name": "P0-DIMMC1",
            "PhysicalContext": "Memory",
            "Reading": null,
            "ReadingTime": "2024-04-10T05:39:02Z",
            "ReadingType": "Temperature",
            "ReadingUnits": "Cel",
            "RelatedItem": [
                {
                    "@odata.id": "/redfish/v1/CompositionService/ResourceBlocks/r001u16/Systems/1/Memory/0102010110000074"
                }
            ],
            "SensingInterval": "PT10S"
        },
        {
            "@odata.etag": "\"d0f6e5802fff3398d6d1ba6188046389\"",
            "@odata.id": "/redfish/v1/Chassis/r001u16/Sensors/P0-DIMMD0",
            "@odata.type": "#Sensor.v1_8_0.Sensor",
            "Id": "P0-DIMMD0",
            "Name": "P0-DIMMD0",
            "PhysicalContext": "Memory",
            "Reading": null,
            "ReadingTime": "2024-04-10T05:39:02Z",
            "ReadingType": "Temperature",
            "ReadingUnits": "Cel",
            "RelatedItem": [
                {
                    "@odata.id": "/redfish/v1/CompositionService/ResourceBlocks/r001u16/Systems/1/Memory/0003010110000074"
                }
            ],
            "SensingInterval": "PT10S"
        },
        {
            "@odata.etag": "\"6eda922a86f4beb4ecc304f526881d22\"",
            "@odata.id": "/redfish/v1/Chassis/r001u16/Sensors/P0-DIMMD1",
            "@odata.type": "#Sensor.v1_8_0.Sensor",
            "Id": "P0-DIMMD1",
            "Name": "P0-DIMMD1",
            "PhysicalContext": "Memory",
            "Reading": null,
            "ReadingTime": "2024-04-10T05:39:02Z",
            "ReadingType": "Temperature",
            "ReadingUnits": "Cel",
            "RelatedItem": [
                {
                    "@odata.id": "/redfish/v1/CompositionService/ResourceBlocks/r001u16/Systems/1/Memory/0103010110000074"
                }
            ],
            "SensingInterval": "PT10S"
        },
        {
            "@odata.etag": "\"1b6e6efaa68d71c79f41254b459db313\"",
            "@odata.id": "/redfish/v1/Chassis/r001u16/Sensors/P0-DIMME0",
            "@odata.type": "#Sensor.v1_8_0.Sensor",
            "Id": "P0-DIMME0",
            "Name": "P0-DIMME0",
            "PhysicalContext": "Memory",
            "Reading": null,
            "ReadingTime": "2024-04-10T05:39:02Z",
            "ReadingType": "Temperature",
            "ReadingUnits": "Cel",
            "RelatedItem": [
                {
                    "@odata.id": "/redfish/v1/CompositionService/ResourceBlocks/r001u16/Systems/1/Memory/0004020110000074"
                }
            ],
            "SensingInterval": "PT10S"
        },
        {
            "@odata.etag": "\"a36a5af3f99ee0ca4e4d41f593b58eb1\"",
            "@odata.id": "/redfish/v1/Chassis/r001u16/Sensors/P0-DIMME1",
            "@odata.type": "#Sensor.v1_8_0.Sensor",
            "Id": "P0-DIMME1",
            "Name": "P0-DIMME1",
            "PhysicalContext": "Memory",
            "Reading": null,
            "ReadingTime": "2024-04-10T05:39:02Z",
            "ReadingType": "Temperature",
            "ReadingUnits": "Cel",
            "RelatedItem": [
                {
                    "@odata.id": "/redfish/v1/CompositionService/ResourceBlocks/r001u16/Systems/1/Memory/0104020110000074"
                }
            ],
            "SensingInterval": "PT10S"
        },
        {
            "@odata.etag": "\"2f78b628395e5ac6c9274e8a2b60b6ef\"",
            "@odata.id": "/redfish/v1/Chassis/r001u16/Sensors/P0-DIMMF0",
            "@odata.type": "#Sensor.v1_8_0.Sensor",
            "Id": "P0-DIMMF0",
            "Name": "P0-DIMMF0",
            "PhysicalContext": "Memory",
            "Reading": null,
            "ReadingTime": "2024-04-10T05:39:02Z",
            "ReadingType": "Temperature",
            "ReadingUnits": "Cel",
            "RelatedItem": [
                {
                    "@odata.id": "/redfish/v1/CompositionService/ResourceBlocks/r001u16/Systems/1/Memory/0005020110000074"
                }
            ],
            "SensingInterval": "PT10S"
        },
        {
            "@odata.etag": "\"deab9195cba45358f2e48fde29fc4ea8\"",
            "@odata.id": "/redfish/v1/Chassis/r001u16/Sensors/P0-DIMMF1",
            "@odata.type": "#Sensor.v1_8_0.Sensor",
            "Id": "P0-DIMMF1",
            "Name": "P0-DIMMF1",
            "PhysicalContext": "Memory",
            "Reading": null,
            "ReadingTime": "2024-04-10T05:39:02Z",
            "ReadingType": "Temperature",
            "ReadingUnits": "Cel",
            "RelatedItem": [
                {
                    "@odata.id": "/redfish/v1/CompositionService/ResourceBlocks/r001u16/Systems/1/Memory/0105020110000074"
                }
            ],
            "SensingInterval": "PT10S"
        },
        {
            "@odata.etag": "\"671db768ae33b5e2dc5eb14f2c8d3679\"",
            "@odata.id": "/redfish/v1/Chassis/r001u16/Sensors/P0-DIMMG0",
            "@odata.type": "#Sensor.v1_8_0.Sensor",
            "Id": "P0-DIMMG0",
            "Name": "P0-DIMMG0",
            "PhysicalContext": "Memory",
            "Reading": null,
            "ReadingTime": "2024-04-10T05:39:02Z",
            "ReadingType": "Temperature",
            "ReadingUnits": "Cel",
            "RelatedItem": [
                {
                    "@odata.id": "/redfish/v1/CompositionService/ResourceBlocks/r001u16/Systems/1/Memory/0006030110000074"
                }
            ],
            "SensingInterval": "PT10S"
        },
        {
            "@odata.etag": "\"4abc781baf60b9a4f8c1351c8c4eff7c\"",
            "@odata.id": "/redfish/v1/Chassis/r001u16/Sensors/P0-DIMMG1",
            "@odata.type": "#Sensor.v1_8_0.Sensor",
            "Id": "P0-DIMMG1",
            "Name": "P0-DIMMG1",
            "PhysicalContext": "Memory",
            "Reading": null,
            "ReadingTime": "2024-04-10T05:39:02Z",
            "ReadingType": "Temperature",
            "ReadingUnits": "Cel",
            "RelatedItem": [
                {
                    "@odata.id": "/redfish/v1/CompositionService/ResourceBlocks/r001u16/Systems/1/Memory/0106030110000074"
                }
            ],
            "SensingInterval": "PT10S"
        },
        {
            "@odata.etag": "\"7a62f2503ffef3cbb0b4d929e77b7004\"",
            "@odata.id": "/redfish/v1/Chassis/r001u16/Sensors/P0-DIMMH0",
            "@odata.type": "#Sensor.v1_8_0.Sensor",
            "Id": "P0-DIMMH0",
            "Name": "P0-DIMMH0",
            "PhysicalContext": "Memory",
            "Reading": null,
            "ReadingTime": "2024-04-10T05:39:02Z",
            "ReadingType": "Temperature",
            "ReadingUnits": "Cel",
            "RelatedItem": [
                {
                    "@odata.id": "/redfish/v1/CompositionService/ResourceBlocks/r001u16/Systems/1/Memory/0007030110000074"
                }
            ],
            "SensingInterval": "PT10S"
        },
        {
            "@odata.etag": "\"2d4783742c8fbab88db67a8f6e482c56\"",
            "@odata.id": "/redfish/v1/Chassis/r001u16/Sensors/P0-DIMMH1",
            "@odata.type": "#Sensor.v1_8_0.Sensor",
            "Id": "P0-DIMMH1",
            "Name": "P0-DIMMH1",
            "PhysicalContext": "Memory",
            "Reading": null,
            "ReadingTime": "2024-04-10T05:39:02Z",
            "ReadingType": "Temperature",
            "ReadingUnits": "Cel",
            "RelatedItem": [
                {
                    "@odata.id": "/redfish/v1/CompositionService/ResourceBlocks/r001u16/Systems/1/Memory/0107030110000074"
                }
            ],
            "SensingInterval": "PT10S"
        },
        {
            "@odata.etag": "\"264fb65b9601dd42b182944da68898c4\"",
            "@odata.id": "/redfish/v1/Chassis/r001u16/Sensors/P1-DIMMA0",
            "@odata.type": "#Sensor.v1_8_0.Sensor",
            "Id": "P1-DIMMA0",
            "Name": "P1-DIMMA0",
            "PhysicalContext": "Memory",
            "Reading": null,
            "ReadingTime": "2024-04-10T05:39:02Z",
            "ReadingType": "Temperature",
            "ReadingUnits": "Cel",
            "RelatedItem": [
                {
                    "@odata.id": "/redfish/v1/CompositionService/ResourceBlocks/r001u16/Systems/1/Memory/0000000110010074"
                }
            ],
            "SensingInterval": "PT10S"
        },
        {
            "@odata.etag": "\"206a2ae9dd44d35e5ccd12cad1846d0c\"",
            "@odata.id": "/redfish/v1/Chassis/r001u16/Sensors/P1-DIMMA1",
            "@odata.type": "#Sensor.v1_8_0.Sensor",
            "Id": "P1-DIMMA1",
            "Name": "P1-DIMMA1",
            "PhysicalContext": "Memory",
            "Reading": null,
            "ReadingTime": "2024-04-10T05:39:02Z",
            "ReadingType": "Temperature",
            "ReadingUnits": "Cel",
            "RelatedItem": [
                {
                    "@odata.id": "/redfish/v1/CompositionService/ResourceBlocks/r001u16/Systems/1/Memory/0100000110010074"
                }
            ],
            "SensingInterval": "PT10S"
        },
        {
            "@odata.etag": "\"9c009d845a4e5fa81db9eede08e43987\"",
            "@odata.id": "/redfish/v1/Chassis/r001u16/Sensors/P1-DIMMB0",
            "@odata.type": "#Sensor.v1_8_0.Sensor",
            "Id": "P1-DIMMB0",
            "Name": "P1-DIMMB0",
            "PhysicalContext": "Memory",
            "Reading": null,
            "ReadingTime": "2024-04-10T05:39:02Z",
            "ReadingType": "Temperature",
            "ReadingUnits": "Cel",
            "RelatedItem": [
                {
                    "@odata.id": "/redfish/v1/CompositionService/ResourceBlocks/r001u16/Systems/1/Memory/0001000110010074"
                }
            ],
            "SensingInterval": "PT10S"
        },
        {
            "@odata.etag": "\"4b83b8ab8d86d96d6b1870a00dd5d0da\"",
            "@odata.id": "/redfish/v1/Chassis/r001u16/Sensors/P1-DIMMB1",
            "@odata.type": "#Sensor.v1_8_0.Sensor",
            "Id": "P1-DIMMB1",
            "Name": "P1-DIMMB1",
            "PhysicalContext": "Memory",
            "Reading": null,
            "ReadingTime": "2024-04-10T05:39:02Z",
            "ReadingType": "Temperature",
            "ReadingUnits": "Cel",
            "RelatedItem": [
                {
                    "@odata.id": "/redfish/v1/CompositionService/ResourceBlocks/r001u16/Systems/1/Memory/0101000110010074"
                }
            ],
            "SensingInterval": "PT10S"
        },
        {
            "@odata.etag": "\"0232ae101472dae86ac02b7e241b53b5\"",
            "@odata.id": "/redfish/v1/Chassis/r001u16/Sensors/P1-DIMMC0",
            "@odata.type": "#Sensor.v1_8_0.Sensor",
            "Id": "P1-DIMMC0",
            "Name": "P1-DIMMC0",
            "PhysicalContext": "Memory",
            "Reading": null,
            "ReadingTime": "2024-04-10T05:39:02Z",
            "ReadingType": "Temperature",
            "ReadingUnits": "Cel",
            "RelatedItem": [
                {
                    "@odata.id": "/redfish/v1/CompositionService/ResourceBlocks/r001u16/Systems/1/Memory/0002010110010074"
                }
            ],
            "SensingInterval": "PT10S"
        },
        {
            "@odata.etag": "\"fe054d583a034301134e287e05ff5bc4\"",
            "@odata.id": "/redfish/v1/Chassis/r001u16/Sensors/P1-DIMMC1",
            "@odata.type": "#Sensor.v1_8_0.Sensor",
            "Id": "P1-DIMMC1",
            "Name": "P1-DIMMC1",
            "PhysicalContext": "Memory",
            "Reading": null,
            "ReadingTime": "2024-04-10T05:39:02Z",
            "ReadingType": "Temperature",
            "ReadingUnits": "Cel",
            "RelatedItem": [
                {
                    "@odata.id": "/redfish/v1/CompositionService/ResourceBlocks/r001u16/Systems/1/Memory/0102010110010074"
                }
            ],
            "SensingInterval": "PT10S"
        },
        {
            "@odata.etag": "\"182ee3d0c4fd112c300f9dc39ceba906\"",
            "@odata.id": "/redfish/v1/Chassis/r001u16/Sensors/P1-DIMMD0",
            "@odata.type": "#Sensor.v1_8_0.Sensor",
            "Id": "P1-DIMMD0",
            "Name": "P1-DIMMD0",
            "PhysicalContext": "Memory",
            "Reading": null,
            "ReadingTime": "2024-04-10T05:39:02Z",
            "ReadingType": "Temperature",
            "ReadingUnits": "Cel",
            "RelatedItem": [
                {
                    "@odata.id": "/redfish/v1/CompositionService/ResourceBlocks/r001u16/Systems/1/Memory/0003010110010074"
                }
            ],
            "SensingInterval": "PT10S"
        },
        {
            "@odata.etag": "\"c02936bce154b6a0ac231f7c69d01a09\"",
            "@odata.id": "/redfish/v1/Chassis/r001u16/Sensors/P1-DIMMD1",
            "@odata.type": "#Sensor.v1_8_0.Sensor",
            "Id": "P1-DIMMD1",
            "Name": "P1-DIMMD1",
            "PhysicalContext": "Memory",
            "Reading": null,
            "ReadingTime": "2024-04-10T05:39:02Z",
            "ReadingType": "Temperature",
            "ReadingUnits": "Cel",
            "RelatedItem": [
                {
                    "@odata.id": "/redfish/v1/CompositionService/ResourceBlocks/r001u16/Systems/1/Memory/0103010110010074"
                }
            ],
            "SensingInterval": "PT10S"
        },
        {
            "@odata.etag": "\"d257622cdfa8f98f2aede3c43d394cbd\"",
            "@odata.id": "/redfish/v1/Chassis/r001u16/Sensors/P1-DIMME0",
            "@odata.type": "#Sensor.v1_8_0.Sensor",
            "Id": "P1-DIMME0",
            "Name": "P1-DIMME0",
            "PhysicalContext": "Memory",
            "Reading": null,
            "ReadingTime": "2024-04-10T05:39:02Z",
            "ReadingType": "Temperature",
            "ReadingUnits": "Cel",
            "RelatedItem": [
                {
                    "@odata.id": "/redfish/v1/CompositionService/ResourceBlocks/r001u16/Systems/1/Memory/0004020110010074"
                }
            ],
            "SensingInterval": "PT10S"
        },
        {
            "@odata.etag": "\"f3f274d39d6cd2fe6dd6a9ca5bceabec\"",
            "@odata.id": "/redfish/v1/Chassis/r001u16/Sensors/P1-DIMME1",
            "@odata.type": "#Sensor.v1_8_0.Sensor",
            "Id": "P1-DIMME1",
            "Name": "P1-DIMME1",
            "PhysicalContext": "Memory",
            "Reading": null,
            "ReadingTime": "2024-04-10T05:39:02Z",
            "ReadingType": "Temperature",
            "ReadingUnits": "Cel",
            "RelatedItem": [
                {
                    "@odata.id": "/redfish/v1/CompositionService/ResourceBlocks/r001u16/Systems/1/Memory/0104020110010074"
                }
            ],
            "SensingInterval": "PT10S"
        },
        {
            "@odata.etag": "\"2dcda2a6ff2c63d1a3fe3ff99490106e\"",
            "@odata.id": "/redfish/v1/Chassis/r001u16/Sensors/P1-DIMMF0",
            "@odata.type": "#Sensor.v1_8_0.Sensor",
            "Id": "P1-DIMMF0",
            "Name": "P1-DIMMF0",
            "PhysicalContext": "Memory",
            "Reading": null,
            "ReadingTime": "2024-04-10T05:39:02Z",
            "ReadingType": "Temperature",
            "ReadingUnits": "Cel",
            "RelatedItem": [
                {
                    "@odata.id": "/redfish/v1/CompositionService/ResourceBlocks/r001u16/Systems/1/Memory/0005020110010074"
                }
            ],
            "SensingInterval": "PT10S"
        },
        {
            "@odata.etag": "\"5c08e006d953ff829601b050c7974eb8\"",
            "@odata.id": "/redfish/v1/Chassis/r001u16/Sensors/P1-DIMMF1",
            "@odata.type": "#Sensor.v1_8_0.Sensor",
            "Id": "P1-DIMMF1",
            "Name": "P1-DIMMF1",
            "PhysicalContext": "Memory",
            "Reading": null,
            "ReadingTime": "2024-04-10T05:39:02Z",
            "ReadingType": "Temperature",
            "ReadingUnits": "Cel",
            "RelatedItem": [
                {
                    "@odata.id": "/redfish/v1/CompositionService/ResourceBlocks/r001u16/Systems/1/Memory/0105020110010074"
                }
            ],
            "SensingInterval": "PT10S"
        },
        {
            "@odata.etag": "\"b8844028a699504151e5c6a860b4886d\"",
            "@odata.id": "/redfish/v1/Chassis/r001u16/Sensors/P1-DIMMG0",
            "@odata.type": "#Sensor.v1_8_0.Sensor",
            "Id": "P1-DIMMG0",
            "Name": "P1-DIMMG0",
            "PhysicalContext": "Memory",
            "Reading": null,
            "ReadingTime": "2024-04-10T05:39:02Z",
            "ReadingType": "Temperature",
            "ReadingUnits": "Cel",
            "RelatedItem": [
                {
                    "@odata.id": "/redfish/v1/CompositionService/ResourceBlocks/r001u16/Systems/1/Memory/0006030110010074"
                }
            ],
            "SensingInterval": "PT10S"
        },
        {
            "@odata.etag": "\"87b5efe5667ca61100834f4db335d46d\"",
            "@odata.id": "/redfish/v1/Chassis/r001u16/Sensors/P1-DIMMG1",
            "@odata.type": "#Sensor.v1_8_0.Sensor",
            "Id": "P1-DIMMG1",
            "Name": "P1-DIMMG1",
            "PhysicalContext": "Memory",
            "Reading": null,
            "ReadingTime": "2024-04-10T05:39:02Z",
            "ReadingType": "Temperature",
            "ReadingUnits": "Cel",
            "RelatedItem": [
                {
                    "@odata.id": "/redfish/v1/CompositionService/ResourceBlocks/r001u16/Systems/1/Memory/0106030110010074"
                }
            ],
            "SensingInterval": "PT10S"
        },
        {
            "@odata.etag": "\"8487f0d98d1c554b3234570ca908ba91\"",
            "@odata.id": "/redfish/v1/Chassis/r001u16/Sensors/P1-DIMMH0",
            "@odata.type": "#Sensor.v1_8_0.Sensor",
            "Id": "P1-DIMMH0",
            "Name": "P1-DIMMH0",
            "PhysicalContext": "Memory",
            "Reading": null,
            "ReadingTime": "2024-04-10T05:39:02Z",
            "ReadingType": "Temperature",
            "ReadingUnits": "Cel",
            "RelatedItem": [
                {
                    "@odata.id": "/redfish/v1/CompositionService/ResourceBlocks/r001u16/Systems/1/Memory/0007030110010074"
                }
            ],
            "SensingInterval": "PT10S"
        },
        {
            "@odata.etag": "\"8be11c5ffa4459b10115e4db6c7b394d\"",
            "@odata.id": "/redfish/v1/Chassis/r001u16/Sensors/P1-DIMMH1",
            "@odata.type": "#Sensor.v1_8_0.Sensor",
            "Id": "P1-DIMMH1",
            "Name": "P1-DIMMH1",
            "PhysicalContext": "Memory",
            "Reading": null,
            "ReadingTime": "2024-04-10T05:39:02Z",
            "ReadingType": "Temperature",
            "ReadingUnits": "Cel",
            "RelatedItem": [
                {
                    "@odata.id": "/redfish/v1/CompositionService/ResourceBlocks/r001u16/Systems/1/Memory/0107030110010074"
                }
            ],
            "SensingInterval": "PT10S"
        },
        {
            "@odata.etag": "\"f9a80c127ab224823f6a18a17a8bd3df\"",
            "@odata.id": "/redfish/v1/Chassis/r001u16/Sensors/P2-DIMMA0",
            "@odata.type": "#Sensor.v1_8_0.Sensor",
            "Id": "P2-DIMMA0",
            "Name": "P2-DIMMA0",
            "PhysicalContext": "Memory",
            "Reading": null,
            "ReadingTime": "2024-04-10T05:39:02Z",
            "ReadingType": "Temperature",
            "ReadingUnits": "Cel",
            "RelatedItem": [
                {
                    "@odata.id": "/redfish/v1/CompositionService/ResourceBlocks/r001u16/Systems/1/Memory/0000000110000174"
                }
            ],
            "SensingInterval": "PT10S"
        },
        {
            "@odata.etag": "\"c531391035da2074289295a9460e3a1d\"",
            "@odata.id": "/redfish/v1/Chassis/r001u16/Sensors/P2-DIMMA1",
            "@odata.type": "#Sensor.v1_8_0.Sensor",
            "Id": "P2-DIMMA1",
            "Name": "P2-DIMMA1",
            "PhysicalContext": "Memory",
            "Reading": null,
            "ReadingTime": "2024-04-10T05:39:02Z",
            "ReadingType": "Temperature",
            "ReadingUnits": "Cel",
            "RelatedItem": [
                {
                    "@odata.id": "/redfish/v1/CompositionService/ResourceBlocks/r001u16/Systems/1/Memory/0100000110000174"
                }
            ],
            "SensingInterval": "PT10S"
        },
        {
            "@odata.etag": "\"2e3d3eaec48f7fa039fffaad36a55a2b\"",
            "@odata.id": "/redfish/v1/Chassis/r001u16/Sensors/P2-DIMMB0",
            "@odata.type": "#Sensor.v1_8_0.Sensor",
            "Id": "P2-DIMMB0",
            "Name": "P2-DIMMB0",
            "PhysicalContext": "Memory",
            "Reading": null,
            "ReadingTime": "2024-04-10T05:39:02Z",
            "ReadingType": "Temperature",
            "ReadingUnits": "Cel",
            "RelatedItem": [
                {
                    "@odata.id": "/redfish/v1/CompositionService/ResourceBlocks/r001u16/Systems/1/Memory/0001000110000174"
                }
            ],
            "SensingInterval": "PT10S"
        },
        {
            "@odata.etag": "\"0c8cdbf705bdd2c414940ba5cb084c7b\"",
            "@odata.id": "/redfish/v1/Chassis/r001u16/Sensors/P2-DIMMB1",
            "@odata.type": "#Sensor.v1_8_0.Sensor",
            "Id": "P2-DIMMB1",
            "Name": "P2-DIMMB1",
            "PhysicalContext": "Memory",
            "Reading": null,
            "ReadingTime": "2024-04-10T05:39:02Z",
            "ReadingType": "Temperature",
            "ReadingUnits": "Cel",
            "RelatedItem": [
                {
                    "@odata.id": "/redfish/v1/CompositionService/ResourceBlocks/r001u16/Systems/1/Memory/0101000110000174"
                }
            ],
            "SensingInterval": "PT10S"
        },
        {
            "@odata.etag": "\"50dc29976caa38d8b20079b833e21a18\"",
            "@odata.id": "/redfish/v1/Chassis/r001u16/Sensors/P2-DIMMC0",
            "@odata.type": "#Sensor.v1_8_0.Sensor",
            "Id": "P2-DIMMC0",
            "Name": "P2-DIMMC0",
            "PhysicalContext": "Memory",
            "Reading": null,
            "ReadingTime": "2024-04-10T05:39:02Z",
            "ReadingType": "Temperature",
            "ReadingUnits": "Cel",
            "RelatedItem": [
                {
                    "@odata.id": "/redfish/v1/CompositionService/ResourceBlocks/r001u16/Systems/1/Memory/0002010110000174"
                }
            ],
            "SensingInterval": "PT10S"
        },
        {
            "@odata.etag": "\"04318c47dddcd3f96ce8d59e0794b5f7\"",
            "@odata.id": "/redfish/v1/Chassis/r001u16/Sensors/P2-DIMMC1",
            "@odata.type": "#Sensor.v1_8_0.Sensor",
            "Id": "P2-DIMMC1",
            "Name": "P2-DIMMC1",
            "PhysicalContext": "Memory",
            "Reading": null,
            "ReadingTime": "2024-04-10T05:39:02Z",
            "ReadingType": "Temperature",
            "ReadingUnits": "Cel",
            "RelatedItem": [
                {
                    "@odata.id": "/redfish/v1/CompositionService/ResourceBlocks/r001u16/Systems/1/Memory/0102010110000174"
                }
            ],
            "SensingInterval": "PT10S"
        },
        {
            "@odata.etag": "\"877024e1cb93d979430ff31e0dd918ee\"",
            "@odata.id": "/redfish/v1/Chassis/r001u16/Sensors/P2-DIMMD0",
            "@odata.type": "#Sensor.v1_8_0.Sensor",
            "Id": "P2-DIMMD0",
            "Name": "P2-DIMMD0",
            "PhysicalContext": "Memory",
            "Reading": null,
            "ReadingTime": "2024-04-10T05:39:02Z",
            "ReadingType": "Temperature",
            "ReadingUnits": "Cel",
            "RelatedItem": [
                {
                    "@odata.id": "/redfish/v1/CompositionService/ResourceBlocks/r001u16/Systems/1/Memory/0003010110000174"
                }
            ],
            "SensingInterval": "PT10S"
        },
        {
            "@odata.etag": "\"fa8d2853ead8f076df777fa6565a1183\"",
            "@odata.id": "/redfish/v1/Chassis/r001u16/Sensors/P2-DIMMD1",
            "@odata.type": "#Sensor.v1_8_0.Sensor",
            "Id": "P2-DIMMD1",
            "Name": "P2-DIMMD1",
            "PhysicalContext": "Memory",
            "Reading": null,
            "ReadingTime": "2024-04-10T05:39:02Z",
            "ReadingType": "Temperature",
            "ReadingUnits": "Cel",
            "RelatedItem": [
                {
                    "@odata.id": "/redfish/v1/CompositionService/ResourceBlocks/r001u16/Systems/1/Memory/0103010110000174"
                }
            ],
            "SensingInterval": "PT10S"
        },
        {
            "@odata.etag": "\"dbdc42409212b8c93b8866e93b1870ed\"",
            "@odata.id": "/redfish/v1/Chassis/r001u16/Sensors/P2-DIMME0",
            "@odata.type": "#Sensor.v1_8_0.Sensor",
            "Id": "P2-DIMME0",
            "Name": "P2-DIMME0",
            "PhysicalContext": "Memory",
            "Reading": null,
            "ReadingTime": "2024-04-10T05:39:02Z",
            "ReadingType": "Temperature",
            "ReadingUnits": "Cel",
            "RelatedItem": [
                {
                    "@odata.id": "/redfish/v1/CompositionService/ResourceBlocks/r001u16/Systems/1/Memory/0004020110000174"
                }
            ],
            "SensingInterval": "PT10S"
        },
        {
            "@odata.etag": "\"5bf043c036f2acf8e0e74371e9e63a55\"",
            "@odata.id": "/redfish/v1/Chassis/r001u16/Sensors/P2-DIMME1",
            "@odata.type": "#Sensor.v1_8_0.Sensor",
            "Id": "P2-DIMME1",
            "Name": "P2-DIMME1",
            "PhysicalContext": "Memory",
            "Reading": null,
            "ReadingTime": "2024-04-10T05:39:02Z",
            "ReadingType": "Temperature",
            "ReadingUnits": "Cel",
            "RelatedItem": [
                {
                    "@odata.id": "/redfish/v1/CompositionService/ResourceBlocks/r001u16/Systems/1/Memory/0104020110000174"
                }
            ],
            "SensingInterval": "PT10S"
        },
        {
            "@odata.etag": "\"b4ad617c1e856eeaa7d6a04ca73fd0e2\"",
            "@odata.id": "/redfish/v1/Chassis/r001u16/Sensors/P2-DIMMF0",
            "@odata.type": "#Sensor.v1_8_0.Sensor",
            "Id": "P2-DIMMF0",
            "Name": "P2-DIMMF0",
            "PhysicalContext": "Memory",
            "Reading": null,
            "ReadingTime": "2024-04-10T05:39:02Z",
            "ReadingType": "Temperature",
            "ReadingUnits": "Cel",
            "RelatedItem": [
                {
                    "@odata.id": "/redfish/v1/CompositionService/ResourceBlocks/r001u16/Systems/1/Memory/0005020110000174"
                }
            ],
            "SensingInterval": "PT10S"
        },
        {
            "@odata.etag": "\"17c9aa8e96bdda0d9c19e849e53d427a\"",
            "@odata.id": "/redfish/v1/Chassis/r001u16/Sensors/P2-DIMMF1",
            "@odata.type": "#Sensor.v1_8_0.Sensor",
            "Id": "P2-DIMMF1",
            "Name": "P2-DIMMF1",
            "PhysicalContext": "Memory",
            "Reading": null,
            "ReadingTime": "2024-04-10T05:39:02Z",
            "ReadingType": "Temperature",
            "ReadingUnits": "Cel",
            "RelatedItem": [
                {
                    "@odata.id": "/redfish/v1/CompositionService/ResourceBlocks/r001u16/Systems/1/Memory/0105020110000174"
                }
            ],
            "SensingInterval": "PT10S"
        },
        {
            "@odata.etag": "\"8db36e794e9121ecd07d09678632f56c\"",
            "@odata.id": "/redfish/v1/Chassis/r001u16/Sensors/P2-DIMMG0",
            "@odata.type": "#Sensor.v1_8_0.Sensor",
            "Id": "P2-DIMMG0",
            "Name": "P2-DIMMG0",
            "PhysicalContext": "Memory",
            "Reading": null,
            "ReadingTime": "2024-04-10T05:39:02Z",
            "ReadingType": "Temperature",
            "ReadingUnits": "Cel",
            "RelatedItem": [
                {
                    "@odata.id": "/redfish/v1/CompositionService/ResourceBlocks/r001u16/Systems/1/Memory/0006030110000174"
                }
            ],
            "SensingInterval": "PT10S"
        },
        {
            "@odata.etag": "\"1ead439ac5073bc1f4471186e0d684af\"",
            "@odata.id": "/redfish/v1/Chassis/r001u16/Sensors/P2-DIMMG1",
            "@odata.type": "#Sensor.v1_8_0.Sensor",
            "Id": "P2-DIMMG1",
            "Name": "P2-DIMMG1",
            "PhysicalContext": "Memory",
            "Reading": null,
            "ReadingTime": "2024-04-10T05:39:02Z",
            "ReadingType": "Temperature",
            "ReadingUnits": "Cel",
            "RelatedItem": [
                {
                    "@odata.id": "/redfish/v1/CompositionService/ResourceBlocks/r001u16/Systems/1/Memory/0106030110000174"
                }
            ],
            "SensingInterval": "PT10S"
        },
        {
            "@odata.etag": "\"e6a4be2c4422dc5ddee9acaa7a4b31c7\"",
            "@odata.id": "/redfish/v1/Chassis/r001u16/Sensors/P2-DIMMH0",
            "@odata.type": "#Sensor.v1_8_0.Sensor",
            "Id": "P2-DIMMH0",
            "Name": "P2-DIMMH0",
            "PhysicalContext": "Memory",
            "Reading": null,
            "ReadingTime": "2024-04-10T05:39:02Z",
            "ReadingType": "Temperature",
            "ReadingUnits": "Cel",
            "RelatedItem": [
                {
                    "@odata.id": "/redfish/v1/CompositionService/ResourceBlocks/r001u16/Systems/1/Memory/0007030110000174"
                }
            ],
            "SensingInterval": "PT10S"
        },
        {
            "@odata.etag": "\"f325596e54006be23d9e070f4091f8c4\"",
            "@odata.id": "/redfish/v1/Chassis/r001u16/Sensors/P2-DIMMH1",
            "@odata.type": "#Sensor.v1_8_0.Sensor",
            "Id": "P2-DIMMH1",
            "Name": "P2-DIMMH1",
            "PhysicalContext": "Memory",
            "Reading": null,
            "ReadingTime": "2024-04-10T05:39:02Z",
            "ReadingType": "Temperature",
            "ReadingUnits": "Cel",
            "RelatedItem": [
                {
                    "@odata.id": "/redfish/v1/CompositionService/ResourceBlocks/r001u16/Systems/1/Memory/0107030110000174"
                }
            ],
            "SensingInterval": "PT10S"
        },
        {
            "@odata.etag": "\"6e447285e69cc673206a35dd569f1a78\"",
            "@odata.id": "/redfish/v1/Chassis/r001u16/Sensors/P3-DIMMA0",
            "@odata.type": "#Sensor.v1_8_0.Sensor",
            "Id": "P3-DIMMA0",
            "Name": "P3-DIMMA0",
            "PhysicalContext": "Memory",
            "Reading": null,
            "ReadingTime": "2024-04-10T05:39:02Z",
            "ReadingType": "Temperature",
            "ReadingUnits": "Cel",
            "RelatedItem": [
                {
                    "@odata.id": "/redfish/v1/CompositionService/ResourceBlocks/r001u16/Systems/1/Memory/0000000110010174"
                }
            ],
            "SensingInterval": "PT10S"
        },
        {
            "@odata.etag": "\"6627ee7a85875164d336f0add6595be0\"",
            "@odata.id": "/redfish/v1/Chassis/r001u16/Sensors/P3-DIMMA1",
            "@odata.type": "#Sensor.v1_8_0.Sensor",
            "Id": "P3-DIMMA1",
            "Name": "P3-DIMMA1",
            "PhysicalContext": "Memory",
            "Reading": null,
            "ReadingTime": "2024-04-10T05:39:02Z",
            "ReadingType": "Temperature",
            "ReadingUnits": "Cel",
            "RelatedItem": [
                {
                    "@odata.id": "/redfish/v1/CompositionService/ResourceBlocks/r001u16/Systems/1/Memory/0100000110010174"
                }
            ],
            "SensingInterval": "PT10S"
        },
        {
            "@odata.etag": "\"6efef23c519bdbc16e8e2bf4d7d3cc1d\"",
            "@odata.id": "/redfish/v1/Chassis/r001u16/Sensors/P3-DIMMB0",
            "@odata.type": "#Sensor.v1_8_0.Sensor",
            "Id": "P3-DIMMB0",
            "Name": "P3-DIMMB0",
            "PhysicalContext": "Memory",
            "Reading": null,
            "ReadingTime": "2024-04-10T05:39:02Z",
            "ReadingType": "Temperature",
            "ReadingUnits": "Cel",
            "RelatedItem": [
                {
                    "@odata.id": "/redfish/v1/CompositionService/ResourceBlocks/r001u16/Systems/1/Memory/0001000110010174"
                }
            ],
            "SensingInterval": "PT10S"
        },
        {
            "@odata.etag": "\"75ced6492a9f15506869b5384a391594\"",
            "@odata.id": "/redfish/v1/Chassis/r001u16/Sensors/P3-DIMMB1",
            "@odata.type": "#Sensor.v1_8_0.Sensor",
            "Id": "P3-DIMMB1",
            "Name": "P3-DIMMB1",
            "PhysicalContext": "Memory",
            "Reading": null,
            "ReadingTime": "2024-04-10T05:39:02Z",
            "ReadingType": "Temperature",
            "ReadingUnits": "Cel",
            "RelatedItem": [
                {
                    "@odata.id": "/redfish/v1/CompositionService/ResourceBlocks/r001u16/Systems/1/Memory/0101000110010174"
                }
            ],
            "SensingInterval": "PT10S"
        },
        {
            "@odata.etag": "\"fa5195ff29c1f1c7d4813c72560952cf\"",
            "@odata.id": "/redfish/v1/Chassis/r001u16/Sensors/P3-DIMMC0",
            "@odata.type": "#Sensor.v1_8_0.Sensor",
            "Id": "P3-DIMMC0",
            "Name": "P3-DIMMC0",
            "PhysicalContext": "Memory",
            "Reading": null,
            "ReadingTime": "2024-04-10T05:39:02Z",
            "ReadingType": "Temperature",
            "ReadingUnits": "Cel",
            "RelatedItem": [
                {
                    "@odata.id": "/redfish/v1/CompositionService/ResourceBlocks/r001u16/Systems/1/Memory/0002010110010174"
                }
            ],
            "SensingInterval": "PT10S"
        },
        {
            "@odata.etag": "\"8b30fd483994bc16ce59ebcb1e91daef\"",
            "@odata.id": "/redfish/v1/Chassis/r001u16/Sensors/P3-DIMMC1",
            "@odata.type": "#Sensor.v1_8_0.Sensor",
            "Id": "P3-DIMMC1",
            "Name": "P3-DIMMC1",
            "PhysicalContext": "Memory",
            "Reading": null,
            "ReadingTime": "2024-04-10T05:39:02Z",
            "ReadingType": "Temperature",
            "ReadingUnits": "Cel",
            "RelatedItem": [
                {
                    "@odata.id": "/redfish/v1/CompositionService/ResourceBlocks/r001u16/Systems/1/Memory/0102010110010174"
                }
            ],
            "SensingInterval": "PT10S"
        },
        {
            "@odata.etag": "\"9adbcd22d7c41ff346deb143c242297f\"",
            "@odata.id": "/redfish/v1/Chassis/r001u16/Sensors/P3-DIMMD0",
            "@odata.type": "#Sensor.v1_8_0.Sensor",
            "Id": "P3-DIMMD0",
            "Name": "P3-DIMMD0",
            "PhysicalContext": "Memory",
            "Reading": null,
            "ReadingTime": "2024-04-10T05:39:02Z",
            "ReadingType": "Temperature",
            "ReadingUnits": "Cel",
            "RelatedItem": [
                {
                    "@odata.id": "/redfish/v1/CompositionService/ResourceBlocks/r001u16/Systems/1/Memory/0003010110010174"
                }
            ],
            "SensingInterval": "PT10S"
        },
        {
            "@odata.etag": "\"cf21b0a1db0822b114dbe3567cb9ed83\"",
            "@odata.id": "/redfish/v1/Chassis/r001u16/Sensors/P3-DIMMD1",
            "@odata.type": "#Sensor.v1_8_0.Sensor",
            "Id": "P3-DIMMD1",
            "Name": "P3-DIMMD1",
            "PhysicalContext": "Memory",
            "Reading": null,
            "ReadingTime": "2024-04-10T05:39:02Z",
            "ReadingType": "Temperature",
            "ReadingUnits": "Cel",
            "RelatedItem": [
                {
                    "@odata.id": "/redfish/v1/CompositionService/ResourceBlocks/r001u16/Systems/1/Memory/0103010110010174"
                }
            ],
            "SensingInterval": "PT10S"
        },
        {
            "@odata.etag": "\"3cc4452644d43231784fc0041da5e7b7\"",
            "@odata.id": "/redfish/v1/Chassis/r001u16/Sensors/P3-DIMME0",
            "@odata.type": "#Sensor.v1_8_0.Sensor",
            "Id": "P3-DIMME0",
            "Name": "P3-DIMME0",
            "PhysicalContext": "Memory",
            "Reading": null,
            "ReadingTime": "2024-04-10T05:39:02Z",
            "ReadingType": "Temperature",
            "ReadingUnits": "Cel",
            "RelatedItem": [
                {
                    "@odata.id": "/redfish/v1/CompositionService/ResourceBlocks/r001u16/Systems/1/Memory/0004020110010174"
                }
            ],
            "SensingInterval": "PT10S"
        },
        {
            "@odata.etag": "\"f08a16d8a8dadc8c5a9ac8c4d73d7814\"",
            "@odata.id": "/redfish/v1/Chassis/r001u16/Sensors/P3-DIMME1",
            "@odata.type": "#Sensor.v1_8_0.Sensor",
            "Id": "P3-DIMME1",
            "Name": "P3-DIMME1",
            "PhysicalContext": "Memory",
            "Reading": null,
            "ReadingTime": "2024-04-10T05:39:02Z",
            "ReadingType": "Temperature",
            "ReadingUnits": "Cel",
            "RelatedItem": [
                {
                    "@odata.id": "/redfish/v1/CompositionService/ResourceBlocks/r001u16/Systems/1/Memory/0104020110010174"
                }
            ],
            "SensingInterval": "PT10S"
        },
        {
            "@odata.etag": "\"f1e8b2845ee6a7c03bdaddfb77fef8ba\"",
            "@odata.id": "/redfish/v1/Chassis/r001u16/Sensors/P3-DIMMF0",
            "@odata.type": "#Sensor.v1_8_0.Sensor",
            "Id": "P3-DIMMF0",
            "Name": "P3-DIMMF0",
            "PhysicalContext": "Memory",
            "Reading": null,
            "ReadingTime": "2024-04-10T05:39:02Z",
            "ReadingType": "Temperature",
            "ReadingUnits": "Cel",
            "RelatedItem": [
                {
                    "@odata.id": "/redfish/v1/CompositionService/ResourceBlocks/r001u16/Systems/1/Memory/0005020110010174"
                }
            ],
            "SensingInterval": "PT10S"
        },
        {
            "@odata.etag": "\"498129c144361c1ba296ae63b0779eac\"",
            "@odata.id": "/redfish/v1/Chassis/r001u16/Sensors/P3-DIMMF1",
            "@odata.type": "#Sensor.v1_8_0.Sensor",
            "Id": "P3-DIMMF1",
            "Name": "P3-DIMMF1",
            "PhysicalContext": "Memory",
            "Reading": null,
            "ReadingTime": "2024-04-10T05:39:02Z",
            "ReadingType": "Temperature",
            "ReadingUnits": "Cel",
            "RelatedItem": [
                {
                    "@odata.id": "/redfish/v1/CompositionService/ResourceBlocks/r001u16/Systems/1/Memory/0105020110010174"
                }
            ],
            "SensingInterval": "PT10S"
        },
        {
            "@odata.etag": "\"e6ddac522070e2772e28aae731fbfb6a\"",
            "@odata.id": "/redfish/v1/Chassis/r001u16/Sensors/P3-DIMMG0",
            "@odata.type": "#Sensor.v1_8_0.Sensor",
            "Id": "P3-DIMMG0",
            "Name": "P3-DIMMG0",
            "PhysicalContext": "Memory",
            "Reading": null,
            "ReadingTime": "2024-04-10T05:39:02Z",
            "ReadingType": "Temperature",
            "ReadingUnits": "Cel",
            "RelatedItem": [
                {
                    "@odata.id": "/redfish/v1/CompositionService/ResourceBlocks/r001u16/Systems/1/Memory/0006030110010174"
                }
            ],
            "SensingInterval": "PT10S"
        },
        {
            "@odata.etag": "\"2987451827a2138903dda3fa59e2428a\"",
            "@odata.id": "/redfish/v1/Chassis/r001u16/Sensors/P3-DIMMG1",
            "@odata.type": "#Sensor.v1_8_0.Sensor",
            "Id": "P3-DIMMG1",
            "Name": "P3-DIMMG1",
            "PhysicalContext": "Memory",
            "Reading": null,
            "ReadingTime": "2024-04-10T05:39:02Z",
            "ReadingType": "Temperature",
            "ReadingUnits": "Cel",
            "RelatedItem": [
                {
                    "@odata.id": "/redfish/v1/CompositionService/ResourceBlocks/r001u16/Systems/1/Memory/0106030110010174"
                }
            ],
            "SensingInterval": "PT10S"
        },
        {
            "@odata.etag": "\"51cf5c6499fc5f77e246717e4f847259\"",
            "@odata.id": "/redfish/v1/Chassis/r001u16/Sensors/P3-DIMMH0",
            "@odata.type": "#Sensor.v1_8_0.Sensor",
            "Id": "P3-DIMMH0",
            "Name": "P3-DIMMH0",
            "PhysicalContext": "Memory",
            "Reading": null,
            "ReadingTime": "2024-04-10T05:39:02Z",
            "ReadingType": "Temperature",
            "ReadingUnits": "Cel",
            "RelatedItem": [
                {
                    "@odata.id": "/redfish/v1/CompositionService/ResourceBlocks/r001u16/Systems/1/Memory/0007030110010174"
                }
            ],
            "SensingInterval": "PT10S"
        },
        {
            "@odata.etag": "\"62f852d5098d1ed7caac430622241a36\"",
            "@odata.id": "/redfish/v1/Chassis/r001u16/Sensors/P3-DIMMH1",
            "@odata.type": "#Sensor.v1_8_0.Sensor",
            "Id": "P3-DIMMH1",
            "Name": "P3-DIMMH1",
            "PhysicalContext": "Memory",
            "Reading": null,
            "ReadingTime": "2024-04-10T05:39:02Z",
            "ReadingType": "Temperature",
            "ReadingUnits": "Cel",
            "RelatedItem": [
                {
                    "@odata.id": "/redfish/v1/CompositionService/ResourceBlocks/r001u16/Systems/1/Memory/0107030110010174"
                }
            ],
            "SensingInterval": "PT10S"
        },
        {
            "@odata.etag": "\"fe42e96f6022f53e575ab74740978a24\"",
            "@odata.id": "/redfish/v1/Chassis/r001u16/Sensors/PSU0_POUT",
            "@odata.type": "#Sensor.v1_8_0.Sensor",
            "Id": "PSU0_POUT",
            "Name": "PSU0_POUT",
            "PhysicalContext": "PowerSupply",
            "Reading": 0.0,
            "ReadingTime": "2024-04-10T05:39:02Z",
            "ReadingType": "Power",
            "ReadingUnits": "W",
            "RelatedItem": [
                {
                    "@odata.id": "/redfish/v1/Chassis/r001u16/PowerSubsystem/PowerSupplies/0"
                }
            ],
            "SensingInterval": "PT10S"
        },
        {
            "@odata.etag": "\"40c7118ddbd42dfbeea5d71b86892422\"",
            "@odata.id": "/redfish/v1/Chassis/r001u16/Sensors/PSU1_POUT",
            "@odata.type": "#Sensor.v1_8_0.Sensor",
            "Id": "PSU1_POUT",
            "Name": "PSU1_POUT",
            "PhysicalContext": "PowerSupply",
            "Reading": 0.0,
            "ReadingTime": "2024-04-10T05:39:02Z",
            "ReadingType": "Power",
            "ReadingUnits": "W",
            "RelatedItem": [
                {
                    "@odata.id": "/redfish/v1/Chassis/r001u16/PowerSubsystem/PowerSupplies/1"
                }
            ],
            "SensingInterval": "PT10S"
        },
        {
            "@odata.etag": "\"98c0db4fc50e3d3963efc9ee4b953efd\"",
            "@odata.id": "/redfish/v1/Chassis/r001u16/Sensors/PSU2_POUT",
            "@odata.type": "#Sensor.v1_8_0.Sensor",
            "Id": "PSU2_POUT",
            "Name": "PSU2_POUT",
            "PhysicalContext": "PowerSupply",
            "Reading": 0.0,
            "ReadingTime": "2024-04-10T05:39:02Z",
            "ReadingType": "Power",
            "ReadingUnits": "W",
            "RelatedItem": [
                {
                    "@odata.id": "/redfish/v1/Chassis/r001u16/PowerSubsystem/PowerSupplies/2"
                }
            ],
            "SensingInterval": "PT10S"
        },
        {
            "@odata.etag": "\"8cadf5737813e46803d206e79c9dc344\"",
            "@odata.id": "/redfish/v1/Chassis/r001u16/Sensors/PSU3_POUT",
            "@odata.type": "#Sensor.v1_8_0.Sensor",
            "Id": "PSU3_POUT",
            "Name": "PSU3_POUT",
            "PhysicalContext": "PowerSupply",
            "Reading": 0.0,
            "ReadingTime": "2024-04-10T05:39:02Z",
            "ReadingType": "Power",
            "ReadingUnits": "W",
            "RelatedItem": [
                {
                    "@odata.id": "/redfish/v1/Chassis/r001u16/PowerSubsystem/PowerSupplies/3"
                }
            ],
            "SensingInterval": "PT10S"
        },
        {
            "@odata.etag": "\"6900d740fbee4dcf6349d4c4aa7db0a2\"",
            "@odata.id": "/redfish/v1/Chassis/r001u16/Sensors/PSU0_PIN",
            "@odata.type": "#Sensor.v1_8_0.Sensor",
            "Id": "PSU0_PIN",
            "Name": "PSU0_PIN",
            "PhysicalContext": "PowerSupply",
            "Reading": 10.0938,
            "ReadingTime": "2024-04-10T05:39:02Z",
            "ReadingType": "Power",
            "ReadingUnits": "W",
            "RelatedItem": [
                {
                    "@odata.id": "/redfish/v1/Chassis/r001u16/PowerSubsystem/PowerSupplies/0"
                }
            ],
            "SensingInterval": "PT10S"
        },
        {
            "@odata.etag": "\"c1dc939c15197e4c23d24477a1aeb9e2\"",
            "@odata.id": "/redfish/v1/Chassis/r001u16/Sensors/PSU1_PIN",
            "@odata.type": "#Sensor.v1_8_0.Sensor",
            "Id": "PSU1_PIN",
            "Name": "PSU1_PIN",
            "PhysicalContext": "PowerSupply",
            "Reading": 9.5781,
            "ReadingTime": "2024-04-10T05:39:02Z",
            "ReadingType": "Power",
            "ReadingUnits": "W",
            "RelatedItem": [
                {
                    "@odata.id": "/redfish/v1/Chassis/r001u16/PowerSubsystem/PowerSupplies/1"
                }
            ],
            "SensingInterval": "PT10S"
        },
        {
            "@odata.etag": "\"e61b1217a6f12c7561367a6dd19d3bf7\"",
            "@odata.id": "/redfish/v1/Chassis/r001u16/Sensors/PSU2_PIN",
            "@odata.type": "#Sensor.v1_8_0.Sensor",
            "Id": "PSU2_PIN",
            "Name": "PSU2_PIN",
            "PhysicalContext": "PowerSupply",
            "Reading": 15.9062,
            "ReadingTime": "2024-04-10T05:39:02Z",
            "ReadingType": "Power",
            "ReadingUnits": "W",
            "RelatedItem": [
                {
                    "@odata.id": "/redfish/v1/Chassis/r001u16/PowerSubsystem/PowerSupplies/2"
                }
            ],
            "SensingInterval": "PT10S"
        },
        {
            "@odata.etag": "\"b857f8238d9c9c8fc6642c5473df8157\"",
            "@odata.id": "/redfish/v1/Chassis/r001u16/Sensors/PSU3_PIN",
            "@odata.type": "#Sensor.v1_8_0.Sensor",
            "Id": "PSU3_PIN",
            "Name": "PSU3_PIN",
            "PhysicalContext": "PowerSupply",
            "Reading": 10.2969,
            "ReadingTime": "2024-04-10T05:39:02Z",
            "ReadingType": "Power",
            "ReadingUnits": "W",
            "RelatedItem": [
                {
                    "@odata.id": "/redfish/v1/Chassis/r001u16/PowerSubsystem/PowerSupplies/3"
                }
            ],
            "SensingInterval": "PT10S"
        },
        {
            "@odata.etag": "\"93d05948b050852c7e68c370b20a26a5\"",
            "@odata.id": "/redfish/v1/Chassis/r001u16/Sensors/SMC_VBATT",
            "@odata.type": "#Sensor.v1_8_0.Sensor",
            "Id": "SMC_VBATT",
            "Name": "SMC_VBATT",
            "PhysicalContext": "Battery",
            "Reading": 3.0312,
            "ReadingTime": "2024-04-10T05:39:02Z",
            "ReadingType": "Voltage",
            "ReadingUnits": "V",
            "SensingInterval": "PT10S"
        },
        {
            "@odata.etag": "\"7453dbbd2adf3ad6d6487c58d7726a6d\"",
            "@odata.id": "/redfish/v1/Chassis/r001u16/Sensors/CHASSIS_FAN0",
            "@odata.type": "#Sensor.v1_8_0.Sensor",
            "Id": "CHASSIS_FAN0",
            "Name": "CHASSIS_FAN0",
            "PhysicalContext": "Fan",
            "Reading": null,
            "ReadingTime": "2024-04-10T05:39:02Z",
            "ReadingType": "Rotational",
            "ReadingUnits": "RPM",
            "RelatedItem": [
                {
                    "@odata.id": "/redfish/v1/Chassis/r001u16/ThermalSubsystem/Fans/ChassisFan0"
                }
            ],
            "SensingInterval": "PT10S"
        },
        {
            "@odata.etag": "\"38801ebd1734e72b87652578d8692e80\"",
            "@odata.id": "/redfish/v1/Chassis/r001u16/Sensors/CHASSIS_FAN1",
            "@odata.type": "#Sensor.v1_8_0.Sensor",
            "Id": "CHASSIS_FAN1",
            "Name": "CHASSIS_FAN1",
            "PhysicalContext": "Fan",
            "Reading": null,
            "ReadingTime": "2024-04-10T05:39:02Z",
            "ReadingType": "Rotational",
            "ReadingUnits": "RPM",
            "RelatedItem": [
                {
                    "@odata.id": "/redfish/v1/Chassis/r001u16/ThermalSubsystem/Fans/ChassisFan1"
                }
            ],
            "SensingInterval": "PT10S"
        },
        {
            "@odata.etag": "\"557585cad1f49e62272b14572020910a\"",
            "@odata.id": "/redfish/v1/Chassis/r001u16/Sensors/CHASSIS_FAN2",
            "@odata.type": "#Sensor.v1_8_0.Sensor",
            "Id": "CHASSIS_FAN2",
            "Name": "CHASSIS_FAN2",
            "PhysicalContext": "Fan",
            "Reading": null,
            "ReadingTime": "2024-04-10T05:39:02Z",
            "ReadingType": "Rotational",
            "ReadingUnits": "RPM",
            "RelatedItem": [
                {
                    "@odata.id": "/redfish/v1/Chassis/r001u16/ThermalSubsystem/Fans/ChassisFan2"
                }
            ],
            "SensingInterval": "PT10S"
        },
        {
            "@odata.etag": "\"8261d395af0d2982506c8fbf13a88b3c\"",
            "@odata.id": "/redfish/v1/Chassis/r001u16/Sensors/CHASSIS_FAN3",
            "@odata.type": "#Sensor.v1_8_0.Sensor",
            "Id": "CHASSIS_FAN3",
            "Name": "CHASSIS_FAN3",
            "PhysicalContext": "Fan",
            "Reading": null,
            "ReadingTime": "2024-04-10T05:39:02Z",
            "ReadingType": "Rotational",
            "ReadingUnits": "RPM",
            "RelatedItem": [
                {
                    "@odata.id": "/redfish/v1/Chassis/r001u16/ThermalSubsystem/Fans/ChassisFan3"
                }
            ],
            "SensingInterval": "PT10S"
        },
        {
            "@odata.etag": "\"e00526d8bfcdd2351c1d9ede2555e489\"",
            "@odata.id": "/redfish/v1/Chassis/r001u16/Sensors/CHASSIS_FAN4",
            "@odata.type": "#Sensor.v1_8_0.Sensor",
            "Id": "CHASSIS_FAN4",
            "Name": "CHASSIS_FAN4",
            "PhysicalContext": "Fan",
            "Reading": null,
            "ReadingTime": "2024-04-10T05:39:02Z",
            "ReadingType": "Rotational",
            "ReadingUnits": "RPM",
            "RelatedItem": [
                {
                    "@odata.id": "/redfish/v1/Chassis/r001u16/ThermalSubsystem/Fans/ChassisFan4"
                }
            ],
            "SensingInterval": "PT10S"
        },
        {
            "@odata.etag": "\"9870a230e776c94518d152f2bf389d54\"",
            "@odata.id": "/redfish/v1/Chassis/r001u16/Sensors/CHASSIS_FAN5",
            "@odata.type": "#Sensor.v1_8_0.Sensor",
            "Id": "CHASSIS_FAN5",
            "Name": "CHASSIS_FAN5",
            "PhysicalContext": "Fan",
            "Reading": null,
            "ReadingTime": "2024-04-10T05:39:02Z",
            "ReadingType": "Rotational",
            "ReadingUnits": "RPM",
            "RelatedItem": [
                {
                    "@odata.id": "/redfish/v1/Chassis/r001u16/ThermalSubsystem/Fans/ChassisFan5"
                }
            ],
            "SensingInterval": "PT10S"
        },
        {
            "@odata.etag": "\"4c5998f6c1ce0329ef583aa26e01b29c\"",
            "@odata.id": "/redfish/v1/Chassis/r001u16/Sensors/CHASSIS_FAN6",
            "@odata.type": "#Sensor.v1_8_0.Sensor",
            "Id": "CHASSIS_FAN6",
            "Name": "CHASSIS_FAN6",
            "PhysicalContext": "Fan",
            "Reading": null,
            "ReadingTime": "2024-04-10T05:39:02Z",
            "ReadingType": "Rotational",
            "ReadingUnits": "RPM",
            "RelatedItem": [
                {
                    "@odata.id": "/redfish/v1/Chassis/r001u16/ThermalSubsystem/Fans/ChassisFan6"
                }
            ],
            "SensingInterval": "PT10S"
        },
        {
            "@odata.etag": "\"91a25ef496d2b5de205f9166d19bd5b5\"",
            "@odata.id": "/redfish/v1/Chassis/r001u16/Sensors/CHASSIS_FAN7",
            "@odata.type": "#Sensor.v1_8_0.Sensor",
            "Id": "CHASSIS_FAN7",
            "Name": "CHASSIS_FAN7",
            "PhysicalContext": "Fan",
            "Reading": null,
            "ReadingTime": "2024-04-10T05:39:02Z",
            "ReadingType": "Rotational",
            "ReadingUnits": "RPM",
            "RelatedItem": [
                {
                    "@odata.id": "/redfish/v1/Chassis/r001u16/ThermalSubsystem/Fans/ChassisFan7"
                }
            ],
            "SensingInterval": "PT10S"
        },
        {
            "@odata.etag": "\"3d0633c939f541e42755626c995d32b1\"",
            "@odata.id": "/redfish/v1/Chassis/r001u16/Sensors/HARP_FAN0",
            "@odata.type": "#Sensor.v1_8_0.Sensor",
            "Id": "HARP_FAN0",
            "Name": "HARP_FAN0",
            "PhysicalContext": "Fan",
            "Reading": null,
            "ReadingTime": "2024-04-10T05:39:02Z",
            "ReadingType": "Rotational",
            "ReadingUnits": "RPM",
            "RelatedItem": [
                {
                    "@odata.id": "/redfish/v1/Chassis/r001u16/ThermalSubsystem/Fans/HarpFan0"
                }
            ],
            "SensingInterval": "PT10S"
        },
        {
            "@odata.etag": "\"34b04b3c4e97b512bce4b8876dd0f50a\"",
            "@odata.id": "/redfish/v1/Chassis/r001u16/Sensors/HARP_FAN1",
            "@odata.type": "#Sensor.v1_8_0.Sensor",
            "Id": "HARP_FAN1",
            "Name": "HARP_FAN1",
            "PhysicalContext": "Fan",
            "Reading": null,
            "ReadingTime": "2024-04-10T05:39:02Z",
            "ReadingType": "Rotational",
            "ReadingUnits": "RPM",
            "RelatedItem": [
                {
                    "@odata.id": "/redfish/v1/Chassis/r001u16/ThermalSubsystem/Fans/HarpFan1"
                }
            ],
            "SensingInterval": "PT10S"
        },
        {
            "@odata.etag": "\"ae6ddb6ba17f621e91c5cdf8905b3240\"",
            "@odata.id": "/redfish/v1/Chassis/r001u16/Sensors/PSU0_FAN0",
            "@odata.type": "#Sensor.v1_8_0.Sensor",
            "Id": "PSU0_FAN0",
            "Name": "PSU0_FAN0",
            "PhysicalContext": "PowerSupply",
            "Reading": 3080.0,
            "ReadingTime": "2024-04-10T05:39:02Z",
            "ReadingType": "Rotational",
            "ReadingUnits": "RPM",
            "RelatedItem": [
                {
                    "@odata.id": "/redfish/v1/Chassis/r001u16/PowerSubsystem/PowerSupplies/0"
                }
            ],
            "SensingInterval": "PT10S"
        },
        {
            "@odata.etag": "\"6b07d484802bc66f7c909f777a5ccd8a\"",
            "@odata.id": "/redfish/v1/Chassis/r001u16/Sensors/PSU1_FAN0",
            "@odata.type": "#Sensor.v1_8_0.Sensor",
            "Id": "PSU1_FAN0",
            "Name": "PSU1_FAN0",
            "PhysicalContext": "PowerSupply",
            "Reading": 2972.0,
            "ReadingTime": "2024-04-10T05:39:02Z",
            "ReadingType": "Rotational",
            "ReadingUnits": "RPM",
            "RelatedItem": [
                {
                    "@odata.id": "/redfish/v1/Chassis/r001u16/PowerSubsystem/PowerSupplies/1"
                }
            ],
            "SensingInterval": "PT10S"
        },
        {
            "@odata.etag": "\"8bbc023236d65ce5fc954deff9e0a58a\"",
            "@odata.id": "/redfish/v1/Chassis/r001u16/Sensors/PSU2_FAN0",
            "@odata.type": "#Sensor.v1_8_0.Sensor",
            "Id": "PSU2_FAN0",
            "Name": "PSU2_FAN0",
            "PhysicalContext": "PowerSupply",
            "Reading": 3028.0,
            "ReadingTime": "2024-04-10T05:39:02Z",
            "ReadingType": "Rotational",
            "ReadingUnits": "RPM",
            "RelatedItem": [
                {
                    "@odata.id": "/redfish/v1/Chassis/r001u16/PowerSubsystem/PowerSupplies/2"
                }
            ],
            "SensingInterval": "PT10S"
        },
        {
            "@odata.etag": "\"7ced9d398c40b1b795347f38348ac072\"",
            "@odata.id": "/redfish/v1/Chassis/r001u16/Sensors/PSU3_FAN0",
            "@odata.type": "#Sensor.v1_8_0.Sensor",
            "Id": "PSU3_FAN0",
            "Name": "PSU3_FAN0",
            "PhysicalContext": "PowerSupply",
            "Reading": 2932.0,
            "ReadingTime": "2024-04-10T05:39:02Z",
            "ReadingType": "Rotational",
            "ReadingUnits": "RPM",
            "RelatedItem": [
                {
                    "@odata.id": "/redfish/v1/Chassis/r001u16/PowerSubsystem/PowerSupplies/3"
                }
            ],
            "SensingInterval": "PT10S"
        },
        {
            "@odata.etag": "\"d155889a3fa5267cd319a8e37d48a81e\"",
            "@odata.id": "/redfish/v1/Chassis/r001u16/Sensors/AUTOFAN_ZONE_1",
            "@odata.type": "#Sensor.v1_8_0.Sensor",
            "Id": "AUTOFAN_ZONE_1",
            "Name": "AUTOFAN_ZONE_1",
            "PhysicalContext": "CoolingSubsystem",
            "Reading": 46.2745,
            "ReadingTime": "2024-04-10T05:39:02Z",
            "ReadingType": "Percent",
            "ReadingUnits": "%",
            "SensingInterval": "PT10S"
        },
        {
            "@odata.etag": "\"678688bc9168667678e4a05b6a58a59c\"",
            "@odata.id": "/redfish/v1/Chassis/r001u16/Sensors/AUTOFAN_ZONE_2",
            "@odata.type": "#Sensor.v1_8_0.Sensor",
            "Id": "AUTOFAN_ZONE_2",
            "Name": "AUTOFAN_ZONE_2",
            "PhysicalContext": "CoolingSubsystem",
            "Reading": 60.0,
            "ReadingTime": "2024-04-10T05:39:02Z",
            "ReadingType": "Percent",
            "ReadingUnits": "%",
            "SensingInterval": "PT10S"
        }
    ],
    "Members@odata.count": 116,
    "Name": "Chassis r001u16 Sensor Collection"
}