{
    "@odata.etag": "\"292cea5f8d5c25ef39a59965cf373757\"",
    "@odata.id": "/redfish/v1/Chassis/r001u01/Sensors",
    "@odata.type": "#SensorCollection.SensorCollection",
    "Members": [
        {
            "@odata.etag": "\"55cb245c021cc770bc4976213a792164\"",
            "@odata.id": "/redfish/v1/Chassis/r001u01/Sensors/P0_TEMP",
            "@odata.type": "#Sensor.v1_8_0.Sensor",
            "Id": "P0_TEMP",
            "Name": "P0_TEMP",
            "PhysicalContext": "CPU",
            "Reading": 66.8594,
            "ReadingTime": "2024-04-08T08:46:59Z",
            "ReadingType": "Temperature",
            "ReadingUnits": "Cel",
            "RelatedItem": [
                {
                    "@odata.id": "/redfish/v1/CompositionService/ResourceBlocks/r001u01/Systems/1/Processors/0"
                }
            ],
            "SensingInterval": "PT10S"
        },
        {
            "@odata.etag": "\"e3091b0b73f784019d8a625c1451a732\"",
            "@odata.id": "/redfish/v1/Chassis/r001u01/Sensors/P1_TEMP",
            "@odata.type": "#Sensor.v1_8_0.Sensor",
            "Id": "P1_TEMP",
            "Name": "P1_TEMP",
            "PhysicalContext": "CPU",
            "Reading": 62.2344,
            "ReadingTime": "2024-04-08T08:46:59Z",
            "ReadingType": "Temperature",
            "ReadingUnits": "Cel",
            "RelatedItem": [
                {
                    "@odata.id": "/redfish/v1/CompositionService/ResourceBlocks/r001u01/Systems/1/Processors/1"
                }
            ],
            "SensingInterval": "PT10S"
        },
        {
            "@odata.etag": "\"63428e0083166ed0692382c7d67b47f2\"",
            "@odata.id": "/redfish/v1/Chassis/r001u01/Sensors/P2_TEMP",
            "@odata.type": "#Sensor.v1_8_0.Sensor",
            "Id": "P2_TEMP",
            "Name": "P2_TEMP",
            "PhysicalContext": "CPU",
            "Reading": 60.9844,
            "ReadingTime": "2024-04-08T08:46:59Z",
            "ReadingType": "Temperature",
            "ReadingUnits": "Cel",
            "RelatedItem": [
                {
                    "@odata.id": "/redfish/v1/CompositionService/ResourceBlocks/r001u01/Systems/1/Processors/2"
                }
            ],
            "SensingInterval": "PT10S"
        },
        {
            "@odata.etag": "\"38c467e03ff58f40450756af4fe54575\"",
            "@odata.id": "/redfish/v1/Chassis/r001u01/Sensors/P3_TEMP",
            "@odata.type": "#Sensor.v1_8_0.Sensor",
            "Id": "P3_TEMP",
            "Name": "P3_TEMP",
            "PhysicalContext": "CPU",
            "Reading": 74.0625,
            "ReadingTime": "2024-04-08T08:46:59Z",
            "ReadingType": "Temperature",
            "ReadingUnits": "Cel",
            "RelatedItem": [
                {
                    "@odata.id": "/redfish/v1/CompositionService/ResourceBlocks/r001u01/Systems/1/Processors/3"
                }
            ],
            "SensingInterval": "PT10S"
        },
        {
            "@odata.etag": "\"e866e7fdfcb7eefd61ac6d1f0d971539\"",
            "@odata.id": "/redfish/v1/Chassis/r001u01/Sensors/P0_THROT_OFFSET",
            "@odata.type": "#Sensor.v1_8_0.Sensor",
            "Id": "P0_THROT_OFFSET",
            "Name": "P0_THROT_OFFSET",
            "PhysicalContext": "CPU",
            "Reading": -29.1406,
            "ReadingTime": "2024-04-08T08:46:59Z",
            "ReadingType": "Temperature",
            "ReadingUnits": "Cel",
            "RelatedItem": [
                {
                    "@odata.id": "/redfish/v1/CompositionService/ResourceBlocks/r001u01/Systems/1/Processors/0"
                }
            ],
            "SensingInterval": "PT10S"
        },
        {
            "@odata.etag": "\"7a93c2fb762e672a053d3ce05e29cd5c\"",
            "@odata.id": "/redfish/v1/Chassis/r001u01/Sensors/P1_THROT_OFFSET",
            "@odata.type": "#Sensor.v1_8_0.Sensor",
            "Id": "P1_THROT_OFFSET",
            "Name": "P1_THROT_OFFSET",
            "PhysicalContext": "CPU",
            "Reading": -33.7656,
            "ReadingTime": "2024-04-08T08:46:59Z",
            "ReadingType": "Temperature",
            "ReadingUnits": "Cel",
            "RelatedItem": [
                {
                    "@odata.id": "/redfish/v1/CompositionService/ResourceBlocks/r001u01/Systems/1/Processors/1"
                }
            ],
            "SensingInterval": "PT10S"
        },
        {
            "@odata.etag": "\"6d2946c8b7edc659d1079598b52198fa\"",
            "@odata.id": "/redfish/v1/Chassis/r001u01/Sensors/P2_THROT_OFFSET",
            "@odata.type": "#Sensor.v1_8_0.Sensor",
            "Id": "P2_THROT_OFFSET",
            "Name": "P2_THROT_OFFSET",
            "PhysicalContext": "CPU",
            "Reading": -35.0156,
            "ReadingTime": "2024-04-08T08:46:59Z",
            "ReadingType": "Temperature",
            "ReadingUnits": "Cel",
            "RelatedItem": [
                {
                    "@odata.id": "/redfish/v1/CompositionService/ResourceBlocks/r001u01/Systems/1/Processors/2"
                }
            ],
            "SensingInterval": "PT10S"
        },
        {
            "@odata.etag": "\"25aa05b0a9b4a400ea2312a09997e878\"",
            "@odata.id": "/redfish/v1/Chassis/r001u01/Sensors/P3_THROT_OFFSET",
            "@odata.type": "#Sensor.v1_8_0.Sensor",
            "Id": "P3_THROT_OFFSET",
            "Name": "P3_THROT_OFFSET",
            "PhysicalContext": "CPU",
            "Reading": -21.9375,
            "ReadingTime": "2024-04-08T08:46:59Z",
            "ReadingType": "Temperature",
            "ReadingUnits": "Cel",
            "RelatedItem": [
                {
                    "@odata.id": "/redfish/v1/CompositionService/ResourceBlocks/r001u01/Systems/1/Processors/3"
                }
            ],
            "SensingInterval": "PT10S"
        },
        {
            "@odata.etag": "\"e168d2f6a94f71ac5b4982bff9bf9968\"",
            "@odata.id": "/redfish/v1/Chassis/r001u01/Sensors/HARP0_TEMP0",
            "@odata.type": "#Sensor.v1_8_0.Sensor",
            "Id": "HARP0_TEMP0",
            "Name": "HARP0_TEMP0",
            "PhysicalContext": "ASIC",
            "Reading": 72.0,
            "ReadingTime": "2024-04-08T08:46:59Z",
            "ReadingType": "Temperature",
            "ReadingUnits": "Cel",
            "RelatedItem": [
                {
                    "@odata.id": "/redfish/v1/Fabrics/FlexGrid/Switches/r001u01_HARP0"
                }
            ],
            "SensingInterval": "PT10S"
        },
        {
            "@odata.etag": "\"750bb049f9c308c7bbb1663c6f50e8fd\"",
            "@odata.id": "/redfish/v1/Chassis/r001u01/Sensors/HARP0_TEMP1",
            "@odata.type": "#Sensor.v1_8_0.Sensor",
            "Id": "HARP0_TEMP1",
            "Name": "HARP0_TEMP1",
            "PhysicalContext": "ASIC",
            "Reading": 72.0,
            "ReadingTime": "2024-04-08T08:46:59Z",
            "ReadingType": "Temperature",
            "ReadingUnits": "Cel",
            "RelatedItem": [
                {
                    "@odata.id": "/redfish/v1/Fabrics/FlexGrid/Switches/r001u01_HARP0"
                }
            ],
            "SensingInterval": "PT10S"
        },
        {
            "@odata.etag": "\"8037d57d2fa5cd89b45725b0c9f7a0c2\"",
            "@odata.id": "/redfish/v1/Chassis/r001u01/Sensors/HARP1_TEMP0",
            "@odata.type": "#Sensor.v1_8_0.Sensor",
            "Id": "HARP1_TEMP0",
            "Name": "HARP1_TEMP0",
            "PhysicalContext": "ASIC",
            "Reading": 75.0,
            "ReadingTime": "2024-04-08T08:46:59Z",
            "ReadingType": "Temperature",
            "ReadingUnits": "Cel",
            "RelatedItem": [
                {
                    "@odata.id": "/redfish/v1/Fabrics/FlexGrid/Switches/r001u01_HARP1"
                }
            ],
            "SensingInterval": "PT10S"
        },
        {
            "@odata.etag": "\"331c744bc2d1b19f114c0452c5359e42\"",
            "@odata.id": "/redfish/v1/Chassis/r001u01/Sensors/HARP1_TEMP1",
            "@odata.type": "#Sensor.v1_8_0.Sensor",
            "Id": "HARP1_TEMP1",
            "Name": "HARP1_TEMP1",
            "PhysicalContext": "ASIC",
            "Reading": 74.0,
            "ReadingTime": "2024-04-08T08:46:59Z",
            "ReadingType": "Temperature",
            "ReadingUnits": "Cel",
            "RelatedItem": [
                {
                    "@odata.id": "/redfish/v1/Fabrics/FlexGrid/Switches/r001u01_HARP1"
                }
            ],
            "SensingInterval": "PT10S"
        },
        {
            "@odata.etag": "\"12890276557295bc5834a443f9b66689\"",
            "@odata.id": "/redfish/v1/Chassis/r001u01/Sensors/BASEIO_TEMP1",
            "@odata.type": "#Sensor.v1_8_0.Sensor",
            "Id": "BASEIO_TEMP1",
            "Name": "BASEIO_TEMP1",
            "PhysicalContext": "Board",
            "Reading": 44.3125,
            "ReadingTime": "2024-04-08T08:46:59Z",
            "ReadingType": "Temperature",
            "ReadingUnits": "Cel",
            "RelatedItem": [
                {
                    "@odata.id": "/redfish/v1/Chassis/r001u01/Assembly#/Assemblies/2"
                }
            ],
            "SensingInterval": "PT10S"
        },
        {
            "@odata.etag": "\"2e367d291ac3867921ea74102194ed8c\"",
            "@odata.id": "/redfish/v1/Chassis/r001u01/Sensors/BASEIO_TEMP2",
            "@odata.type": "#Sensor.v1_8_0.Sensor",
            "Id": "BASEIO_TEMP2",
            "Name": "BASEIO_TEMP2",
            "PhysicalContext": "Board",
            "Reading": 41.1875,
            "ReadingTime": "2024-04-08T08:46:59Z",
            "ReadingType": "Temperature",
            "ReadingUnits": "Cel",
            "RelatedItem": [
                {
                    "@odata.id": "/redfish/v1/Chassis/r001u01/Assembly#/Assemblies/2"
                }
            ],
            "SensingInterval": "PT10S"
        },
        {
            "@odata.etag": "\"9e1bd0c492ca7a4d3a1f402957d3667f\"",
            "@odata.id": "/redfish/v1/Chassis/r001u01/Sensors/FP_INLET",
            "@odata.type": "#Sensor.v1_8_0.Sensor",
            "Id": "FP_INLET",
            "Name": "FP_INLET",
            "PhysicalContext": "Front",
            "Reading": 21.0,
            "ReadingTime": "2024-04-08T08:46:59Z",
            "ReadingType": "Temperature",
            "ReadingUnits": "Cel",
            "SensingInterval": "PT10S"
        },
        {
            "@odata.etag": "\"96be92eb03ef7f15086f7633b9e1995a\"",
            "@odata.id": "/redfish/v1/Chassis/r001u01/Sensors/MLB_INLET",
            "@odata.type": "#Sensor.v1_8_0.Sensor",
            "Id": "MLB_INLET",
            "Name": "MLB_INLET",
            "PhysicalContext": "Board",
            "Reading": 25.875,
            "ReadingTime": "2024-04-08T08:46:59Z",
            "ReadingType": "Temperature",
            "ReadingUnits": "Cel",
            "RelatedItem": [
                {
                    "@odata.id": "/redfish/v1/Chassis/r001u01/Assembly#/Assemblies/0"
                }
            ],
            "SensingInterval": "PT10S"
        },
        {
            "@odata.etag": "\"a1f25f82fe6fa188aec6a7f237d6360a\"",
            "@odata.id": "/redfish/v1/Chassis/r001u01/Sensors/MLB_OUTLET",
            "@odata.type": "#Sensor.v1_8_0.Sensor",
            "Id": "MLB_OUTLET",
            "Name": "MLB_OUTLET",
            "PhysicalContext": "Board",
            "Reading": 48.75,
            "ReadingTime": "2024-04-08T08:46:59Z",
            "ReadingType": "Temperature",
            "ReadingUnits": "Cel",
            "RelatedItem": [
                {
                    "@odata.id": "/redfish/v1/Chassis/r001u01/Assembly#/Assemblies/0"
                }
            ],
            "SensingInterval": "PT10S"
        },
        {
            "@odata.etag": "\"d5eb90829fedb4b57a7a1272bc9742f5\"",
            "@odata.id": "/redfish/v1/Chassis/r001u01/Sensors/CPU0_INLET",
            "@odata.type": "#Sensor.v1_8_0.Sensor",
            "Id": "CPU0_INLET",
            "Name": "CPU0_INLET",
            "PhysicalContext": "Board",
            "Reading": 45.0,
            "ReadingTime": "2024-04-08T08:46:59Z",
            "ReadingType": "Temperature",
            "ReadingUnits": "Cel",
            "RelatedItem": [
                {
                    "@odata.id": "/redfish/v1/Chassis/r001u01/Assembly#/Assemblies/0"
                }
            ],
            "SensingInterval": "PT10S"
        },
        {
            "@odata.etag": "\"17f3f880f8032be3c524970d0d159103\"",
            "@odata.id": "/redfish/v1/Chassis/r001u01/Sensors/CPU2_INLET",
            "@odata.type": "#Sensor.v1_8_0.Sensor",
            "Id": "CPU2_INLET",
            "Name": "CPU2_INLET",
            "PhysicalContext": "Board",
            "Reading": 45.375,
            "ReadingTime": "2024-04-08T08:46:59Z",
            "ReadingType": "Temperature",
            "ReadingUnits": "Cel",
            "RelatedItem": [
                {
                    "@odata.id": "/redfish/v1/Chassis/r001u01/Assembly#/Assemblies/0"
                }
            ],
            "SensingInterval": "PT10S"
        },
        {
            "@odata.etag": "\"e5a78e8571cdd5c3ddc0b71485683eec\"",
            "@odata.id": "/redfish/v1/Chassis/r001u01/Sensors/HARP0_INLET",
            "@odata.type": "#Sensor.v1_8_0.Sensor",
            "Id": "HARP0_INLET",
            "Name": "HARP0_INLET",
            "PhysicalContext": "ASIC",
            "Reading": 32.1875,
            "ReadingTime": "2024-04-08T08:46:59Z",
            "ReadingType": "Temperature",
            "ReadingUnits": "Cel",
            "RelatedItem": [
                {
                    "@odata.id": "/redfish/v1/Fabrics/FlexGrid/Switches/r001u01_HARP0"
                }
            ],
            "SensingInterval": "PT10S"
        },
        {
            "@odata.etag": "\"0d43ffa4d882961141130a2a35d38501\"",
            "@odata.id": "/redfish/v1/Chassis/r001u01/Sensors/HARP0_OUTLET",
            "@odata.type": "#Sensor.v1_8_0.Sensor",
            "Id": "HARP0_OUTLET",
            "Name": "HARP0_OUTLET",
            "PhysicalContext": "ASIC",
            "Reading": 47.625,
            "ReadingTime": "2024-04-08T08:46:59Z",
            "ReadingType": "Temperature",
            "ReadingUnits": "Cel",
            "RelatedItem": [
                {
                    "@odata.id": "/redfish/v1/Fabrics/FlexGrid/Switches/r001u01_HARP0"
                }
            ],
            "SensingInterval": "PT10S"
        },
        {
            "@odata.etag": "\"3f9416a2f67064583cc2cd84b4841cf9\"",
            "@odata.id": "/redfish/v1/Chassis/r001u01/Sensors/HARP1_INLET",
            "@odata.type": "#Sensor.v1_8_0.Sensor",
            "Id": "HARP1_INLET",
            "Name": "HARP1_INLET",
            "PhysicalContext": "ASIC",
            "Reading": 33.125,
            "ReadingTime": "2024-04-08T08:46:59Z",
            "ReadingType": "Temperature",
            "ReadingUnits": "Cel",
            "RelatedItem": [
                {
                    "@odata.id": "/redfish/v1/Fabrics/FlexGrid/Switches/r001u01_HARP1"
                }
            ],
            "SensingInterval": "PT10S"
        },
        {
            "@odata.etag": "\"20a064528ef76ff6037c0369d5556988\"",
            "@odata.id": "/redfish/v1/Chassis/r001u01/Sensors/HARP1_OUTLET",
            "@odata.type": "#Sensor.v1_8_0.Sensor",
            "Id": "HARP1_OUTLET",
            "Name": "HARP1_OUTLET",
            "PhysicalContext": "ASIC",
            "Reading": 48.25,
            "ReadingTime": "2024-04-08T08:46:59Z",
            "ReadingType": "Temperature",
            "ReadingUnits": "Cel",
            "RelatedItem": [
                {
                    "@odata.id": "/redfish/v1/Fabrics/FlexGrid/Switches/r001u01_HARP1"
                }
            ],
            "SensingInterval": "PT10S"
        },
        {
            "@odata.etag": "\"206b9ebd29df1e10ec39dab6e7744565\"",
            "@odata.id": "/redfish/v1/Chassis/r001u01/Sensors/PWRB_TEMP1",
            "@odata.type": "#Sensor.v1_8_0.Sensor",
            "Id": "PWRB_TEMP1",
            "Name": "PWRB_TEMP1",
            "PhysicalContext": "Board",
            "Reading": 40.5625,
            "ReadingTime": "2024-04-08T08:46:59Z",
            "ReadingType": "Temperature",
            "ReadingUnits": "Cel",
            "RelatedItem": [
                {
                    "@odata.id": "/redfish/v1/Chassis/r001u01/Assembly#/Assemblies/1"
                }
            ],
            "SensingInterval": "PT10S"
        },
        {
            "@odata.etag": "\"b37fedba731d3cf1e4da2c1f12089b58\"",
            "@odata.id": "/redfish/v1/Chassis/r001u01/Sensors/PWRB_TEMP2",
            "@odata.type": "#Sensor.v1_8_0.Sensor",
            "Id": "PWRB_TEMP2",
            "Name": "PWRB_TEMP2",
            "PhysicalContext": "Board",
            "Reading": 39.75,
            "ReadingTime": "2024-04-08T08:46:59Z",
            "ReadingType": "Temperature",
            "ReadingUnits": "Cel",
            "RelatedItem": [
                {
                    "@odata.id": "/redfish/v1/Chassis/r001u01/Assembly#/Assemblies/1"
                }
            ],
            "SensingInterval": "PT10S"
        },
        {
            "@odata.etag": "\"4a999766e596db3c214cd1787fb0712b\"",
            "@odata.id": "/redfish/v1/Chassis/r001u01/Sensors/PWRB_TEMP3",
            "@odata.type": "#Sensor.v1_8_0.Sensor",
            "Id": "PWRB_TEMP3",
            "Name": "PWRB_TEMP3",
            "PhysicalContext": "Board",
            "Reading": 34.5625,
            "ReadingTime": "2024-04-08T08:46:59Z",
            "ReadingType": "Temperature",
            "ReadingUnits": "Cel",
            "RelatedItem": [
                {
                    "@odata.id": "/redfish/v1/Chassis/r001u01/Assembly#/Assemblies/1"
                }
            ],
            "SensingInterval": "PT10S"
        },
        {
            "@odata.etag": "\"89d897f82ce52ef86978bf52b9305de5\"",
            "@odata.id": "/redfish/v1/Chassis/r001u01/Sensors/PWRB_TEMP4",
            "@odata.type": "#Sensor.v1_8_0.Sensor",
            "Id": "PWRB_TEMP4",
            "Name": "PWRB_TEMP4",
            "PhysicalContext": "Board",
            "Reading": 34.125,
            "ReadingTime": "2024-04-08T08:46:59Z",
            "ReadingType": "Temperature",
            "ReadingUnits": "Cel",
            "RelatedItem": [
                {
                    "@odata.id": "/redfish/v1/Chassis/r001u01/Assembly#/Assemblies/1"
                }
            ],
            "SensingInterval": "PT10S"
        },
        {
            "@odata.etag": "\"4c01d57988fe5ca020d577087b3aab09\"",
            "@odata.id": "/redfish/v1/Chassis/r001u01/Sensors/PCIE_RISER0_TEMP",
            "@odata.type": "#Sensor.v1_8_0.Sensor",
            "Id": "PCIE_RISER0_TEMP",
            "Name": "PCIE_RISER0_TEMP",
            "PhysicalContext": null,
            "Reading": 31.125,
            "ReadingTime": "2024-04-08T08:46:59Z",
            "ReadingType": "Temperature",
            "ReadingUnits": "Cel",
            "SensingInterval": "PT10S"
        },
        {
            "@odata.etag": "\"cafc97d7c87bb1b1c62d2c20f8b65d2a\"",
            "@odata.id": "/redfish/v1/Chassis/r001u01/Sensors/PCIE_RISER1_TEMP",
            "@odata.type": "#Sensor.v1_8_0.Sensor",
            "Id": "PCIE_RISER1_TEMP",
            "Name": "PCIE_RISER1_TEMP",
            "PhysicalContext": null,
            "Reading": 26.25,
            "ReadingTime": "2024-04-08T08:46:59Z",
            "ReadingType": "Temperature",
            "ReadingUnits": "Cel",
            "SensingInterval": "PT10S"
        },
        {
            "@odata.etag": "\"e14caed6b3d478402352c926e9fcbd0e\"",
            "@odata.id": "/redfish/v1/Chassis/r001u01/Sensors/PCIE_RISER2_TEMP",
            "@odata.type": "#Sensor.v1_8_0.Sensor",
            "Id": "PCIE_RISER2_TEMP",
            "Name": "PCIE_RISER2_TEMP",
            "PhysicalContext": null,
            "Reading": 26.6875,
            "ReadingTime": "2024-04-08T08:46:59Z",
            "ReadingType": "Temperature",
            "ReadingUnits": "Cel",
            "SensingInterval": "PT10S"
        },
        {
            "@odata.etag": "\"7bf3991aa750563ff35ff69f8bdcdb40\"",
            "@odata.id": "/redfish/v1/Chassis/r001u01/Sensors/P0-DIMMA0",
            "@odata.type": "#Sensor.v1_8_0.Sensor",
            "Id": "P0-DIMMA0",
            "Name": "P0-DIMMA0",
            "PhysicalContext": "Memory",
            "Reading": 55.0,
            "ReadingTime": "2024-04-08T08:46:59Z",
            "ReadingType": "Temperature",
            "ReadingUnits": "Cel",
            "RelatedItem": [
                {
                    "@odata.id": "/redfish/v1/CompositionService/ResourceBlocks/r001u01/Systems/1/Memory/0000000101000074"
                }
            ],
            "SensingInterval": "PT10S"
        },
        {
            "@odata.etag": "\"c902b2e889157a1e179358edd5d22ff2\"",
            "@odata.id": "/redfish/v1/Chassis/r001u01/Sensors/P0-DIMMA1",
            "@odata.type": "#Sensor.v1_8_0.Sensor",
            "Id": "P0-DIMMA1",
            "Name": "P0-DIMMA1",
            "PhysicalContext": "Memory",
            "Reading": 59.0,
            "ReadingTime": "2024-04-08T08:46:59Z",
            "ReadingType": "Temperature",
            "ReadingUnits": "Cel",
            "RelatedItem": [
                {
                    "@odata.id": "/redfish/v1/CompositionService/ResourceBlocks/r001u01/Systems/1/Memory/0100000101000074"
                }
            ],
            "SensingInterval": "PT10S"
        },
        {
            "@odata.etag": "\"9fb5e98a71836856df2fb01cf97a4cd7\"",
            "@odata.id": "/redfish/v1/Chassis/r001u01/Sensors/P0-DIMMB0",
            "@odata.type": "#Sensor.v1_8_0.Sensor",
            "Id": "P0-DIMMB0",
            "Name": "P0-DIMMB0",
            "PhysicalContext": "Memory",
            "Reading": 51.0,
            "ReadingTime": "2024-04-08T08:46:59Z",
            "ReadingType": "Temperature",
            "ReadingUnits": "Cel",
            "RelatedItem": [
                {
                    "@odata.id": "/redfish/v1/CompositionService/ResourceBlocks/r001u01/Systems/1/Memory/0001000101000074"
                }
            ],
            "SensingInterval": "PT10S"
        },
        {
            "@odata.etag": "\"aaa4c5d62697c21b7b57698c61d348a4\"",
            "@odata.id": "/redfish/v1/Chassis/r001u01/Sensors/P0-DIMMB1",
            "@odata.type": "#Sensor.v1_8_0.Sensor",
            "Id": "P0-DIMMB1",
            "Name": "P0-DIMMB1",
            "PhysicalContext": "Memory",
            "Reading": 53.0,
            "ReadingTime": "2024-04-08T08:46:59Z",
            "ReadingType": "Temperature",
            "ReadingUnits": "Cel",
            "RelatedItem": [
                {
                    "@odata.id": "/redfish/v1/CompositionService/ResourceBlocks/r001u01/Systems/1/Memory/0101000101000074"
                }
            ],
            "SensingInterval": "PT10S"
        },
        {
            "@odata.etag": "\"229ebf26a22a9f87f8307ed1c7978897\"",
            "@odata.id": "/redfish/v1/Chassis/r001u01/Sensors/P0-DIMMC0",
            "@odata.type": "#Sensor.v1_8_0.Sensor",
            "Id": "P0-DIMMC0",
            "Name": "P0-DIMMC0",
            "PhysicalContext": "Memory",
            "Reading": 51.0,
            "ReadingTime": "2024-04-08T08:46:59Z",
            "ReadingType": "Temperature",
            "ReadingUnits": "Cel",
            "RelatedItem": [
                {
                    "@odata.id": "/redfish/v1/CompositionService/ResourceBlocks/r001u01/Systems/1/Memory/0002010101000074"
                }
            ],
            "SensingInterval": "PT10S"
        },
        {
            "@odata.etag": "\"0d5a37bfbd660a5095b52acc5899284b\"",
            "@odata.id": "/redfish/v1/Chassis/r001u01/Sensors/P0-DIMMC1",
            "@odata.type": "#Sensor.v1_8_0.Sensor",
            "Id": "P0-DIMMC1",
            "Name": "P0-DIMMC1",
            "PhysicalContext": "Memory",
            "Reading": 51.0,
            "ReadingTime": "2024-04-08T08:46:59Z",
            "ReadingType": "Temperature",
            "ReadingUnits": "Cel",
            "RelatedItem": [
                {
                    "@odata.id": "/redfish/v1/CompositionService/ResourceBlocks/r001u01/Systems/1/Memory/0102010101000074"
                }
            ],
            "SensingInterval": "PT10S"
        },
        {
            "@odata.etag": "\"470515e69205d4381fb6543a5896b6fc\"",
            "@odata.id": "/redfish/v1/Chassis/r001u01/Sensors/P0-DIMMD0",
            "@odata.type": "#Sensor.v1_8_0.Sensor",
            "Id": "P0-DIMMD0",
            "Name": "P0-DIMMD0",
            "PhysicalContext": "Memory",
            "Reading": 54.0,
            "ReadingTime": "2024-04-08T08:46:59Z",
            "ReadingType": "Temperature",
            "ReadingUnits": "Cel",
            "RelatedItem": [
                {
                    "@odata.id": "/redfish/v1/CompositionService/ResourceBlocks/r001u01/Systems/1/Memory/0003010101000074"
                }
            ],
            "SensingInterval": "PT10S"
        },
        {
            "@odata.etag": "\"0898714a9f31ec401cd8d5de3b07a78a\"",
            "@odata.id": "/redfish/v1/Chassis/r001u01/Sensors/P0-DIMMD1",
            "@odata.type": "#Sensor.v1_8_0.Sensor",
            "Id": "P0-DIMMD1",
            "Name": "P0-DIMMD1",
            "PhysicalContext": "Memory",
            "Reading": 53.0,
            "ReadingTime": "2024-04-08T08:46:59Z",
            "ReadingType": "Temperature",
            "ReadingUnits": "Cel",
            "RelatedItem": [
                {
                    "@odata.id": "/redfish/v1/CompositionService/ResourceBlocks/r001u01/Systems/1/Memory/0103010101000074"
                }
            ],
            "SensingInterval": "PT10S"
        },
        {
            "@odata.etag": "\"992830a93e426e8927a49155c49c2f3d\"",
            "@odata.id": "/redfish/v1/Chassis/r001u01/Sensors/P0-DIMME0",
            "@odata.type": "#Sensor.v1_8_0.Sensor",
            "Id": "P0-DIMME0",
            "Name": "P0-DIMME0",
            "PhysicalContext": "Memory",
            "Reading": 64.0,
            "ReadingTime": "2024-04-08T08:46:59Z",
            "ReadingType": "Temperature",
            "ReadingUnits": "Cel",
            "RelatedItem": [
                {
                    "@odata.id": "/redfish/v1/CompositionService/ResourceBlocks/r001u01/Systems/1/Memory/0004020101000074"
                }
            ],
            "SensingInterval": "PT10S"
        },
        {
            "@odata.etag": "\"b53738a40f65558f755e22f3e5c7712e\"",
            "@odata.id": "/redfish/v1/Chassis/r001u01/Sensors/P0-DIMME1",
            "@odata.type": "#Sensor.v1_8_0.Sensor",
            "Id": "P0-DIMME1",
            "Name": "P0-DIMME1",
            "PhysicalContext": "Memory",
            "Reading": 64.0,
            "ReadingTime": "2024-04-08T08:46:59Z",
            "ReadingType": "Temperature",
            "ReadingUnits": "Cel",
            "RelatedItem": [
                {
                    "@odata.id": "/redfish/v1/CompositionService/ResourceBlocks/r001u01/Systems/1/Memory/0104020101000074"
                }
            ],
            "SensingInterval": "PT10S"
        },
        {
            "@odata.etag": "\"36fbb46135b060913e4541ddba90379b\"",
            "@odata.id": "/redfish/v1/Chassis/r001u01/Sensors/P0-DIMMF0",
            "@odata.type": "#Sensor.v1_8_0.Sensor",
            "Id": "P0-DIMMF0",
            "Name": "P0-DIMMF0",
            "PhysicalContext": "Memory",
            "Reading": 64.0,
            "ReadingTime": "2024-04-08T08:46:59Z",
            "ReadingType": "Temperature",
            "ReadingUnits": "Cel",
            "RelatedItem": [
                {
                    "@odata.id": "/redfish/v1/CompositionService/ResourceBlocks/r001u01/Systems/1/Memory/0005020101000074"
                }
            ],
            "SensingInterval": "PT10S"
        },
        {
            "@odata.etag": "\"7c5c1d51fbe16affa421e20599e30fa7\"",
            "@odata.id": "/redfish/v1/Chassis/r001u01/Sensors/P0-DIMMF1",
            "@odata.type": "#Sensor.v1_8_0.Sensor",
            "Id": "P0-DIMMF1",
            "Name": "P0-DIMMF1",
            "PhysicalContext": "Memory",
            "Reading": 63.0,
            "ReadingTime": "2024-04-08T08:46:59Z",
            "ReadingType": "Temperature",
            "ReadingUnits": "Cel",
            "RelatedItem": [
                {
                    "@odata.id": "/redfish/v1/CompositionService/ResourceBlocks/r001u01/Systems/1/Memory/0105020101000074"
                }
            ],
            "SensingInterval": "PT10S"
        },
        {
            "@odata.etag": "\"40e70d346a2bd7cfc8e7c5fe5dd26a23\"",
            "@odata.id": "/redfish/v1/Chassis/r001u01/Sensors/P0-DIMMG0",
            "@odata.type": "#Sensor.v1_8_0.Sensor",
            "Id": "P0-DIMMG0",
            "Name": "P0-DIMMG0",
            "PhysicalContext": "Memory",
            "Reading": 62.0,
            "ReadingTime": "2024-04-08T08:46:59Z",
            "ReadingType": "Temperature",
            "ReadingUnits": "Cel",
            "RelatedItem": [
                {
                    "@odata.id": "/redfish/v1/CompositionService/ResourceBlocks/r001u01/Systems/1/Memory/0006030101000074"
                }
            ],
            "SensingInterval": "PT10S"
        },
        {
            "@odata.etag": "\"d4f664c079b2fde8f59cfe941f21abbc\"",
            "@odata.id": "/redfish/v1/Chassis/r001u01/Sensors/P0-DIMMG1",
            "@odata.type": "#Sensor.v1_8_0.Sensor",
            "Id": "P0-DIMMG1",
            "Name": "P0-DIMMG1",
            "PhysicalContext": "Memory",
            "Reading": 63.0,
            "ReadingTime": "2024-04-08T08:46:59Z",
            "ReadingType": "Temperature",
            "ReadingUnits": "Cel",
            "RelatedItem": [
                {
                    "@odata.id": "/redfish/v1/CompositionService/ResourceBlocks/r001u01/Systems/1/Memory/0106030101000074"
                }
            ],
            "SensingInterval": "PT10S"
        },
        {
            "@odata.etag": "\"56ee5ef4965da33d4ca0db58b76c73ec\"",
            "@odata.id": "/redfish/v1/Chassis/r001u01/Sensors/P0-DIMMH0",
            "@odata.type": "#Sensor.v1_8_0.Sensor",
            "Id": "P0-DIMMH0",
            "Name": "P0-DIMMH0",
            "PhysicalContext": "Memory",
            "Reading": 58.0,
            "ReadingTime": "2024-04-08T08:46:59Z",
            "ReadingType": "Temperature",
            "ReadingUnits": "Cel",
            "RelatedItem": [
                {
                    "@odata.id": "/redfish/v1/CompositionService/ResourceBlocks/r001u01/Systems/1/Memory/0007030101000074"
                }
            ],
            "SensingInterval": "PT10S"
        },
        {
            "@odata.etag": "\"46674cf077b6921ef152bdd39d27d6cd\"",
            "@odata.id": "/redfish/v1/Chassis/r001u01/Sensors/P0-DIMMH1",
            "@odata.type": "#Sensor.v1_8_0.Sensor",
            "Id": "P0-DIMMH1",
            "Name": "P0-DIMMH1",
            "PhysicalContext": "Memory",
            "Reading": 61.0,
            "ReadingTime": "2024-04-08T08:46:59Z",
            "ReadingType": "Temperature",
            "ReadingUnits": "Cel",
            "RelatedItem": [
                {
                    "@odata.id": "/redfish/v1/CompositionService/ResourceBlocks/r001u01/Systems/1/Memory/0107030101000074"
                }
            ],
            "SensingInterval": "PT10S"
        },
        {
            "@odata.etag": "\"de1350a500e17c624e4ccf7cc748cc07\"",
            "@odata.id": "/redfish/v1/Chassis/r001u01/Sensors/P1-DIMMA0",
            "@odata.type": "#Sensor.v1_8_0.Sensor",
            "Id": "P1-DIMMA0",
            "Name": "P1-DIMMA0",
            "PhysicalContext": "Memory",
            "Reading": 49.0,
            "ReadingTime": "2024-04-08T08:46:59Z",
            "ReadingType": "Temperature",
            "ReadingUnits": "Cel",
            "RelatedItem": [
                {
                    "@odata.id": "/redfish/v1/CompositionService/ResourceBlocks/r001u01/Systems/1/Memory/0000000101010074"
                }
            ],
            "SensingInterval": "PT10S"
        },
        {
            "@odata.etag": "\"f44292c1c7c63dce5b48b7f3421ef7b2\"",
            "@odata.id": "/redfish/v1/Chassis/r001u01/Sensors/P1-DIMMA1",
            "@odata.type": "#Sensor.v1_8_0.Sensor",
            "Id": "P1-DIMMA1",
            "Name": "P1-DIMMA1",
            "PhysicalContext": "Memory",
            "Reading": 50.0,
            "ReadingTime": "2024-04-08T08:46:59Z",
            "ReadingType": "Temperature",
            "ReadingUnits": "Cel",
            "RelatedItem": [
                {
                    "@odata.id": "/redfish/v1/CompositionService/ResourceBlocks/r001u01/Systems/1/Memory/0100000101010074"
                }
            ],
            "SensingInterval": "PT10S"
        },
        {
            "@odata.etag": "\"0afbbd1bceb77c42b2e09d00afee4a18\"",
            "@odata.id": "/redfish/v1/Chassis/r001u01/Sensors/P1-DIMMB0",
            "@odata.type": "#Sensor.v1_8_0.Sensor",
            "Id": "P1-DIMMB0",
            "Name": "P1-DIMMB0",
            "PhysicalContext": "Memory",
            "Reading": 47.0,
            "ReadingTime": "2024-04-08T08:46:59Z",
            "ReadingType": "Temperature",
            "ReadingUnits": "Cel",
            "RelatedItem": [
                {
                    "@odata.id": "/redfish/v1/CompositionService/ResourceBlocks/r001u01/Systems/1/Memory/0001000101010074"
                }
            ],
            "SensingInterval": "PT10S"
        },
        {
            "@odata.etag": "\"f769261b192a275e5efcd566c8510414\"",
            "@odata.id": "/redfish/v1/Chassis/r001u01/Sensors/P1-DIMMB1",
            "@odata.type": "#Sensor.v1_8_0.Sensor",
            "Id": "P1-DIMMB1",
            "Name": "P1-DIMMB1",
            "PhysicalContext": "Memory",
            "Reading": 48.0,
            "ReadingTime": "2024-04-08T08:46:59Z",
            "ReadingType": "Temperature",
            "ReadingUnits": "Cel",
            "RelatedItem": [
                {
                    "@odata.id": "/redfish/v1/CompositionService/ResourceBlocks/r001u01/Systems/1/Memory/0101000101010074"
                }
            ],
            "SensingInterval": "PT10S"
        },
        {
            "@odata.etag": "\"ef07ac69365aa6ac80bafd77c3c1aea1\"",
            "@odata.id": "/redfish/v1/Chassis/r001u01/Sensors/P1-DIMMC0",
            "@odata.type": "#Sensor.v1_8_0.Sensor",
            "Id": "P1-DIMMC0",
            "Name": "P1-DIMMC0",
            "PhysicalContext": "Memory",
            "Reading": 47.0,
            "ReadingTime": "2024-04-08T08:46:59Z",
            "ReadingType": "Temperature",
            "ReadingUnits": "Cel",
            "RelatedItem": [
                {
                    "@odata.id": "/redfish/v1/CompositionService/ResourceBlocks/r001u01/Systems/1/Memory/0002010101010074"
                }
            ],
            "SensingInterval": "PT10S"
        },
        {
            "@odata.etag": "\"1f2a1ce4b1baa7b2322a6afd78ab099a\"",
            "@odata.id": "/redfish/v1/Chassis/r001u01/Sensors/P1-DIMMC1",
            "@odata.type": "#Sensor.v1_8_0.Sensor",
            "Id": "P1-DIMMC1",
            "Name": "P1-DIMMC1",
            "PhysicalContext": "Memory",
            "Reading": 48.0,
            "ReadingTime": "2024-04-08T08:46:59Z",
            "ReadingType": "Temperature",
            "ReadingUnits": "Cel",
            "RelatedItem": [
                {
                    "@odata.id": "/redfish/v1/CompositionService/ResourceBlocks/r001u01/Systems/1/Memory/0102010101010074"
                }
            ],
            "SensingInterval": "PT10S"
        },
        {
            "@odata.etag": "\"11d15290f2fc4dc0e3db00fd50729d57\"",
            "@odata.id": "/redfish/v1/Chassis/r001u01/Sensors/P1-DIMMD0",
            "@odata.type": "#Sensor.v1_8_0.Sensor",
            "Id": "P1-DIMMD0",
            "Name": "P1-DIMMD0",
            "PhysicalContext": "Memory",
            "Reading": 43.0,
            "ReadingTime": "2024-04-08T08:46:59Z",
            "ReadingType": "Temperature",
            "ReadingUnits": "Cel",
            "RelatedItem": [
                {
                    "@odata.id": "/redfish/v1/CompositionService/ResourceBlocks/r001u01/Systems/1/Memory/0003010101010074"
                }
            ],
            "SensingInterval": "PT10S"
        },
        {
            "@odata.etag": "\"d7532bf303b874ffdc5a2de6364ab459\"",
            "@odata.id": "/redfish/v1/Chassis/r001u01/Sensors/P1-DIMMD1",
            "@odata.type": "#Sensor.v1_8_0.Sensor",
            "Id": "P1-DIMMD1",
            "Name": "P1-DIMMD1",
            "PhysicalContext": "Memory",
            "Reading": 46.0,
            "ReadingTime": "2024-04-08T08:46:59Z",
            "ReadingType": "Temperature",
            "ReadingUnits": "Cel",
            "RelatedItem": [
                {
                    "@odata.id": "/redfish/v1/CompositionService/ResourceBlocks/r001u01/Systems/1/Memory/0103010101010074"
                }
            ],
            "SensingInterval": "PT10S"
        },
        {
            "@odata.etag": "\"e0b49784309b2a89915ad8895cd71895\"",
            "@odata.id": "/redfish/v1/Chassis/r001u01/Sensors/P1-DIMME0",
            "@odata.type": "#Sensor.v1_8_0.Sensor",
            "Id": "P1-DIMME0",
            "Name": "P1-DIMME0",
            "PhysicalContext": "Memory",
            "Reading": 44.0,
            "ReadingTime": "2024-04-08T08:46:59Z",
            "ReadingType": "Temperature",
            "ReadingUnits": "Cel",
            "RelatedItem": [
                {
                    "@odata.id": "/redfish/v1/CompositionService/ResourceBlocks/r001u01/Systems/1/Memory/0004020101010074"
                }
            ],
            "SensingInterval": "PT10S"
        },
        {
            "@odata.etag": "\"b609d7f91d39c6e6eb350debd4eeead0\"",
            "@odata.id": "/redfish/v1/Chassis/r001u01/Sensors/P1-DIMME1",
            "@odata.type": "#Sensor.v1_8_0.Sensor",
            "Id": "P1-DIMME1",
            "Name": "P1-DIMME1",
            "PhysicalContext": "Memory",
            "Reading": 49.0,
            "ReadingTime": "2024-04-08T08:46:59Z",
            "ReadingType": "Temperature",
            "ReadingUnits": "Cel",
            "RelatedItem": [
                {
                    "@odata.id": "/redfish/v1/CompositionService/ResourceBlocks/r001u01/Systems/1/Memory/0104020101010074"
                }
            ],
            "SensingInterval": "PT10S"
        },
        {
            "@odata.etag": "\"f5389f7e1979626691cb91c6cf706f63\"",
            "@odata.id": "/redfish/v1/Chassis/r001u01/Sensors/P1-DIMMF0",
            "@odata.type": "#Sensor.v1_8_0.Sensor",
            "Id": "P1-DIMMF0",
            "Name": "P1-DIMMF0",
            "PhysicalContext": "Memory",
            "Reading": 43.0,
            "ReadingTime": "2024-04-08T08:46:59Z",
            "ReadingType": "Temperature",
            "ReadingUnits": "Cel",
            "RelatedItem": [
                {
                    "@odata.id": "/redfish/v1/CompositionService/ResourceBlocks/r001u01/Systems/1/Memory/0005020101010074"
                }
            ],
            "SensingInterval": "PT10S"
        },
        {
            "@odata.etag": "\"2548dbc0f796f55354c2e148ac886d55\"",
            "@odata.id": "/redfish/v1/Chassis/r001u01/Sensors/P1-DIMMF1",
            "@odata.type": "#Sensor.v1_8_0.Sensor",
            "Id": "P1-DIMMF1",
            "Name": "P1-DIMMF1",
            "PhysicalContext": "Memory",
            "Reading": 43.0,
            "ReadingTime": "2024-04-08T08:46:59Z",
            "ReadingType": "Temperature",
            "ReadingUnits": "Cel",
            "RelatedItem": [
                {
                    "@odata.id": "/redfish/v1/CompositionService/ResourceBlocks/r001u01/Systems/1/Memory/0105020101010074"
                }
            ],
            "SensingInterval": "PT10S"
        },
        {
            "@odata.etag": "\"e71276ce82926ae0989c0b6cc2231b17\"",
            "@odata.id": "/redfish/v1/Chassis/r001u01/Sensors/P1-DIMMG0",
            "@odata.type": "#Sensor.v1_8_0.Sensor",
            "Id": "P1-DIMMG0",
            "Name": "P1-DIMMG0",
            "PhysicalContext": "Memory",
            "Reading": 43.0,
            "ReadingTime": "2024-04-08T08:46:59Z",
            "ReadingType": "Temperature",
            "ReadingUnits": "Cel",
            "RelatedItem": [
                {
                    "@odata.id": "/redfish/v1/CompositionService/ResourceBlocks/r001u01/Systems/1/Memory/0006030101010074"
                }
            ],
            "SensingInterval": "PT10S"
        },
        {
            "@odata.etag": "\"d3d515164552241ef30bc57352b76853\"",
            "@odata.id": "/redfish/v1/Chassis/r001u01/Sensors/P1-DIMMG1",
            "@odata.type": "#Sensor.v1_8_0.Sensor",
            "Id": "P1-DIMMG1",
            "Name": "P1-DIMMG1",
            "PhysicalContext": "Memory",
            "Reading": 42.0,
            "ReadingTime": "2024-04-08T08:46:59Z",
            "ReadingType": "Temperature",
            "ReadingUnits": "Cel",
            "RelatedItem": [
                {
                    "@odata.id": "/redfish/v1/CompositionService/ResourceBlocks/r001u01/Systems/1/Memory/0106030101010074"
                }
            ],
            "SensingInterval": "PT10S"
        },
        {
            "@odata.etag": "\"a454d91fa97dd955c8b517b17a196c0b\"",
            "@odata.id": "/redfish/v1/Chassis/r001u01/Sensors/P1-DIMMH0",
            "@odata.type": "#Sensor.v1_8_0.Sensor",
            "Id": "P1-DIMMH0",
            "Name": "P1-DIMMH0",
            "PhysicalContext": "Memory",
            "Reading": 44.0,
            "ReadingTime": "2024-04-08T08:46:59Z",
            "ReadingType": "Temperature",
            "ReadingUnits": "Cel",
            "RelatedItem": [
                {
                    "@odata.id": "/redfish/v1/CompositionService/ResourceBlocks/r001u01/Systems/1/Memory/0007030101010074"
                }
            ],
            "SensingInterval": "PT10S"
        },
        {
            "@odata.etag": "\"ab2e6715433a01d08d7d260196594368\"",
            "@odata.id": "/redfish/v1/Chassis/r001u01/Sensors/P1-DIMMH1",
            "@odata.type": "#Sensor.v1_8_0.Sensor",
            "Id": "P1-DIMMH1",
            "Name": "P1-DIMMH1",
            "PhysicalContext": "Memory",
            "Reading": 45.0,
            "ReadingTime": "2024-04-08T08:46:59Z",
            "ReadingType": "Temperature",
            "ReadingUnits": "Cel",
            "RelatedItem": [
                {
                    "@odata.id": "/redfish/v1/CompositionService/ResourceBlocks/r001u01/Systems/1/Memory/0107030101010074"
                }
            ],
            "SensingInterval": "PT10S"
        },
        {
            "@odata.etag": "\"6a289ec4f5295a73351c2abaf3c71252\"",
            "@odata.id": "/redfish/v1/Chassis/r001u01/Sensors/P2-DIMMA0",
            "@odata.type": "#Sensor.v1_8_0.Sensor",
            "Id": "P2-DIMMA0",
            "Name": "P2-DIMMA0",
            "PhysicalContext": "Memory",
            "Reading": 61.0,
            "ReadingTime": "2024-04-08T08:46:59Z",
            "ReadingType": "Temperature",
            "ReadingUnits": "Cel",
            "RelatedItem": [
                {
                    "@odata.id": "/redfish/v1/CompositionService/ResourceBlocks/r001u01/Systems/1/Memory/0000000101000174"
                }
            ],
            "SensingInterval": "PT10S"
        },
        {
            "@odata.etag": "\"b8d1d907524d9ed742f803070067cd81\"",
            "@odata.id": "/redfish/v1/Chassis/r001u01/Sensors/P2-DIMMA1",
            "@odata.type": "#Sensor.v1_8_0.Sensor",
            "Id": "P2-DIMMA1",
            "Name": "P2-DIMMA1",
            "PhysicalContext": "Memory",
            "Reading": 62.0,
            "ReadingTime": "2024-04-08T08:46:59Z",
            "ReadingType": "Temperature",
            "ReadingUnits": "Cel",
            "RelatedItem": [
                {
                    "@odata.id": "/redfish/v1/CompositionService/ResourceBlocks/r001u01/Systems/1/Memory/0100000101000174"
                }
            ],
            "SensingInterval": "PT10S"
        },
        {
            "@odata.etag": "\"ca08a4c5d79bd488da5f096ab8473d5c\"",
            "@odata.id": "/redfish/v1/Chassis/r001u01/Sensors/P2-DIMMB0",
            "@odata.type": "#Sensor.v1_8_0.Sensor",
            "Id": "P2-DIMMB0",
            "Name": "P2-DIMMB0",
            "PhysicalContext": "Memory",
            "Reading": 59.0,
            "ReadingTime": "2024-04-08T08:46:59Z",
            "ReadingType": "Temperature",
            "ReadingUnits": "Cel",
            "RelatedItem": [
                {
                    "@odata.id": "/redfish/v1/CompositionService/ResourceBlocks/r001u01/Systems/1/Memory/0001000101000174"
                }
            ],
            "SensingInterval": "PT10S"
        },
        {
            "@odata.etag": "\"3e6216de697854b1d04a970b0fbc2f8c\"",
            "@odata.id": "/redfish/v1/Chassis/r001u01/Sensors/P2-DIMMB1",
            "@odata.type": "#Sensor.v1_8_0.Sensor",
            "Id": "P2-DIMMB1",
            "Name": "P2-DIMMB1",
            "PhysicalContext": "Memory",
            "Reading": 60.0,
            "ReadingTime": "2024-04-08T08:46:59Z",
            "ReadingType": "Temperature",
            "ReadingUnits": "Cel",
            "RelatedItem": [
                {
                    "@odata.id": "/redfish/v1/CompositionService/ResourceBlocks/r001u01/Systems/1/Memory/0101000101000174"
                }
            ],
            "SensingInterval": "PT10S"
        },
        {
            "@odata.etag": "\"4bb246c04bdf095d788193f4c8d9290a\"",
            "@odata.id": "/redfish/v1/Chassis/r001u01/Sensors/P2-DIMMC0",
            "@odata.type": "#Sensor.v1_8_0.Sensor",
            "Id": "P2-DIMMC0",
            "Name": "P2-DIMMC0",
            "PhysicalContext": "Memory",
            "Reading": 58.0,
            "ReadingTime": "2024-04-08T08:46:59Z",
            "ReadingType": "Temperature",
            "ReadingUnits": "Cel",
            "RelatedItem": [
                {
                    "@odata.id": "/redfish/v1/CompositionService/ResourceBlocks/r001u01/Systems/1/Memory/0002010101000174"
                }
            ],
            "SensingInterval": "PT10S"
        },
        {
            "@odata.etag": "\"dacefc8cea98ed72ba5f63dcb91dfbb7\"",
            "@odata.id": "/redfish/v1/Chassis/r001u01/Sensors/P2-DIMMC1",
            "@odata.type": "#Sensor.v1_8_0.Sensor",
            "Id": "P2-DIMMC1",
            "Name": "P2-DIMMC1",
            "PhysicalContext": "Memory",
            "Reading": 58.0,
            "ReadingTime": "2024-04-08T08:46:59Z",
            "ReadingType": "Temperature",
            "ReadingUnits": "Cel",
            "RelatedItem": [
                {
                    "@odata.id": "/redfish/v1/CompositionService/ResourceBlocks/r001u01/Systems/1/Memory/0102010101000174"
                }
            ],
            "SensingInterval": "PT10S"
        },
        {
            "@odata.etag": "\"4aa77bb842eac3576ca9d5ef9616b484\"",
            "@odata.id": "/redfish/v1/Chassis/r001u01/Sensors/P2-DIMMD0",
            "@odata.type": "#Sensor.v1_8_0.Sensor",
            "Id": "P2-DIMMD0",
            "Name": "P2-DIMMD0",
            "PhysicalContext": "Memory",
            "Reading": 55.0,
            "ReadingTime": "2024-04-08T08:46:59Z",
            "ReadingType": "Temperature",
            "ReadingUnits": "Cel",
            "RelatedItem": [
                {
                    "@odata.id": "/redfish/v1/CompositionService/ResourceBlocks/r001u01/Systems/1/Memory/0003010101000174"
                }
            ],
            "SensingInterval": "PT10S"
        },
        {
            "@odata.etag": "\"d4b43a683ecb7fd50c9df22aa8d2996c\"",
            "@odata.id": "/redfish/v1/Chassis/r001u01/Sensors/P2-DIMMD1",
            "@odata.type": "#Sensor.v1_8_0.Sensor",
            "Id": "P2-DIMMD1",
            "Name": "P2-DIMMD1",
            "PhysicalContext": "Memory",
            "Reading": 58.0,
            "ReadingTime": "2024-04-08T08:46:59Z",
            "ReadingType": "Temperature",
            "ReadingUnits": "Cel",
            "RelatedItem": [
                {
                    "@odata.id": "/redfish/v1/CompositionService/ResourceBlocks/r001u01/Systems/1/Memory/0103010101000174"
                }
            ],
            "SensingInterval": "PT10S"
        },
        {
            "@odata.etag": "\"6ca48f168cc882f580a03f4c4f2ca62d\"",
            "@odata.id": "/redfish/v1/Chassis/r001u01/Sensors/P2-DIMME0",
            "@odata.type": "#Sensor.v1_8_0.Sensor",
            "Id": "P2-DIMME0",
            "Name": "P2-DIMME0",
            "PhysicalContext": "Memory",
            "Reading": 61.0,
            "ReadingTime": "2024-04-08T08:46:59Z",
            "ReadingType": "Temperature",
            "ReadingUnits": "Cel",
            "RelatedItem": [
                {
                    "@odata.id": "/redfish/v1/CompositionService/ResourceBlocks/r001u01/Systems/1/Memory/0004020101000174"
                }
            ],
            "SensingInterval": "PT10S"
        },
        {
            "@odata.etag": "\"2c71cc4b88a593eb96c9415b122263cb\"",
            "@odata.id": "/redfish/v1/Chassis/r001u01/Sensors/P2-DIMME1",
            "@odata.type": "#Sensor.v1_8_0.Sensor",
            "Id": "P2-DIMME1",
            "Name": "P2-DIMME1",
            "PhysicalContext": "Memory",
            "Reading": 61.0,
            "ReadingTime": "2024-04-08T08:46:59Z",
            "ReadingType": "Temperature",
            "ReadingUnits": "Cel",
            "RelatedItem": [
                {
                    "@odata.id": "/redfish/v1/CompositionService/ResourceBlocks/r001u01/Systems/1/Memory/0104020101000174"
                }
            ],
            "SensingInterval": "PT10S"
        },
        {
            "@odata.etag": "\"86e38238f4545909a94e24e171aca87c\"",
            "@odata.id": "/redfish/v1/Chassis/r001u01/Sensors/P2-DIMMF0",
            "@odata.type": "#Sensor.v1_8_0.Sensor",
            "Id": "P2-DIMMF0",
            "Name": "P2-DIMMF0",
            "PhysicalContext": "Memory",
            "Reading": 57.0,
            "ReadingTime": "2024-04-08T08:46:59Z",
            "ReadingType": "Temperature",
            "ReadingUnits": "Cel",
            "RelatedItem": [
                {
                    "@odata.id": "/redfish/v1/CompositionService/ResourceBlocks/r001u01/Systems/1/Memory/0005020101000174"
                }
            ],
            "SensingInterval": "PT10S"
        },
        {
            "@odata.etag": "\"8a2c2ef952bfa5e38af1346c87fe8f93\"",
            "@odata.id": "/redfish/v1/Chassis/r001u01/Sensors/P2-DIMMF1",
            "@odata.type": "#Sensor.v1_8_0.Sensor",
            "Id": "P2-DIMMF1",
            "Name": "P2-DIMMF1",
            "PhysicalContext": "Memory",
            "Reading": 59.0,
            "ReadingTime": "2024-04-08T08:46:59Z",
            "ReadingType": "Temperature",
            "ReadingUnits": "Cel",
            "RelatedItem": [
                {
                    "@odata.id": "/redfish/v1/CompositionService/ResourceBlocks/r001u01/Systems/1/Memory/0105020101000174"
                }
            ],
            "SensingInterval": "PT10S"
        },
        {
            "@odata.etag": "\"97603e61d4c56dce2b599fa4df6d6e63\"",
            "@odata.id": "/redfish/v1/Chassis/r001u01/Sensors/P2-DIMMG0",
            "@odata.type": "#Sensor.v1_8_0.Sensor",
            "Id": "P2-DIMMG0",
            "Name": "P2-DIMMG0",
            "PhysicalContext": "Memory",
            "Reading": 56.0,
            "ReadingTime": "2024-04-08T08:46:59Z",
            "ReadingType": "Temperature",
            "ReadingUnits": "Cel",
            "RelatedItem": [
                {
                    "@odata.id": "/redfish/v1/CompositionService/ResourceBlocks/r001u01/Systems/1/Memory/0006030101000174"
                }
            ],
            "SensingInterval": "PT10S"
        },
        {
            "@odata.etag": "\"9114c73f4f4ec60aadccd4aa07284f43\"",
            "@odata.id": "/redfish/v1/Chassis/r001u01/Sensors/P2-DIMMG1",
            "@odata.type": "#Sensor.v1_8_0.Sensor",
            "Id": "P2-DIMMG1",
            "Name": "P2-DIMMG1",
            "PhysicalContext": "Memory",
            "Reading": 57.0,
            "ReadingTime": "2024-04-08T08:46:59Z",
            "ReadingType": "Temperature",
            "ReadingUnits": "Cel",
            "RelatedItem": [
                {
                    "@odata.id": "/redfish/v1/CompositionService/ResourceBlocks/r001u01/Systems/1/Memory/0106030101000174"
                }
            ],
            "SensingInterval": "PT10S"
        },
        {
            "@odata.etag": "\"16b78edaee676b4cb324fd34126b078f\"",
            "@odata.id": "/redfish/v1/Chassis/r001u01/Sensors/P2-DIMMH0",
            "@odata.type": "#Sensor.v1_8_0.Sensor",
            "Id": "P2-DIMMH0",
            "Name": "P2-DIMMH0",
            "PhysicalContext": "Memory",
            "Reading": 54.0,
            "ReadingTime": "2024-04-08T08:46:59Z",
            "ReadingType": "Temperature",
            "ReadingUnits": "Cel",
            "RelatedItem": [
                {
                    "@odata.id": "/redfish/v1/CompositionService/ResourceBlocks/r001u01/Systems/1/Memory/0007030101000174"
                }
            ],
            "SensingInterval": "PT10S"
        },
        {
            "@odata.etag": "\"286ad1396a9e31b77ab30ec08eeb90b3\"",
            "@odata.id": "/redfish/v1/Chassis/r001u01/Sensors/P2-DIMMH1",
            "@odata.type": "#Sensor.v1_8_0.Sensor",
            "Id": "P2-DIMMH1",
            "Name": "P2-DIMMH1",
            "PhysicalContext": "Memory",
            "Reading": 56.0,
            "ReadingTime": "2024-04-08T08:46:59Z",
            "ReadingType": "Temperature",
            "ReadingUnits": "Cel",
            "RelatedItem": [
                {
                    "@odata.id": "/redfish/v1/CompositionService/ResourceBlocks/r001u01/Systems/1/Memory/0107030101000174"
                }
            ],
            "SensingInterval": "PT10S"
        },
        {
            "@odata.etag": "\"7fe52f99a2637d9260923b8aa4de84de\"",
            "@odata.id": "/redfish/v1/Chassis/r001u01/Sensors/P3-DIMMA0",
            "@odata.type": "#Sensor.v1_8_0.Sensor",
            "Id": "P3-DIMMA0",
            "Name": "P3-DIMMA0",
            "PhysicalContext": "Memory",
            "Reading": 49.0,
            "ReadingTime": "2024-04-08T08:46:59Z",
            "ReadingType": "Temperature",
            "ReadingUnits": "Cel",
            "RelatedItem": [
                {
                    "@odata.id": "/redfish/v1/CompositionService/ResourceBlocks/r001u01/Systems/1/Memory/0000000101010174"
                }
            ],
            "SensingInterval": "PT10S"
        },
        {
            "@odata.etag": "\"15a56a42e8d538417dd8a978ea3f1b65\"",
            "@odata.id": "/redfish/v1/Chassis/r001u01/Sensors/P3-DIMMA1",
            "@odata.type": "#Sensor.v1_8_0.Sensor",
            "Id": "P3-DIMMA1",
            "Name": "P3-DIMMA1",
            "PhysicalContext": "Memory",
            "Reading": 54.0,
            "ReadingTime": "2024-04-08T08:46:59Z",
            "ReadingType": "Temperature",
            "ReadingUnits": "Cel",
            "RelatedItem": [
                {
                    "@odata.id": "/redfish/v1/CompositionService/ResourceBlocks/r001u01/Systems/1/Memory/0100000101010174"
                }
            ],
            "SensingInterval": "PT10S"
        },
        {
            "@odata.etag": "\"1069a845854216539f37fd318def96c7\"",
            "@odata.id": "/redfish/v1/Chassis/r001u01/Sensors/P3-DIMMB0",
            "@odata.type": "#Sensor.v1_8_0.Sensor",
            "Id": "P3-DIMMB0",
            "Name": "P3-DIMMB0",
            "PhysicalContext": "Memory",
            "Reading": 47.0,
            "ReadingTime": "2024-04-08T08:46:59Z",
            "ReadingType": "Temperature",
            "ReadingUnits": "Cel",
            "RelatedItem": [
                {
                    "@odata.id": "/redfish/v1/CompositionService/ResourceBlocks/r001u01/Systems/1/Memory/0001000101010174"
                }
            ],
            "SensingInterval": "PT10S"
        },
        {
            "@odata.etag": "\"a0e75a552cc086081c3f71cb920acd21\"",
            "@odata.id": "/redfish/v1/Chassis/r001u01/Sensors/P3-DIMMB1",
            "@odata.type": "#Sensor.v1_8_0.Sensor",
            "Id": "P3-DIMMB1",
            "Name": "P3-DIMMB1",
            "PhysicalContext": "Memory",
            "Reading": 47.0,
            "ReadingTime": "2024-04-08T08:46:59Z",
            "ReadingType": "Temperature",
            "ReadingUnits": "Cel",
            "RelatedItem": [
                {
                    "@odata.id": "/redfish/v1/CompositionService/ResourceBlocks/r001u01/Systems/1/Memory/0101000101010174"
                }
            ],
            "SensingInterval": "PT10S"
        },
        {
            "@odata.etag": "\"418f09764eef439bacb188b8902a8854\"",
            "@odata.id": "/redfish/v1/Chassis/r001u01/Sensors/P3-DIMMC0",
            "@odata.type": "#Sensor.v1_8_0.Sensor",
            "Id": "P3-DIMMC0",
            "Name": "P3-DIMMC0",
            "PhysicalContext": "Memory",
            "Reading": 47.0,
            "ReadingTime": "2024-04-08T08:46:59Z",
            "ReadingType": "Temperature",
            "ReadingUnits": "Cel",
            "RelatedItem": [
                {
                    "@odata.id": "/redfish/v1/CompositionService/ResourceBlocks/r001u01/Systems/1/Memory/0002010101010174"
                }
            ],
            "SensingInterval": "PT10S"
        },
        {
            "@odata.etag": "\"9fa05fc00058f80acb732e06ac7ae98b\"",
            "@odata.id": "/redfish/v1/Chassis/r001u01/Sensors/P3-DIMMC1",
            "@odata.type": "#Sensor.v1_8_0.Sensor",
            "Id": "P3-DIMMC1",
            "Name": "P3-DIMMC1",
            "PhysicalContext": "Memory",
            "Reading": 46.0,
            "ReadingTime": "2024-04-08T08:47:00Z",
            "ReadingType": "Temperature",
            "ReadingUnits": "Cel",
            "RelatedItem": [
                {
                    "@odata.id": "/redfish/v1/CompositionService/ResourceBlocks/r001u01/Systems/1/Memory/0102010101010174"
                }
            ],
            "SensingInterval": "PT10S"
        },
        {
            "@odata.etag": "\"80c1095a7c098851008016348be60148\"",
            "@odata.id": "/redfish/v1/Chassis/r001u01/Sensors/P3-DIMMD0",
            "@odata.type": "#Sensor.v1_8_0.Sensor",
            "Id": "P3-DIMMD0",
            "Name": "P3-DIMMD0",
            "PhysicalContext": "Memory",
            "Reading": 45.0,
            "ReadingTime": "2024-04-08T08:47:00Z",
            "ReadingType": "Temperature",
            "ReadingUnits": "Cel",
            "RelatedItem": [
                {
                    "@odata.id": "/redfish/v1/CompositionService/ResourceBlocks/r001u01/Systems/1/Memory/0003010101010174"
                }
            ],
            "SensingInterval": "PT10S"
        },
        {
            "@odata.etag": "\"51022182a35e03b6cb92063b06e2a91d\"",
            "@odata.id": "/redfish/v1/Chassis/r001u01/Sensors/P3-DIMMD1",
            "@odata.type": "#Sensor.v1_8_0.Sensor",
            "Id": "P3-DIMMD1",
            "Name": "P3-DIMMD1",
            "PhysicalContext": "Memory",
            "Reading": 47.0,
            "ReadingTime": "2024-04-08T08:47:00Z",
            "ReadingType": "Temperature",
            "ReadingUnits": "Cel",
            "RelatedItem": [
                {
                    "@odata.id": "/redfish/v1/CompositionService/ResourceBlocks/r001u01/Systems/1/Memory/0103010101010174"
                }
            ],
            "SensingInterval": "PT10S"
        },
        {
            "@odata.etag": "\"2b25668f57e1f665eabc5f546cc85edc\"",
            "@odata.id": "/redfish/v1/Chassis/r001u01/Sensors/P3-DIMME0",
            "@odata.type": "#Sensor.v1_8_0.Sensor",
            "Id": "P3-DIMME0",
            "Name": "P3-DIMME0",
            "PhysicalContext": "Memory",
            "Reading": 50.0,
            "ReadingTime": "2024-04-08T08:47:00Z",
            "ReadingType": "Temperature",
            "ReadingUnits": "Cel",
            "RelatedItem": [
                {
                    "@odata.id": "/redfish/v1/CompositionService/ResourceBlocks/r001u01/Systems/1/Memory/0004020101010174"
                }
            ],
            "SensingInterval": "PT10S"
        },
        {
            "@odata.etag": "\"63d3b60f638ee99ca7c1931e1bd1e98d\"",
            "@odata.id": "/redfish/v1/Chassis/r001u01/Sensors/P3-DIMME1",
            "@odata.type": "#Sensor.v1_8_0.Sensor",
            "Id": "P3-DIMME1",
            "Name": "P3-DIMME1",
            "PhysicalContext": "Memory",
            "Reading": 51.0,
            "ReadingTime": "2024-04-08T08:47:00Z",
            "ReadingType": "Temperature",
            "ReadingUnits": "Cel",
            "RelatedItem": [
                {
                    "@odata.id": "/redfish/v1/CompositionService/ResourceBlocks/r001u01/Systems/1/Memory/0104020101010174"
                }
            ],
            "SensingInterval": "PT10S"
        },
        {
            "@odata.etag": "\"3e6a9daf1be990a9e399924e696ac582\"",
            "@odata.id": "/redfish/v1/Chassis/r001u01/Sensors/P3-DIMMF0",
            "@odata.type": "#Sensor.v1_8_0.Sensor",
            "Id": "P3-DIMMF0",
            "Name": "P3-DIMMF0",
            "PhysicalContext": "Memory",
            "Reading": 49.0,
            "ReadingTime": "2024-04-08T08:47:00Z",
            "ReadingType": "Temperature",
            "ReadingUnits": "Cel",
            "RelatedItem": [
                {
                    "@odata.id": "/redfish/v1/CompositionService/ResourceBlocks/r001u01/Systems/1/Memory/0005020101010174"
                }
            ],
            "SensingInterval": "PT10S"
        },
        {
            "@odata.etag": "\"d0883f7dd77a8d2dd833b23caa3e297a\"",
            "@odata.id": "/redfish/v1/Chassis/r001u01/Sensors/P3-DIMMF1",
            "@odata.type": "#Sensor.v1_8_0.Sensor",
            "Id": "P3-DIMMF1",
            "Name": "P3-DIMMF1",
            "PhysicalContext": "Memory",
            "Reading": 50.0,
            "ReadingTime": "2024-04-08T08:47:00Z",
            "ReadingType": "Temperature",
            "ReadingUnits": "Cel",
            "RelatedItem": [
                {
                    "@odata.id": "/redfish/v1/CompositionService/ResourceBlocks/r001u01/Systems/1/Memory/0105020101010174"
                }
            ],
            "SensingInterval": "PT10S"
        },
        {
            "@odata.etag": "\"4fe3a04700f6d44a557104bbaa491d3c\"",
            "@odata.id": "/redfish/v1/Chassis/r001u01/Sensors/P3-DIMMG0",
            "@odata.type": "#Sensor.v1_8_0.Sensor",
            "Id": "P3-DIMMG0",
            "Name": "P3-DIMMG0",
            "PhysicalContext": "Memory",
            "Reading": 47.0,
            "ReadingTime": "2024-04-08T08:47:00Z",
            "ReadingType": "Temperature",
            "ReadingUnits": "Cel",
            "RelatedItem": [
                {
                    "@odata.id": "/redfish/v1/CompositionService/ResourceBlocks/r001u01/Systems/1/Memory/0006030101010174"
                }
            ],
            "SensingInterval": "PT10S"
        },
        {
            "@odata.etag": "\"2edced53495ea9d76026b7937a2e6651\"",
            "@odata.id": "/redfish/v1/Chassis/r001u01/Sensors/P3-DIMMG1",
            "@odata.type": "#Sensor.v1_8_0.Sensor",
            "Id": "P3-DIMMG1",
            "Name": "P3-DIMMG1",
            "PhysicalContext": "Memory",
            "Reading": 48.0,
            "ReadingTime": "2024-04-08T08:47:00Z",
            "ReadingType": "Temperature",
            "ReadingUnits": "Cel",
            "RelatedItem": [
                {
                    "@odata.id": "/redfish/v1/CompositionService/ResourceBlocks/r001u01/Systems/1/Memory/0106030101010174"
                }
            ],
            "SensingInterval": "PT10S"
        },
        {
            "@odata.etag": "\"f6828630d88813fb83e5679cf5cc9055\"",
            "@odata.id": "/redfish/v1/Chassis/r001u01/Sensors/P3-DIMMH0",
            "@odata.type": "#Sensor.v1_8_0.Sensor",
            "Id": "P3-DIMMH0",
            "Name": "P3-DIMMH0",
            "PhysicalContext": "Memory",
            "Reading": 42.0,
            "ReadingTime": "2024-04-08T08:47:00Z",
            "ReadingType": "Temperature",
            "ReadingUnits": "Cel",
            "RelatedItem": [
                {
                    "@odata.id": "/redfish/v1/CompositionService/ResourceBlocks/r001u01/Systems/1/Memory/0007030101010174"
                }
            ],
            "SensingInterval": "PT10S"
        },
        {
            "@odata.etag": "\"9e5a7242f5035d205aceaf7807b18138\"",
            "@odata.id": "/redfish/v1/Chassis/r001u01/Sensors/P3-DIMMH1",
            "@odata.type": "#Sensor.v1_8_0.Sensor",
            "Id": "P3-DIMMH1",
            "Name": "P3-DIMMH1",
            "PhysicalContext": "Memory",
            "Reading": 46.0,
            "ReadingTime": "2024-04-08T08:47:00Z",
            "ReadingType": "Temperature",
            "ReadingUnits": "Cel",
            "RelatedItem": [
                {
                    "@odata.id": "/redfish/v1/CompositionService/ResourceBlocks/r001u01/Systems/1/Memory/0107030101010174"
                }
            ],
            "SensingInterval": "PT10S"
        },
        {
            "@odata.etag": "\"008af372375d031c15cd8d9e5c48c2d9\"",
            "@odata.id": "/redfish/v1/Chassis/r001u01/Sensors/GP_FPGA_TEMP_S2",
            "@odata.type": "#Sensor.v1_8_0.Sensor",
            "Id": "GP_FPGA_TEMP_S2",
            "Name": "GP_FPGA_TEMP_S2",
            "PhysicalContext": null,
            "Reading": 69.0,
            "ReadingTime": "2024-04-08T08:47:00Z",
            "ReadingType": "Temperature",
            "ReadingUnits": "Cel",
            "RelatedItem": [
                {
                    "@odata.id": "/redfish/v1/Chassis/r001u01/PCIeDevices/2"
                }
            ],
            "SensingInterval": "PT10S"
        },
        {
            "@odata.etag": "\"ea24ac2602c254b516cccb24bdcb470f\"",
            "@odata.id": "/redfish/v1/Chassis/r001u01/Sensors/GP_SOC_TEMP_S2",
            "@odata.type": "#Sensor.v1_8_0.Sensor",
            "Id": "GP_SOC_TEMP_S2",
            "Name": "GP_SOC_TEMP_S2",
            "PhysicalContext": null,
            "Reading": 51.0,
            "ReadingTime": "2024-04-08T08:47:00Z",
            "ReadingType": "Temperature",
            "ReadingUnits": "Cel",
            "RelatedItem": [
                {
                    "@odata.id": "/redfish/v1/Chassis/r001u01/PCIeDevices/2"
                }
            ],
            "SensingInterval": "PT10S"
        },
        {
            "@odata.etag": "\"5da86748b2111f7b670cb85378df6959\"",
            "@odata.id": "/redfish/v1/Chassis/r001u01/Sensors/GP_BRD_TEMP_S2",
            "@odata.type": "#Sensor.v1_8_0.Sensor",
            "Id": "GP_BRD_TEMP_S2",
            "Name": "GP_BRD_TEMP_S2",
            "PhysicalContext": null,
            "Reading": 35.0,
            "ReadingTime": "2024-04-08T08:47:00Z",
            "ReadingType": "Temperature",
            "ReadingUnits": "Cel",
            "RelatedItem": [
                {
                    "@odata.id": "/redfish/v1/Chassis/r001u01/PCIeDevices/2"
                }
            ],
            "SensingInterval": "PT10S"
        },
        {
            "@odata.etag": "\"745666bfde7b7510ffe2bc89b60bbb6d\"",
            "@odata.id": "/redfish/v1/Chassis/r001u01/Sensors/GP_HSC_TEMP_S2",
            "@odata.type": "#Sensor.v1_8_0.Sensor",
            "Id": "GP_HSC_TEMP_S2",
            "Name": "GP_HSC_TEMP_S2",
            "PhysicalContext": null,
            "Reading": 42.9849,
            "ReadingTime": "2024-04-08T08:47:00Z",
            "ReadingType": "Temperature",
            "ReadingUnits": "Cel",
            "RelatedItem": [
                {
                    "@odata.id": "/redfish/v1/Chassis/r001u01/PCIeDevices/2"
                }
            ],
            "SensingInterval": "PT10S"
        },
        {
            "@odata.etag": "\"aae623fe855f3d8b36248fe6e1ebeaa7\"",
            "@odata.id": "/redfish/v1/Chassis/r001u01/Sensors/PSU0_POUT",
            "@odata.type": "#Sensor.v1_8_0.Sensor",
            "Id": "PSU0_POUT",
            "Name": "PSU0_POUT",
            "PhysicalContext": "PowerSupply",
            "Reading": 262.5,
            "ReadingTime": "2024-04-08T08:47:00Z",
            "ReadingType": "Power",
            "ReadingUnits": "W",
            "RelatedItem": [
                {
                    "@odata.id": "/redfish/v1/Chassis/r001u01/PowerSubsystem/PowerSupplies/0"
                }
            ],
            "SensingInterval": "PT10S"
        },
        {
            "@odata.etag": "\"cf1d1d87e6d627ee1ff3158b30002059\"",
            "@odata.id": "/redfish/v1/Chassis/r001u01/Sensors/PSU1_POUT",
            "@odata.type": "#Sensor.v1_8_0.Sensor",
            "Id": "PSU1_POUT",
            "Name": "PSU1_POUT",
            "PhysicalContext": "PowerSupply",
            "Reading": 223.75,
            "ReadingTime": "2024-04-08T08:47:00Z",
            "ReadingType": "Power",
            "ReadingUnits": "W",
            "RelatedItem": [
                {
                    "@odata.id": "/redfish/v1/Chassis/r001u01/PowerSubsystem/PowerSupplies/1"
                }
            ],
            "SensingInterval": "PT10S"
        },
        {
            "@odata.etag": "\"d007e9e16d4c4d99736a0bbefbed8583\"",
            "@odata.id": "/redfish/v1/Chassis/r001u01/Sensors/PSU2_POUT",
            "@odata.type": "#Sensor.v1_8_0.Sensor",
            "Id": "PSU2_POUT",
            "Name": "PSU2_POUT",
            "PhysicalContext": "PowerSupply",
            "Reading": 224.25,
            "ReadingTime": "2024-04-08T08:47:00Z",
            "ReadingType": "Power",
            "ReadingUnits": "W",
            "RelatedItem": [
                {
                    "@odata.id": "/redfish/v1/Chassis/r001u01/PowerSubsystem/PowerSupplies/2"
                }
            ],
            "SensingInterval": "PT10S"
        },
        {
            "@odata.etag": "\"26dfeb04a73654cd8e9c1757592f2a8a\"",
            "@odata.id": "/redfish/v1/Chassis/r001u01/Sensors/PSU3_POUT",
            "@odata.type": "#Sensor.v1_8_0.Sensor",
            "Id": "PSU3_POUT",
            "Name": "PSU3_POUT",
            "PhysicalContext": "PowerSupply",
            "Reading": 231.5,
            "ReadingTime": "2024-04-08T08:47:00Z",
            "ReadingType": "Power",
            "ReadingUnits": "W",
            "RelatedItem": [
                {
                    "@odata.id": "/redfish/v1/Chassis/r001u01/PowerSubsystem/PowerSupplies/3"
                }
            ],
            "SensingInterval": "PT10S"
        },
        {
            "@odata.etag": "\"b7b2a15ce0c70e90d76072cfdc674a62\"",
            "@odata.id": "/redfish/v1/Chassis/r001u01/Sensors/PSU0_PIN",
            "@odata.type": "#Sensor.v1_8_0.Sensor",
            "Id": "PSU0_PIN",
            "Name": "PSU0_PIN",
            "PhysicalContext": "PowerSupply",
            "Reading": 287.0,
            "ReadingTime": "2024-04-08T08:47:00Z",
            "ReadingType": "Power",
            "ReadingUnits": "W",
            "RelatedItem": [
                {
                    "@odata.id": "/redfish/v1/Chassis/r001u01/PowerSubsystem/PowerSupplies/0"
                }
            ],
            "SensingInterval": "PT10S"
        },
        {
            "@odata.etag": "\"e6d029aa4a54002cf437348f34544916\"",
            "@odata.id": "/redfish/v1/Chassis/r001u01/Sensors/PSU1_PIN",
            "@odata.type": "#Sensor.v1_8_0.Sensor",
            "Id": "PSU1_PIN",
            "Name": "PSU1_PIN",
            "PhysicalContext": "PowerSupply",
            "Reading": 249.75,
            "ReadingTime": "2024-04-08T08:47:00Z",
            "ReadingType": "Power",
            "ReadingUnits": "W",
            "RelatedItem": [
                {
                    "@odata.id": "/redfish/v1/Chassis/r001u01/PowerSubsystem/PowerSupplies/1"
                }
            ],
            "SensingInterval": "PT10S"
        },
        {
            "@odata.etag": "\"ae32642489aaee0143d63ef19375ce6c\"",
            "@odata.id": "/redfish/v1/Chassis/r001u01/Sensors/PSU2_PIN",
            "@odata.type": "#Sensor.v1_8_0.Sensor",
            "Id": "PSU2_PIN",
            "Name": "PSU2_PIN",
            "PhysicalContext": "PowerSupply",
            "Reading": 245.5,
            "ReadingTime": "2024-04-08T08:47:00Z",
            "ReadingType": "Power",
            "ReadingUnits": "W",
            "RelatedItem": [
                {
                    "@odata.id": "/redfish/v1/Chassis/r001u01/PowerSubsystem/PowerSupplies/2"
                }
            ],
            "SensingInterval": "PT10S"
        },
        {
            "@odata.etag": "\"7e772457a1491315d6d3560c3efbf787\"",
            "@odata.id": "/redfish/v1/Chassis/r001u01/Sensors/PSU3_PIN",
            "@odata.type": "#Sensor.v1_8_0.Sensor",
            "Id": "PSU3_PIN",
            "Name": "PSU3_PIN",
            "PhysicalContext": "PowerSupply",
            "Reading": 256.0,
            "ReadingTime": "2024-04-08T08:47:00Z",
            "ReadingType": "Power",
            "ReadingUnits": "W",
            "RelatedItem": [
                {
                    "@odata.id": "/redfish/v1/Chassis/r001u01/PowerSubsystem/PowerSupplies/3"
                }
            ],
            "SensingInterval": "PT10S"
        },
        {
            "@odata.etag": "\"bd7d2158e0b1646736d5e1b216d314da\"",
            "@odata.id": "/redfish/v1/Chassis/r001u01/Sensors/GP_BRD_PWR_S2",
            "@odata.type": "#Sensor.v1_8_0.Sensor",
            "Id": "GP_BRD_PWR_S2",
            "Name": "GP_BRD_PWR_S2",
            "PhysicalContext": null,
            "Reading": 60.3575,
            "ReadingTime": "2024-04-08T08:47:00Z",
            "ReadingType": "Power",
            "ReadingUnits": "W",
            "RelatedItem": [
                {
                    "@odata.id": "/redfish/v1/Chassis/r001u01/PCIeDevices/2"
                }
            ],
            "SensingInterval": "PT10S"
        },
        {
            "@odata.etag": "\"c776940ffb2f37a4fe24301e48f0de37\"",
            "@odata.id": "/redfish/v1/Chassis/r001u01/Sensors/SMC_VBATT",
            "@odata.type": "#Sensor.v1_8_0.Sensor",
            "Id": "SMC_VBATT",
            "Name": "SMC_VBATT",
            "PhysicalContext": "Battery",
            "Reading": 3.0312,
            "ReadingTime": "2024-04-08T08:47:00Z",
            "ReadingType": "Voltage",
            "ReadingUnits": "V",
            "SensingInterval": "PT10S"
        },
        {
            "@odata.etag": "\"4e57c062e1b1351bfe56be508ddf3f85\"",
            "@odata.id": "/redfish/v1/Chassis/r001u01/Sensors/CHASSIS_FAN0",
            "@odata.type": "#Sensor.v1_8_0.Sensor",
            "Id": "CHASSIS_FAN0",
            "Name": "CHASSIS_FAN0",
            "PhysicalContext": "Fan",
            "Reading": 4410.0,
            "ReadingTime": "2024-04-08T08:47:00Z",
            "ReadingType": "Rotational",
            "ReadingUnits": "RPM",
            "RelatedItem": [
                {
                    "@odata.id": "/redfish/v1/Chassis/r001u01/ThermalSubsystem/Fans/ChassisFan0"
                }
            ],
            "SensingInterval": "PT10S"
        },
        {
            "@odata.etag": "\"717a663e49081ffdf2714d54bc85cf08\"",
            "@odata.id": "/redfish/v1/Chassis/r001u01/Sensors/CHASSIS_FAN1",
            "@odata.type": "#Sensor.v1_8_0.Sensor",
            "Id": "CHASSIS_FAN1",
            "Name": "CHASSIS_FAN1",
            "PhysicalContext": "Fan",
            "Reading": 4380.0,
            "ReadingTime": "2024-04-08T08:47:00Z",
            "ReadingType": "Rotational",
            "ReadingUnits": "RPM",
            "RelatedItem": [
                {
                    "@odata.id": "/redfish/v1/Chassis/r001u01/ThermalSubsystem/Fans/ChassisFan1"
                }
            ],
            "SensingInterval": "PT10S"
        },
        {
            "@odata.etag": "\"e8957994a0c4ec41abb103c3bc01fb27\"",
            "@odata.id": "/redfish/v1/Chassis/r001u01/Sensors/CHASSIS_FAN2",
            "@odata.type": "#Sensor.v1_8_0.Sensor",
            "Id": "CHASSIS_FAN2",
            "Name": "CHASSIS_FAN2",
            "PhysicalContext": "Fan",
            "Reading": 4380.0,
            "ReadingTime": "2024-04-08T08:47:00Z",
            "ReadingType": "Rotational",
            "ReadingUnits": "RPM",
            "RelatedItem": [
                {
                    "@odata.id": "/redfish/v1/Chassis/r001u01/ThermalSubsystem/Fans/ChassisFan2"
                }
            ],
            "SensingInterval": "PT10S"
        },
        {
            "@odata.etag": "\"deb07e5082c8180d659124139f8a2ed9\"",
            "@odata.id": "/redfish/v1/Chassis/r001u01/Sensors/CHASSIS_FAN3",
            "@odata.type": "#Sensor.v1_8_0.Sensor",
            "Id": "CHASSIS_FAN3",
            "Name": "CHASSIS_FAN3",
            "PhysicalContext": "Fan",
            "Reading": 4380.0,
            "ReadingTime": "2024-04-08T08:47:00Z",
            "ReadingType": "Rotational",
            "ReadingUnits": "RPM",
            "RelatedItem": [
                {
                    "@odata.id": "/redfish/v1/Chassis/r001u01/ThermalSubsystem/Fans/ChassisFan3"
                }
            ],
            "SensingInterval": "PT10S"
        },
        {
            "@odata.etag": "\"d1c8749ab25bea48e103cb288528d041\"",
            "@odata.id": "/redfish/v1/Chassis/r001u01/Sensors/CHASSIS_FAN4",
            "@odata.type": "#Sensor.v1_8_0.Sensor",
            "Id": "CHASSIS_FAN4",
            "Name": "CHASSIS_FAN4",
            "PhysicalContext": "Fan",
            "Reading": 4440.0,
            "ReadingTime": "2024-04-08T08:47:00Z",
            "ReadingType": "Rotational",
            "ReadingUnits": "RPM",
            "RelatedItem": [
                {
                    "@odata.id": "/redfish/v1/Chassis/r001u01/ThermalSubsystem/Fans/ChassisFan4"
                }
            ],
            "SensingInterval": "PT10S"
        },
        {
            "@odata.etag": "\"38034589a3fac938a1687ddb4e22a889\"",
            "@odata.id": "/redfish/v1/Chassis/r001u01/Sensors/CHASSIS_FAN5",
            "@odata.type": "#Sensor.v1_8_0.Sensor",
            "Id": "CHASSIS_FAN5",
            "Name": "CHASSIS_FAN5",
            "PhysicalContext": "Fan",
            "Reading": 4440.0,
            "ReadingTime": "2024-04-08T08:47:00Z",
            "ReadingType": "Rotational",
            "ReadingUnits": "RPM",
            "RelatedItem": [
                {
                    "@odata.id": "/redfish/v1/Chassis/r001u01/ThermalSubsystem/Fans/ChassisFan5"
                }
            ],
            "SensingInterval": "PT10S"
        },
        {
            "@odata.etag": "\"4aaa6ea6ee090aeeb80339576eb031e7\"",
            "@odata.id": "/redfish/v1/Chassis/r001u01/Sensors/CHASSIS_FAN6",
            "@odata.type": "#Sensor.v1_8_0.Sensor",
            "Id": "CHASSIS_FAN6",
            "Name": "CHASSIS_FAN6",
            "PhysicalContext": "Fan",
            "Reading": 4380.0,
            "ReadingTime": "2024-04-08T08:47:00Z",
            "ReadingType": "Rotational",
            "ReadingUnits": "RPM",
            "RelatedItem": [
                {
                    "@odata.id": "/redfish/v1/Chassis/r001u01/ThermalSubsystem/Fans/ChassisFan6"
                }
            ],
            "SensingInterval": "PT10S"
        },
        {
            "@odata.etag": "\"b9b9d9cbcec57a71ebafa0323615ab7c\"",
            "@odata.id": "/redfish/v1/Chassis/r001u01/Sensors/CHASSIS_FAN7",
            "@odata.type": "#Sensor.v1_8_0.Sensor",
            "Id": "CHASSIS_FAN7",
            "Name": "CHASSIS_FAN7",
            "PhysicalContext": "Fan",
            "Reading": 4410.0,
            "ReadingTime": "2024-04-08T08:47:00Z",
            "ReadingType": "Rotational",
            "ReadingUnits": "RPM",
            "RelatedItem": [
                {
                    "@odata.id": "/redfish/v1/Chassis/r001u01/ThermalSubsystem/Fans/ChassisFan7"
                }
            ],
            "SensingInterval": "PT10S"
        },
        {
            "@odata.etag": "\"be500c46729e007d0ca4cdc8aa127955\"",
            "@odata.id": "/redfish/v1/Chassis/r001u01/Sensors/HARP_FAN0",
            "@odata.type": "#Sensor.v1_8_0.Sensor",
            "Id": "HARP_FAN0",
            "Name": "HARP_FAN0",
            "PhysicalContext": "Fan",
            "Reading": 13170.0,
            "ReadingTime": "2024-04-08T08:47:00Z",
            "ReadingType": "Rotational",
            "ReadingUnits": "RPM",
            "RelatedItem": [
                {
                    "@odata.id": "/redfish/v1/Chassis/r001u01/ThermalSubsystem/Fans/HarpFan0"
                }
            ],
            "SensingInterval": "PT10S"
        },
        {
            "@odata.etag": "\"3e90c8f36e1ccffd761db78aae7e47d6\"",
            "@odata.id": "/redfish/v1/Chassis/r001u01/Sensors/HARP_FAN1",
            "@odata.type": "#Sensor.v1_8_0.Sensor",
            "Id": "HARP_FAN1",
            "Name": "HARP_FAN1",
            "PhysicalContext": "Fan",
            "Reading": 13200.0,
            "ReadingTime": "2024-04-08T08:47:00Z",
            "ReadingType": "Rotational",
            "ReadingUnits": "RPM",
            "RelatedItem": [
                {
                    "@odata.id": "/redfish/v1/Chassis/r001u01/ThermalSubsystem/Fans/HarpFan1"
                }
            ],
            "SensingInterval": "PT10S"
        },
        {
            "@odata.etag": "\"f7ceee47297e39803e8b20fbf1553453\"",
            "@odata.id": "/redfish/v1/Chassis/r001u01/Sensors/PSU0_FAN0",
            "@odata.type": "#Sensor.v1_8_0.Sensor",
            "Id": "PSU0_FAN0",
            "Name": "PSU0_FAN0",
            "PhysicalContext": "PowerSupply",
            "Reading": 9840.0,
            "ReadingTime": "2024-04-08T08:47:00Z",
            "ReadingType": "Rotational",
            "ReadingUnits": "RPM",
            "RelatedItem": [
                {
                    "@odata.id": "/redfish/v1/Chassis/r001u01/PowerSubsystem/PowerSupplies/0"
                }
            ],
            "SensingInterval": "PT10S"
        },
        {
            "@odata.etag": "\"76d9b69ed95a0a74917d4edec8185a66\"",
            "@odata.id": "/redfish/v1/Chassis/r001u01/Sensors/PSU1_FAN0",
            "@odata.type": "#Sensor.v1_8_0.Sensor",
            "Id": "PSU1_FAN0",
            "Name": "PSU1_FAN0",
            "PhysicalContext": "PowerSupply",
            "Reading": 9120.0,
            "ReadingTime": "2024-04-08T08:47:00Z",
            "ReadingType": "Rotational",
            "ReadingUnits": "RPM",
            "RelatedItem": [
                {
                    "@odata.id": "/redfish/v1/Chassis/r001u01/PowerSubsystem/PowerSupplies/1"
                }
            ],
            "SensingInterval": "PT10S"
        },
        {
            "@odata.etag": "\"84334a670cbc9519ac644353782703c0\"",
            "@odata.id": "/redfish/v1/Chassis/r001u01/Sensors/PSU2_FAN0",
            "@odata.type": "#Sensor.v1_8_0.Sensor",
            "Id": "PSU2_FAN0",
            "Name": "PSU2_FAN0",
            "PhysicalContext": "PowerSupply",
            "Reading": 9104.0,
            "ReadingTime": "2024-04-08T08:47:00Z",
            "ReadingType": "Rotational",
            "ReadingUnits": "RPM",
            "RelatedItem": [
                {
                    "@odata.id": "/redfish/v1/Chassis/r001u01/PowerSubsystem/PowerSupplies/2"
                }
            ],
            "SensingInterval": "PT10S"
        },
        {
            "@odata.etag": "\"71d384c21fc2f6bb7cb36e2a0baec52d\"",
            "@odata.id": "/redfish/v1/Chassis/r001u01/Sensors/PSU3_FAN0",
            "@odata.type": "#Sensor.v1_8_0.Sensor",
            "Id": "PSU3_FAN0",
            "Name": "PSU3_FAN0",
            "PhysicalContext": "PowerSupply",
            "Reading": 10096.0,
            "ReadingTime": "2024-04-08T08:47:00Z",
            "ReadingType": "Rotational",
            "ReadingUnits": "RPM",
            "RelatedItem": [
                {
                    "@odata.id": "/redfish/v1/Chassis/r001u01/PowerSubsystem/PowerSupplies/3"
                }
            ],
            "SensingInterval": "PT10S"
        },
        {
            "@odata.etag": "\"8d5ed9c3e62160c03f4ee8fc7ec05ead\"",
            "@odata.id": "/redfish/v1/Chassis/r001u01/Sensors/AUTOFAN_ZONE_1",
            "@odata.type": "#Sensor.v1_8_0.Sensor",
            "Id": "AUTOFAN_ZONE_1",
            "Name": "AUTOFAN_ZONE_1",
            "PhysicalContext": "CoolingSubsystem",
            "Reading": 20.0,
            "ReadingTime": "2024-04-08T08:47:00Z",
            "ReadingType": "Percent",
            "ReadingUnits": "%",
            "SensingInterval": "PT10S"
        },
        {
            "@odata.etag": "\"11dd6bfb418b51a9ff2bae372d9dbe84\"",
            "@odata.id": "/redfish/v1/Chassis/r001u01/Sensors/AUTOFAN_ZONE_2",
            "@odata.type": "#Sensor.v1_8_0.Sensor",
            "Id": "AUTOFAN_ZONE_2",
            "Name": "AUTOFAN_ZONE_2",
            "PhysicalContext": "CoolingSubsystem",
            "Reading": 32.9412,
            "ReadingTime": "2024-04-08T08:47:00Z",
            "ReadingType": "Percent",
            "ReadingUnits": "%",
            "SensingInterval": "PT10S"
        }
    ],
    "Members@odata.count": 124,
    "Name": "Chassis r001u01 Sensor Collection"
}