{
  "@odata.id": "/redfish/v1/Chassis/r001u01/PCIeSlots",
  "@odata.type": "#PCIeSlots.v1_6_0.PCIeSlots",
  "Id": "PCIeSlots",
  "Name": "r001u01 PCIeSlots",
  "Slots": [
    {
      "@odata.id": "/redfish/v1/Chassis/r001u01/PCIeSlots#/Slots/0",
      "Links": {
        "PCIeDevice": [
          {
            "@odata.id": "/redfish/v1/Chassis/r001u01/PCIeDevices/2"
          }
        ],
        "PCIeDevice@odata.count": 1
      },
      "Location": {
        "PartLocation": {
          "ServiceLabel": "rack1/chassis_u1/pcie_riser0"
        },
        "Placement": {
          "Rack": "1",
          "RackOffset": 1,
          "RackOffsetUnits": "EIA_310"
        }
      },
      "Oem": {
        "Hpe": {
          "@odata.type": "#HpeH3PCIeRiser.v1_0_0.HpeH3PCIeRiser",
          "PhysicalLocationString": "rack1/chassis_u1/pcie_riser0",
          "Physloc": "FFFF000101FFFF84"
        }
      },
      "Status": {
        "Conditions": [
          {
            "MessageArgs": [
              "rack1/chassis_u1/pcie_riser0"
            ],
            "MessageId": "H3Alert.1.2.RiserMainPowerOnSuccess",
            "Severity": "OK",
            "Timestamp": "2024-03-19T18:43:34Z"
          },
          {
            "MessageArgs": [
              "rack1/chassis_u1/pcie_riser0"
            ],
            "MessageId": "H3Alert.1.2.RiserAuxPowerOnSuccess",
            "Severity": "OK",
            "Timestamp": "2024-03-19T18:43:34Z"
          }
        ],
        "Health": "OK",
        "State": "Enabled"
      }
    },
    {
      "@odata.id": "/redfish/v1/Chassis/r001u01/PCIeSlots#/Slots/1",
      "Links": {
        "PCIeDevice": [],
        "PCIeDevice@odata.count": 0
      },
      "Location": {
        "PartLocation": {
          "ServiceLabel": "rack1/chassis_u1/pcie_riser1"
        },
        "Placement": {
          "Rack": "1",
          "RackOffset": 1,
          "RackOffsetUnits": "EIA_310"
        }
      },
      "Oem": {
        "Hpe": {
          "@odata.type": "#HpeH3PCIeRiser.v1_0_0.HpeH3PCIeRiser",
          "PhysicalLocationString": "rack1/chassis_u1/pcie_riser1",
          "Physloc": "FFFF010101FFFF84"
        }
      },
      "Status": {
        "Conditions": [
          {
            "MessageArgs": [
              "rack1/chassis_u1/pcie_riser1"
            ],
            "MessageId": "H3Alert.1.2.RiserMainPowerOnSuccess",
            "Severity": "OK",
            "Timestamp": "2024-03-19T18:43:34Z"
          },
          {
            "MessageArgs": [
              "rack1/chassis_u1/pcie_riser1"
            ],
            "MessageId": "H3Alert.1.2.RiserAuxPowerOnSuccess",
            "Severity": "OK",
            "Timestamp": "2024-03-19T18:43:34Z"
          }
        ],
        "Health": "OK",
        "State": "Enabled"
      }
    },
    {
      "@odata.id": "/redfish/v1/Chassis/r001u01/PCIeSlots#/Slots/2",
      "Links": {
        "PCIeDevice": [],
        "PCIeDevice@odata.count": 0
      },
      "Location": {
        "PartLocation": {
          "ServiceLabel": "rack1/chassis_u1/pcie_riser2"
        },
        "Placement": {
          "Rack": "1",
          "RackOffset": 1,
          "RackOffsetUnits": "EIA_310"
        }
      },
      "Oem": {
        "Hpe": {
          "@odata.type": "#HpeH3PCIeRiser.v1_0_0.HpeH3PCIeRiser",
          "PhysicalLocationString": "rack1/chassis_u1/pcie_riser2",
          "Physloc": "FFFF020101FFFF84"
        }
      },
      "Status": {
        "Conditions": [
          {
            "MessageArgs": [
              "rack1/chassis_u1/pcie_riser2"
            ],
            "MessageId": "H3Alert.1.2.RiserMainPowerOnSuccess",
            "Severity": "OK",
            "Timestamp": "2024-03-19T18:43:34Z"
          },
          {
            "MessageArgs": [
              "rack1/chassis_u1/pcie_riser2"
            ],
            "MessageId": "H3Alert.1.2.RiserAuxPowerOnSuccess",
            "Severity": "OK",
            "Timestamp": "2024-03-19T18:43:34Z"
          }
        ],
        "Health": "OK",
        "State": "Enabled"
      }
    },
    {
      "@odata.id": "/redfish/v1/Chassis/r001u01/PCIeSlots#/Slots/3",
      "Links": {
        "PCIeDevice": []
      },
      "Location": {
        "PartLocation": {
          "ServiceLabel": "rack1/chassis_u1/pcie_riser3"
        },
        "Placement": {
          "Rack": "1",
          "RackOffset": 1,
          "RackOffsetUnits": "EIA_310"
        }
      },
      "Oem": {
        "Hpe": {
          "@odata.type": "#HpeH3PCIeRiser.v1_0_0.HpeH3PCIeRiser",
          "PhysicalLocationString": "rack1/chassis_u1/pcie_riser3",
          "Physloc": "FFFF030101FFFF84"
        }
      },
      "Status": {
        "Health": "OK",
        "State": "Absent"
      }
    }
  ]
}
