{
  "@odata.id": "/redfish/v1/Chassis/r001u01/TrustedComponents/Host",
  "@odata.type": "#TrustedComponent.v1_2_0.TrustedComponent",
  "FirmwareVersion": "0x00010200",
  "Id": "Host",
  "Links": {
    "ComponentsProtected": [
      {
        "@odata.id": "/redfish/v1/CompositionService/ResourceBlocks/r001u01/Systems/1"
      },
      {
        "@odata.id": "/redfish/v1/Systems/Partition0"
      }
    ]
  },
  "Name": "rack1/chassis_u1 Host Trusted Component",
  "Status": {
    "State": "StandbyOffline"
  },
  "TrustedComponentType": "Integrated"
}
