{
  "@Redfish.WriteableProperties": [
    "Password"
  ],
  "@odata.id": "/redfish/v1/AccountService/Accounts/Administrator",
  "@odata.type": "#ManagerAccount.v1_11_0.ManagerAccount",
  "AccountTypes": [
    "Redfish"
  ],
  "Enabled": true,
  "Id": "Administrator",
  "Links": {
    "Role": {
      "@odata.id": "/redfish/v1/AccountService/Roles/Administrator"
    }
  },
  "Locked": false,
  "Name": "User Account Administrator",
  "Password": null,
  "RoleId": "Administrator",
  "UserName": "Administrator"
}
