{
  "@odata.id": "/redfish/v1/CompositionService/ResourceBlocks/r001u01/Systems/1/Memory/0100000101000174",
  "@odata.type": "#Memory.v1_18_0.Memory",
  "BaseModuleType": "RDIMM",
  "BusWidthBits": 80,
  "CapacityMiB": 98304,
  "DataWidthBits": 64,
  "Id": "0100000101000174",
  "Links": {
    "Chassis": {
      "@odata.id": "/redfish/v1/Chassis/r001u01"
    }
  },
  "Location": {
    "PartLocation": {
      "ServiceLabel": "rack1/chassis_u1/cpu2/dimmA1"
    },
    "Placement": {
      "Rack": "1",
      "RackOffset": 1,
      "RackOffsetUnits": "EIA_310"
    }
  },
  "Manufacturer": "Samsung",
  "MemoryDeviceType": "DDR5",
  "MemoryLocation": {
    "Channel": 0,
    "MemoryController": 0,
    "Slot": 1,
    "Socket": 2
  },
  "MemoryType": "DRAM",
  "ModuleManufacturerID": "0x80CE",
  "Name": "rack1/chassis_u1/cpu2/dimmA1",
  "Oem": {
    "Hpe": {
      "@odata.type": "#HpeH3Dimm.v1_0_0.HpeH3Dimm",
      "Label": "96GB 2Rx4 PC5-5600B-RA0",
      "PhysicalLocationString": "rack1/chassis_u1/cpu2/dimmA1",
      "Physloc": "0100000101000174"
    }
  },
  "OperatingMemoryModes": [
    "Volatile"
  ],
  "OperatingSpeedMhz": 2800,
  "PartNumber": "M321RYGA0PB0-CWMXH",
  "SerialNumber": "0x0545795A",
  "Status": {
    "Conditions": [
      {
        "MessageArgs": [
          "rack1/chassis_u1/cpu2/dimmA1"
        ],
        "MessageId": "H3Alert.1.2.ResourceReallocated",
        "Severity": "OK",
        "Timestamp": "2024-02-29T19:28:30Z"
      },
      {
        "MessageArgs": [
          "rack1/chassis_u1/cpu2/dimmA1"
        ],
        "MessageId": "H3Alert.1.2.ResourceReconfigured",
        "Severity": "OK",
        "Timestamp": "2024-02-29T19:28:30Z"
      },
      {
        "MessageArgs": [
          "rack1/chassis_u1/cpu2/dimmA1"
        ],
        "MessageId": "H3Alert.1.2.ResourceAcquitted",
        "Severity": "OK",
        "Timestamp": "2024-03-24T13:06:32Z"
      },
      {
        "MessageArgs": [
          "rack1/chassis_u1/cpu2/dimmA1"
        ],
        "MessageId": "H3Alert.1.2.DimmHasCpu",
        "Severity": "OK",
        "Timestamp": "2024-02-29T19:28:30Z"
      },
      {
        "MessageArgs": [
          "rack1/chassis_u1/cpu2/dimmA1"
        ],
        "MessageId": "H3Alert.1.2.DimmPairedOk",
        "Severity": "OK",
        "Timestamp": "2024-02-29T19:28:30Z"
      },
      {
        "MessageArgs": [
          "rack1/chassis_u1/cpu2/dimmA1"
        ],
        "MessageId": "H3Alert.1.2.NotBlockedByOtherDisabled",
        "Severity": "OK",
        "Timestamp": "2024-02-29T19:28:30Z"
      }
    ],
    "Health": "OK",
    "HealthRollup": "OK",
    "State": "Enabled"
  }
}
