{
  "@odata.id": "/redfish/v1/Chassis/r001u01/PCIeDevices/2/PCIeFunctions/NetworkDevice",
  "@odata.type": "#PCIeFunction.v1_5_0.PCIeFunction",
  "Id": "NetworkDevice",
  "Links": {
    "Drives": [],
    "NetworkDeviceFunctions": [
      {
        "@odata.id": "/redfish/v1/Chassis/r001u01/NetworkAdapters/PCIeCard2/NetworkDeviceFunctions/PCIeCard2Port1"
      },
      {
        "@odata.id": "/redfish/v1/Chassis/r001u01/NetworkAdapters/PCIeCard2/NetworkDeviceFunctions/PCIeCard2Port2"
      }
    ],
    "NetworkDeviceFunctions@odata.count": 2,
    "PCIeDevice": {
      "@odata.id": "/redfish/v1/Chassis/r001u01/PCIeDevices/2"
    }
  },
  "Name": "PCIe Function rack1/chassis_u1/cpu0/io_slot2",
  "Status": {
    "Health": "OK",
    "HealthRollup": "OK",
    "State": "Enabled"
  }
}
