{
  "@odata.id": "/redfish/v1/CompositionService/ResourceBlocks/r001u01/Systems/1/NetworkInterfaces/NetworkIfOcp",
  "@odata.type": "#NetworkInterface.v1_2_1.NetworkInterface",
  "Id": "NetworkIfOcp",
  "Links": {
    "NetworkAdapter": {
      "@odata.id": "/redfish/v1/Chassis/r001u01/NetworkAdapters/Ocp"
    }
  },
  "Name": "rack1/chassis_u1/cpu0/ocp_slot1 Network Interface",
  "NetworkDeviceFunctions": {
    "@odata.id": "/redfish/v1/CompositionService/ResourceBlocks/r001u01/Systems/1/NetworkInterfaces/NetworkIfOcp/NetworkDeviceFunctions"
  },
  "Ports": {
    "@odata.id": "/redfish/v1/CompositionService/ResourceBlocks/r001u01/Systems/1/NetworkInterfaces/NetworkIfOcp/Ports"
  }
}
