{
    "@odata.etag": "\"67589059772fbaa8e4969d71c9bd9a00\"",
    "@odata.id": "/redfish/v1/Chassis/r001u11/PCIeDevices/OCP",
    "@odata.type": "#PCIeDevice.v1_12_0.PCIeDevice",
    "Assembly": {
        "@odata.id": "/redfish/v1/Chassis/r001u11/PCIeDevices/OCP/Assembly"
    },
    "FirmwareVersion": null,
    "Id": "OCP",
    "Manufacturer": "Intel Corporation",
    "Model": "INT I350 1GbE 4p BASE-T OCP3 Adptr",
    "Name": "PCIe Device rack1/chassis_u11/cpu0/ocp_slot1",
    "Oem": {
        "Hpe": {
            "@odata.type": "#HpeH3PcieDevice.v1_0_0.HpeH3PcieDevice",
            "PhysicalLocationString": "rack1/chassis_u11/cpu0/ocp_slot1",
            "Physloc": "000001010B00000A"
        }
    },
    "PCIeFunctions": {
        "@odata.id": "/redfish/v1/Chassis/r001u11/PCIeDevices/OCP/PCIeFunctions"
    },
    "PartNumber": "P14487-001",
    "SKU": "P08449-B21",
    "SerialNumber": "6805CAEEC944",
    "Slot": {
        "Location": {
            "PartLocation": {
                "ServiceLabel": "rack1/chassis_u11/cpu0/ocp_slot1"
            },
            "Placement": {
                "Rack": "1",
                "RackOffset": 11,
                "RackOffsetUnits": "EIA_310"
            }
        }
    },
    "SparePartNumber": "P14487-001",
    "Status": {
        "Conditions": [
            {
                "MessageArgs": [
                    "rack1/chassis_u11/cpu0/ocp_slot1"
                ],
                "MessageId": "H3Alert.1.2.ResourceReallocated",
                "Severity": "OK",
                "Timestamp": "2024-01-09T00:27:00Z"
            },
            {
                "MessageArgs": [
                    "rack1/chassis_u11/cpu0/ocp_slot1"
                ],
                "MessageId": "H3Alert.1.2.ResourceReconfigured",
                "Severity": "OK",
                "Timestamp": "2024-01-09T00:27:00Z"
            },
            {
                "MessageArgs": [
                    "rack1/chassis_u11/cpu0/ocp_slot1"
                ],
                "MessageId": "H3Alert.1.2.ResourceAcquitted",
                "Severity": "OK",
                "Timestamp": "2024-01-09T00:27:00Z"
            },
            {
                "MessageArgs": [
                    "rack1/chassis_u11/cpu0/ocp_slot1"
                ],
                "MessageId": "H3Alert.1.2.LinkUp",
                "Severity": "OK",
                "Timestamp": "2024-02-13T06:50:44Z"
            },
            {
                "MessageArgs": [
                    "rack1/chassis_u11/cpu0/ocp_slot1"
                ],
                "MessageId": "H3Alert.1.2.PcieErrorIsolationExited",
                "Severity": "OK",
                "Timestamp": "2024-01-09T00:27:00Z"
            },
            {
                "MessageArgs": [
                    "rack1/chassis_u11/cpu0/ocp_slot1"
                ],
                "MessageId": "H3Alert.1.2.PciePerformanceOk",
                "Severity": "OK",
                "Timestamp": "2024-01-09T00:27:00Z"
            },
            {
                "MessageArgs": [
                    "rack1/chassis_u11/cpu0/ocp_slot1"
                ],
                "MessageId": "H3Alert.1.2.NotBlockedByOtherDisabled",
                "Severity": "OK",
                "Timestamp": "2024-01-09T00:27:00Z"
            }
        ],
        "Health": "OK",
        "HealthRollup": "OK",
        "State": "Enabled"
    }
}