{
  "@odata.id": "/redfish/v1/Chassis/r001u11/ThermalSubsystem",
  "@odata.type": "#ThermalSubsystem.v1_3_0.ThermalSubsystem",
  "FanRedundancy": [
    {
      "MaxSupportedInGroup": 8,
      "MinNeededInGroup": 7,
      "RedundancyGroup": [
        {
          "@odata.id": "/redfish/v1/Chassis/r001u11/ThermalSubsystem/Fans/ChassisFan0"
        },
        {
          "@odata.id": "/redfish/v1/Chassis/r001u11/ThermalSubsystem/Fans/ChassisFan1"
        },
        {
          "@odata.id": "/redfish/v1/Chassis/r001u11/ThermalSubsystem/Fans/ChassisFan2"
        },
        {
          "@odata.id": "/redfish/v1/Chassis/r001u11/ThermalSubsystem/Fans/ChassisFan3"
        },
        {
          "@odata.id": "/redfish/v1/Chassis/r001u11/ThermalSubsystem/Fans/ChassisFan4"
        },
        {
          "@odata.id": "/redfish/v1/Chassis/r001u11/ThermalSubsystem/Fans/ChassisFan5"
        },
        {
          "@odata.id": "/redfish/v1/Chassis/r001u11/ThermalSubsystem/Fans/ChassisFan6"
        },
        {
          "@odata.id": "/redfish/v1/Chassis/r001u11/ThermalSubsystem/Fans/ChassisFan7"
        }
      ],
      "RedundancyGroup@odata.count": 8,
      "RedundancyType": "NPlusM",
      "Status": {
        "Health": "OK",
        "State": "Enabled"
      }
    },
    {
      "MaxSupportedInGroup": 2,
      "MinNeededInGroup": 1,
      "RedundancyGroup": [
        {
          "@odata.id": "/redfish/v1/Chassis/r001u11/ThermalSubsystem/Fans/HarpFan0"
        },
        {
          "@odata.id": "/redfish/v1/Chassis/r001u11/ThermalSubsystem/Fans/HarpFan1"
        }
      ],
      "RedundancyGroup@odata.count": 2,
      "RedundancyType": "NPlusM",
      "Status": {
        "Health": "OK",
        "State": "Enabled"
      }
    }
  ],
  "Fans": {
    "@odata.id": "/redfish/v1/Chassis/r001u11/ThermalSubsystem/Fans"
  },
  "Id": "ThermalSubsystem",
  "Name": "r001u11 Thermal Subsystem",
  "Status": {
    "Health": "OK",
    "HealthRollup": "OK",
    "State": "Enabled"
  },
  "ThermalMetrics": {
    "@odata.id": "/redfish/v1/Chassis/r001u11/ThermalSubsystem/ThermalMetrics"
  }
}
