{
    "@odata.etag": "\"0b4e94eefb85964d4ef1703efd041bf7\"",
    "@odata.id": "/redfish/v1/Chassis/r001u16/Drives/DriveSlot2InUBM1",
    "@odata.type": "#Drive.v1_17_1.Drive",
    "CapacityBytes": null,
    "Id": "DriveSlot2InUBM1",
    "Manufacturer": null,
    "MediaType": null,
    "Model": null,
    "Name": "Drive rack1/chassis_u16/cpu0/io_slot0/box1/drive_bay2",
    "Oem": {
        "Hpe": {
            "@odata.type": "#HpeH3Drive.v1_0_0.HpeH3Drive",
            "PhysicalLocationString": "rack1/chassis_u16/cpu0/io_slot0/box1/drive_bay2",
            "Physloc": "0100020110000086"
        }
    },
    "PartNumber": null,
    "PhysicalLocation": {
        "PartLocation": {
            "ServiceLabel": "rack1/chassis_u16/cpu0/io_slot0/box1/drive_bay2"
        },
        "Placement": {
            "Rack": "1",
            "RackOffset": 16,
            "RackOffsetUnits": "EIA_310"
        }
    },
    "Protocol": "SATA",
    "Revision": null,
    "SKU": null,
    "SerialNumber": null,
    "Status": {
        "Conditions": [
            {
                "MessageArgs": [
                    "rack1/chassis_u16/cpu0/io_slot0/box1/drive_bay2"
                ],
                "MessageId": "H3Alert.1.2.ResourceAcquitted",
                "Severity": "OK",
                "Timestamp": "2024-01-09T00:27:00Z"
            }
        ],
        "Health": "OK",
        "HealthRollup": "OK",
        "State": "Enabled"
    }
}