{
  "@Redfish.WriteableProperties": [
    "LocationIndicatorActive",
    "AssetTag"
  ],
  "@odata.id": "/redfish/v1/Chassis/r001u06",
  "@odata.type": "#Chassis.v1_24_0.Chassis",
  "Assembly": {
    "@odata.id": "/redfish/v1/Chassis/r001u06/Assembly"
  },
  "AssetTag": "",
  "ChassisType": "RackMount",
  "Drives": {
    "@odata.id": "/redfish/v1/Chassis/r001u06/Drives"
  },
  "Id": "r001u06",
  "Links": {
    "ComputerSystems": [
      {
        "@odata.id": "/redfish/v1/Systems/Partition0"
      }
    ],
    "ManagedBy": [
      {
        "@odata.id": "/redfish/v1/Managers/RMC"
      }
    ],
    "ResourceBlocks": [
      {
        "@odata.id": "/redfish/v1/CompositionService/ResourceBlocks/r001u06"
      }
    ],
    "Switches": [
      {
        "@odata.id": "/redfish/v1/Fabrics/FlexGrid/Switches/r001u06_HARP0"
      },
      {
        "@odata.id": "/redfish/v1/Fabrics/FlexGrid/Switches/r001u06_HARP1"
      }
    ],
    "Switches@odata.count": 2
  },
  "Location": {
    "PartLocation": {
      "ServiceLabel": "rack1/chassis_u6"
    },
    "Placement": {
      "Rack": "1",
      "RackOffset": 6,
      "RackOffsetUnits": "EIA_310"
    }
  },
  "LocationIndicatorActive": false,
  "Manufacturer": "HPE",
  "Model": "Compute Scale-up Server 3200, 4S XNC Exp Chassis",
  "Name": "rack1/chassis_u6",
  "NetworkAdapters": {
    "@odata.id": "/redfish/v1/Chassis/r001u06/NetworkAdapters"
  },
  "Oem": {
    "Hpe": {
      "@odata.type": "#HpeH3Chassis.v1_1_0.HpeH3Chassis",
      "OemChassisType": "Expansion",
      "PhysicalLocationString": "rack1/chassis_u6",
      "Physloc": "FFFF010106FFFF62",
      "ProcessorsCompatibilityKey": "PK8071305074901",
      "ProcessorsCompatible": true
    }
  },
  "PCIeDevices": {
    "@odata.id": "/redfish/v1/Chassis/r001u06/PCIeDevices"
  },
  "PCIeSlots": {
    "@odata.id": "/redfish/v1/Chassis/r001u06/PCIeSlots"
  },
  "PartNumber": "R9N72A",
  "PhysicalSecurity": {
    "IntrusionSensor": "Normal"
  },
  "PowerState": "On",
  "PowerSubsystem": {
    "@odata.id": "/redfish/v1/Chassis/r001u06/PowerSubsystem"
  },
  "Processors": {
    "@odata.id": "/redfish/v1/Chassis/r001u06/Processors"
  },
  "Sensors": {
    "@odata.id": "/redfish/v1/Chassis/r001u06/Sensors"
  },
  "SerialNumber": "5UF2422144",
  "Status": {
    "Conditions": [
      {
        "MessageArgs": [
          "rack1/chassis_u6"
        ],
        "MessageId": "H3Alert.1.2.ResourceAcquitted",
        "Severity": "OK",
        "Timestamp": "2024-03-24T13:11:07Z"
      },
      {
        "MessageArgs": [
          "rack1/chassis_u6"
        ],
        "MessageId": "H3Alert.1.2.HasDcdInventory",
        "Severity": "OK",
        "Timestamp": "2024-03-04T09:45:42Z"
      },
      {
        "MessageArgs": [
          "rack1/chassis_u6"
        ],
        "MessageId": "H3Alert.1.2.PowerRedundancyOk",
        "Severity": "OK",
        "Timestamp": "2024-02-29T19:28:31Z"
      },
      {
        "MessageArgs": [
          "rack1/chassis_u6"
        ],
        "MessageId": "H3Alert.1.2.FirmwareMatched",
        "Severity": "OK",
        "Timestamp": "2024-04-04T09:54:57Z"
      },
      {
        "MessageArgs": [
          "rack1/chassis_u6"
        ],
        "MessageId": "H3Alert.1.2.SiliconRootOfTrustOk",
        "Severity": "OK",
        "Timestamp": "2024-02-29T19:28:31Z"
      },
      {
        "MessageArgs": [
          "rack1/chassis_u6"
        ],
        "MessageId": "H3Alert.1.2.RecoverySiloValidationOk",
        "Severity": "OK",
        "Timestamp": "2024-02-29T19:28:31Z"
      },
      {
        "MessageArgs": [
          "rack1/chassis_u6"
        ],
        "MessageId": "H3Alert.1.2.NotBlockedByOtherDisabled",
        "Severity": "OK",
        "Timestamp": "2024-02-29T19:28:31Z"
      },
      {
        "MessageArgs": [
          "rack1/chassis_u6"
        ],
        "MessageId": "H3Alert.1.2.MgmtNetworkOk",
        "Severity": "OK",
        "Timestamp": "2024-02-29T19:28:31Z"
      },
      {
        "MessageArgs": [
          "rack1/chassis_u6"
        ],
        "MessageId": "H3Alert.1.2.MemoryConfigurationOk",
        "Severity": "OK",
        "Timestamp": "2024-02-29T19:28:31Z"
      },
      {
        "MessageArgs": [
          "rack1/chassis_u6"
        ],
        "MessageId": "H3Alert.1.2.ChassisBiosReleaseOk",
        "Severity": "OK",
        "Timestamp": "2024-02-29T19:28:31Z"
      },
      {
        "MessageArgs": [
          "rack1/chassis_u6/top_cover"
        ],
        "MessageId": "H3Alert.1.2.ChassisSecure",
        "Severity": "OK",
        "Timestamp": "2024-02-29T19:28:31Z"
      },
      {
        "MessageArgs": [
          "rack1/chassis_u6/bottom_cover"
        ],
        "MessageId": "H3Alert.1.2.ChassisSecure",
        "Severity": "OK",
        "Timestamp": "2024-02-29T19:28:31Z"
      }
    ],
    "Health": "OK",
    "HealthRollup": "OK",
    "State": "Enabled"
  },
  "ThermalSubsystem": {
    "@odata.id": "/redfish/v1/Chassis/r001u06/ThermalSubsystem"
  },
  "TrustedComponents": {
    "@odata.id": "/redfish/v1/Chassis/r001u06/TrustedComponents"
  },
  "UUID": "db2e92c2-1076-5987-b517-5413c73ad2a2"
}
