{
  "@odata.id": "/redfish/v1/Chassis/r001u06/ThermalSubsystem/Fans",
  "@odata.type": "#FanCollection.FanCollection",
  "Members": [
    {
      "@odata.id": "/redfish/v1/Chassis/r001u06/ThermalSubsystem/Fans/ChassisFan0"
    },
    {
      "@odata.id": "/redfish/v1/Chassis/r001u06/ThermalSubsystem/Fans/HarpFan0"
    },
    {
      "@odata.id": "/redfish/v1/Chassis/r001u06/ThermalSubsystem/Fans/ChassisFan1"
    },
    {
      "@odata.id": "/redfish/v1/Chassis/r001u06/ThermalSubsystem/Fans/HarpFan1"
    },
    {
      "@odata.id": "/redfish/v1/Chassis/r001u06/ThermalSubsystem/Fans/ChassisFan2"
    },
    {
      "@odata.id": "/redfish/v1/Chassis/r001u06/ThermalSubsystem/Fans/ChassisFan3"
    },
    {
      "@odata.id": "/redfish/v1/Chassis/r001u06/ThermalSubsystem/Fans/ChassisFan4"
    },
    {
      "@odata.id": "/redfish/v1/Chassis/r001u06/ThermalSubsystem/Fans/ChassisFan5"
    },
    {
      "@odata.id": "/redfish/v1/Chassis/r001u06/ThermalSubsystem/Fans/ChassisFan6"
    },
    {
      "@odata.id": "/redfish/v1/Chassis/r001u06/ThermalSubsystem/Fans/ChassisFan7"
    }
  ],
  "Members@odata.count": 10,
  "Name": "r001u06 Fan Collection"
}
