{
  "@odata.id": "/redfish/v1/Chassis/r001u01/PCIeDevices/OCP/PCIeFunctions/NetworkDevice",
  "@odata.type": "#PCIeFunction.v1_5_0.PCIeFunction",
  "Id": "NetworkDevice",
  "Links": {
    "Drives": [],
    "NetworkDeviceFunctions": [
      {
        "@odata.id": "/redfish/v1/Chassis/r001u01/NetworkAdapters/Ocp/NetworkDeviceFunctions/OcpPort1"
      },
      {
        "@odata.id": "/redfish/v1/Chassis/r001u01/NetworkAdapters/Ocp/NetworkDeviceFunctions/OcpPort2"
      },
      {
        "@odata.id": "/redfish/v1/Chassis/r001u01/NetworkAdapters/Ocp/NetworkDeviceFunctions/OcpPort3"
      },
      {
        "@odata.id": "/redfish/v1/Chassis/r001u01/NetworkAdapters/Ocp/NetworkDeviceFunctions/OcpPort4"
      }
    ],
    "NetworkDeviceFunctions@odata.count": 4,
    "PCIeDevice": {
      "@odata.id": "/redfish/v1/Chassis/r001u01/PCIeDevices/OCP"
    }
  },
  "Name": "PCIe Function rack1/chassis_u1/cpu0/ocp_slot1",
  "Status": {
    "Health": "OK",
    "HealthRollup": "OK",
    "State": "Enabled"
  }
}
