{
    "@odata.etag": "\"35fe04536d3c04f729dff47cc3d012fe\"",
    "@odata.id": "/redfish/v1/Chassis/r001u06/PCIeDevices/9",
    "@odata.type": "#PCIeDevice.v1_12_0.PCIeDevice",
    "Assembly": {
        "@odata.id": "/redfish/v1/Chassis/r001u06/PCIeDevices/9/Assembly"
    },
    "FirmwareVersion": "9.09.20 (d0d5)",
    "Id": "9",
    "Manufacturer": "Hewlett Packard Enterprise",
    "Model": "HPE SN1700Q 64Gb 1P HBA",
    "Name": "PCIe Device rack1/chassis_u6/cpu2/io_slot9",
    "Oem": {
        "Hpe": {
            "@odata.type": "#HpeH3PcieDevice.v1_0_0.HpeH3PcieDevice",
            "PhysicalLocationString": "rack1/chassis_u6/cpu2/io_slot9",
            "Physloc": "0009000106000105"
        }
    },
    "PCIeFunctions": {
        "@odata.id": "/redfish/v1/Chassis/r001u06/PCIeDevices/9/PCIeFunctions"
    },
    "PartNumber": "P43137-001",
    "SKU": "R7N86A",
    "SerialNumber": "MY53022667",
    "Slot": {
        "Location": {
            "PartLocation": {
                "ServiceLabel": "rack1/chassis_u6/cpu2/io_slot9"
            },
            "Placement": {
                "Rack": "1",
                "RackOffset": 6,
                "RackOffsetUnits": "EIA_310"
            }
        }
    },
    "SparePartNumber": "P43137-001",
    "Status": {
        "Conditions": [
            {
                "MessageArgs": [
                    "rack1/chassis_u6/cpu2/io_slot9"
                ],
                "MessageId": "H3Alert.1.2.ResourceReallocated",
                "Severity": "OK",
                "Timestamp": "2024-04-03T18:44:27Z"
            },
            {
                "MessageArgs": [
                    "rack1/chassis_u6/cpu2/io_slot9"
                ],
                "MessageId": "H3Alert.1.2.ResourceReconfigured",
                "Severity": "OK",
                "Timestamp": "2024-04-03T18:44:27Z"
            },
            {
                "MessageArgs": [
                    "rack1/chassis_u6/cpu2/io_slot9"
                ],
                "MessageId": "H3Alert.1.2.ResourceAcquitted",
                "Severity": "OK",
                "Timestamp": "2024-04-03T18:44:27Z"
            },
            {
                "MessageArgs": [
                    "rack1/chassis_u6/cpu2/io_slot9"
                ],
                "MessageId": "H3Alert.1.2.LinkUp",
                "Severity": "OK",
                "Timestamp": "2024-04-08T14:47:49Z"
            },
            {
                "MessageArgs": [
                    "rack1/chassis_u6/cpu2/io_slot9"
                ],
                "MessageId": "H3Alert.1.2.PcieErrorIsolationExited",
                "Severity": "OK",
                "Timestamp": "2024-04-03T18:44:27Z"
            },
            {
                "MessageArgs": [
                    "rack1/chassis_u6/cpu2/io_slot9"
                ],
                "MessageId": "H3Alert.1.2.PcieCardHasCpu",
                "Severity": "OK",
                "Timestamp": "2024-04-03T18:44:27Z"
            },
            {
                "MessageArgs": [
                    "rack1/chassis_u6/cpu2/io_slot9"
                ],
                "MessageId": "H3Alert.1.2.PciePerformanceOk",
                "Severity": "OK",
                "Timestamp": "2024-04-03T18:44:27Z"
            },
            {
                "MessageArgs": [
                    "rack1/chassis_u6/cpu2/io_slot9"
                ],
                "MessageId": "H3Alert.1.2.NotBlockedByOtherDisabled",
                "Severity": "OK",
                "Timestamp": "2024-04-03T18:44:27Z"
            },
            {
                "MessageArgs": [
                    "rack1/chassis_u6/cpu2/io_slot9"
                ],
                "MessageId": "H3Alert.1.2.PcieLinkTrainingOk",
                "Severity": "OK",
                "Timestamp": "2024-04-03T18:44:27Z"
            },
            {
                "MessageArgs": [
                    "rack1/chassis_u6/cpu2/io_slot9"
                ],
                "MessageId": "H3Alert.1.2.ABMCPowerOnSuccess",
                "Severity": "OK",
                "Timestamp": "2024-04-03T18:44:27Z"
            },
            {
                "MessageArgs": [
                    "rack1/chassis_u6/cpu2/io_slot9"
                ],
                "MessageId": "H3Alert.1.2.ABMCReady",
                "Severity": "OK",
                "Timestamp": "2024-04-03T18:44:27Z"
            }
        ],
        "Health": "OK",
        "HealthRollup": "OK",
        "State": "Enabled"
    }
}